[3.8507487773895264, 0.3309859037399292]	171814.0,194.0,6.9,11.0,1101.0,123.0,1688.0,0.7755664678458796	 0.5394872146431754,0.33390705679862304,0.696,0.45454545454545453,0.5888767720828789,0.33098591549295775,0.46236559139784944,0.6052042208285539	 50 R1: 0 10 7 0  R2: 0 3 1 4 3 9 0  R3: 0 5 9 0  R4: 0 1 3 1 5 1 8 1 8 5 7 6 8 1 0  R5: 0 6 1 9 11 9 7 0  R6: 0 10 5 10 2 7 8 6 9 1 9 10 3 6 7 10 6 4 2 7 3 1 6 5 10 0  R7: 0 6 10 0  R8: 0 11 2 7 6 2 11 5 1 6 8 9 10 6 2 6 0  R9: 0 10 1 0  R10: 0 4 3 2 3 5 7 5 1 6 8 3 9 4 10 0  R11: 0 8 1 0  
[3.921225070953369, 0.5704225301742554]	169522.0,198.0,6.9,11.0,1080.0,157.0,1679.0,0.779165799875182	 0.5002056625762665,0.3407917383820998,0.832,0.45454545454545453,0.5659760087241004,0.5704225352112676,0.4485407066052227,0.6186061931734952	 50 R1: 0 9 5 1 8 1 9 7 6 10 6 4 8 1 8 1 5 3 0  R2: 0 3 9 0  R3: 0 5 8 1 8 1 9 0  R4: 0 2 8 0  R5: 0 1 5 10 0  R6: 0 10 1 3 7 4 8 9 6 1 3 10 5 7 5 1 10 1 3 2 6 10 0  R7: 0 2 1 2 9 5 8 11 6 0  R8: 0 11 7 5 1 2 6 10 9 7 3 11 5 8 4 7 6 3 4 0  R9: 0 2 9 0  R10: 0 2 6 0  R11: 0 4 3 0  
[4.22946310043335, 0.3380281627178192]	167830.0,221.0,6.9,12.0,949.0,124.0,1866.0,0.8015128968253968	 0.4712072393226846,0.3803786574870912,0.872,0.5454545454545454,0.42311886586695746,0.3380281690140845,0.7357910906298003,0.7018147365582933	 50 R1: 0 9 10 11 2 8 6 0  R2: 0 10 7 0  R3: 0 5 9 0  R4: 0 3 9 0  R5: 0 1 5 1 10 2 9 3 2 5 6 1 4 0  R6: 0 10 6 0  R7: 0 7 11 7 2 0  R8: 0 2 1 8 5 1 6 8 6 4 3 10 3 4 0  R9: 0 8 1 8 1 8 5 3 9 7 5 10 6 5 1 10 8 1 3 7 0  R10: 0 6 10 0  R11: 0 2 6 4 0  R12: 0 9 5 1 9 8 1 2 6 10 6 7 4 3 1 5 9 10 11 0  
[4.0737104415893555, 0.5422534942626953]	174978.0,221.0,6.9,12.0,1196.0,153.0,1590.0,0.7978599310094409	 0.5937135805854528,0.3803786574870912,0.752,0.5454545454545454,0.6924754634678298,0.5422535211267606,0.3118279569892473,0.6882130609018392	 50 R1: 0 9 5 6 7 2 8 6 4 8 1 10 1 5 0  R2: 0 5 1 0  R3: 0 5 9 7 2 8 6 0  R4: 0 3 1 5 1 8 3 9 6 1 4 3 7 10 0  R5: 0 10 6 0  R6: 0 11 6 0  R7: 0 9 7 0  R8: 0 1 4 0  R9: 0 7 3 0  R10: 0 5 10 2 11 8 6 9 7 10 5 1 9 3 2 9 5 1 10 1 3 4 6 10 7 11 0  R11: 0 2 8 2 6 1 3 8 1 5 9 7 6 4 8 3 0  R12: 0 2 6 0  
[3.6669626235961914, 0.35915493965148926]	158096.0,180.0,6.9,10.0,977.0,127.0,1794.0,0.7862896825396826	 0.30438061287447726,0.3098106712564544,0.824,0.36363636363636365,0.4536532170119956,0.3591549295774648,0.6251920122887865,0.6451316922608211	 50 R1: 0 9 5 7 4 2 8 9 6 10 3 10 4 0  R2: 0 10 7 0  R3: 0 3 9 0  R4: 0 1 5 1 7 2 9 3 2 11 5 6 4 9 7 5 7 0  R5: 0 10 6 0  R6: 0 5 1 0  R7: 0 11 8 1 8 7 6 0  R8: 0 5 2 5 9 1 5 1 6 8 9 3 6 3 4 10 6 11 7 10 1 6 3 10 0  R9: 0 2 6 0  R10: 0 9 5 6 2 8 1 7 6 4 10 8 1 8 1 5 3 0  
[3.862349033355713, 0.5352112650871277]	165915.0,223.0,6.9,10.0,1083.0,152.0,1706.0,0.7612421750076549	 0.43838691986014944,0.3838209982788296,0.856,0.36363636363636365,0.569247546346783,0.5352112676056338,0.49001536098310294,0.551868275459842	 50 R1: 0 9 5 9 7 2 9 11 5 1 2 6 4 7 10 6 8 10 0  R2: 0 5 11 7 6 1 10 8 7 2 9 10 6 0  R3: 0 3 9 5 7 5 2 9 8 1 11 6 1 3 6 5 7 4 10 8 1 8 1 5 3 0  R4: 0 1 3 5 0  R5: 0 1 3 4 0  R6: 0 10 6 0  R7: 0 2 5 0  R8: 0 2 5 1 8 1 0  R9: 0 8 6 0  R10: 0 9 5 2 4 8 7 10 6 3 10 4 7 3 10 1 0  
[4.296661376953125, 0.40140846371650696]	176857.0,270.0,6.9,11.0,1036.0,133.0,1819.0,0.7778949797622399	 0.6259169123191883,0.46471600688468157,0.792,0.45454545454545453,0.5179934569247546,0.4014084507042254,0.663594470046083,0.6138743440774989	 50 R1: 0 3 9 0  R2: 0 8 3 0  R3: 0 11 6 10 1 3 4 0  R4: 0 5 9 2 9 0  R5: 0 1 5 2 1 5 1 8 6 8 3 4 3 0  R6: 0 10 6 0  R7: 0 9 7 6 4 10 6 8 3 10 1 0  R8: 0 11 7 8 2 5 7 8 2 9 5 7 1 6 7 3 4 8 0  R9: 0 5 1 5 9 7 3 8 10 6 3 2 6 4 7 0  R10: 0 8 1 0  R11: 0 9 5 9 2 7 11 5 1 10 2 6 1 6 10 5 0  
[3.071690320968628, 0.5070422291755676]	158654.0,104.0,6.9,8.0,1035.0,148.0,1639.0,0.7489268207282913	 0.31394392267087134,0.17900172117039587,0.744,0.18181818181818182,0.5169029443838604,0.5070422535211268,0.3870967741935484,0.5060125344149753	 50 R1: 0 3 9 1 3 8 4 5 6 10 11 1 3 8 5 6 5 1 2 4 8 3 6 7 0  R2: 0 7 2 5 9 1 0  R3: 0 2 5 1 8 9 8 6 1 4 3 2 8 9 6 7 3 4 1 5 0  R4: 0 6 10 0  R5: 0 11 8 2 5 7 5 9 7 8 1 7 10 11 0  R6: 0 10 1 0  R7: 0 5 10 6 0  R8: 0 9 2 9 10 3 9 4 10 6 8 3 6 10 1 7 0  
[3.0157649517059326, 0.5422534942626953]	161297.0,84.0,6.9,10.0,1053.0,153.0,1596.0,0.7547326516076516	 0.3592411050935765,0.14457831325301204,0.536,0.36363636363636365,0.5365321701199564,0.5422535211267606,0.3210445468509985,0.5276303191181201	 50 R1: 0 9 6 4 3 2 8 1 10 8 7 3 1 0  R2: 0 5 1 0  R3: 0 3 9 1 3 8 4 5 6 10 11 1 3 8 5 6 5 7 1 2 4 3 6 1 5 10 0  R4: 0 8 3 0  R5: 0 8 2 9 2 5 7 1 8 7 1 10 6 0  R6: 0 2 1 2 9 5 8 0  R7: 0 10 6 4 1 0  R8: 0 3 4 0  R9: 0 5 10 6 5 7 11 7 8 6 9 2 0  R10: 0 9 11 2 9 7 0  
[3.4292969703674316, 0.47183099389076233]	163881.0,96.0,6.9,9.0,819.0,143.0,1852.0,0.8081723027375202	 0.40352711318297113,0.16523235800344235,0.784,0.2727272727272727,0.2813522355507088,0.47183098591549294,0.7142857142857143,0.726610774584636	 50 R1: 0 3 9 2 5 7 9 2 6 8 10 4 3 7 9 7 0  R2: 0 1 3 1 8 5 1 8 9 11 3 6 7 2 5 10 6 4 9 8 3 7 0  R3: 0 10 6 0  R4: 0 6 9 11 10 0  R5: 0 11 7 0  R6: 0 5 1 4 3 8 1 2 5 1 7 2 8 5 1 10 6 2 6 4 1 0  R7: 0 2 9 0  R8: 0 6 10 0  R9: 0 9 6 2 8 3 4 1 10 6 8 7 3 1 5 10 0  
[3.3418474197387695, 0.6760563254356384]	158243.0,166.0,6.9,8.0,932.0,172.0,1780.0,0.7751483585858586	 0.30689997943374236,0.2857142857142857,0.784,0.18181818181818182,0.40458015267175573,0.676056338028169,0.6036866359447005,0.6036474073158392	 50 R1: 0 3 9 2 5 7 9 2 6 8 10 4 3 7 9 7 6 5 1 6 8 3 10 4 0  R2: 0 11 6 0  R3: 0 1 3 1 8 5 2 9 5 1 6 8 10 1 10 6 7 3 2 6 10 0  R4: 0 10 6 0  R5: 0 11 7 8 1 6 9 5 9 11 7 5 7 1 10 2 1 6 1 5 0  R6: 0 3 4 2 8 9 8 1 0  R7: 0 5 1 4 3 10 0  R8: 0 2 9 0  
[3.840055227279663, 0.6338028311729431]	171600.0,165.0,6.9,10.0,838.0,166.0,1879.0,0.8227738095238095	 0.5358195653664222,0.28399311531841653,0.776,0.36363636363636365,0.302071973827699,0.6338028169014085,0.7557603686635944,0.7809789152705204	 50 R1: 0 9 5 7 1 10 0  R2: 0 3 9 2 5 7 9 2 6 8 10 4 3 7 9 7 6 5 1 6 8 3 10 4 0  R3: 0 1 3 0  R4: 0 1 5 1 3 0  R5: 0 10 6 5 1 10 1 5 1 8 11 6 9 11 2 8 4 7 3 0  R6: 0 11 8 1 2 6 1 5 3 5 7 10 6 4 8 1 6 1 10 5 0  R7: 0 10 1 0  R8: 0 2 9 0  R9: 0 2 6 0  R10: 0 9 2 6 10 8 1 2 9 0  
[3.223151206970215, 0.38732394576072693]	168487.0,220.0,6.9,7.0,1115.0,131.0,1692.0,0.6704636400014552	 0.48246726537327755,0.37865748709122204,0.528,0.09090909090909091,0.604143947655398,0.3873239436619718,0.4685099846390169,0.2138579430529228	 50 R1: 0 9 6 9 10 2 8 9 8 3 1 10 11 0  R2: 0 3 1 4 3 8 1 8 10 5 1 9 7 0  R3: 0 1 3 5 1 5 1 2 8 11 6 8 1 5 10 6 9 2 6 4 0  R4: 0 7 11 7 8 6 2 8 3 4 0  R5: 0 5 10 2 5 6 2 9 0  R6: 0 9 5 1 3 7 10 2 5 6 7 3 1 6 10 5 0  R7: 0 4 3 9 7 5 7 6 4 10 1 8 3 0  
[3.1192069053649902, 0.4507042169570923]	153468.0,53.0,6.9,10.0,1019.0,140.0,1612.0,0.7702083333333334	 0.22506341262768217,0.09122203098106713,0.824,0.36363636363636365,0.4994547437295529,0.4507042253521127,0.3456221198156682,0.5852534160756128	 50 R1: 0 3 1 3 8 5 8 1 9 5 4 7 1 3 5 1 4 2 6 7 1 5 4 0  R2: 0 6 8 0  R3: 0 10 6 0  R4: 0 3 6 7 10 0  R5: 0 7 2 0  R6: 0 2 5 11 2 9 2 5 7 0  R7: 0 8 10 11 6 8 1 9 6 7 10 6 7 3 4 0  R8: 0 5 1 10 1 8 4 0  R9: 0 6 10 0  R10: 0 9 6 9 10 2 8 9 1 10 8 3 11 1 10 0  
[4.233463764190674, 0.4647887349128723]	176603.0,179.0,6.9,13.0,936.0,142.0,1819.0,0.8189102564102564	 0.6215637211215466,0.3080895008605852,0.776,0.6363636363636364,0.4089422028353326,0.4647887323943662,0.663594470046083,0.7665931260297633	 50 R1: 0 9 10 9 3 4 11 0  R2: 0 8 3 0  R3: 0 10 6 1 4 0  R4: 0 1 8 0  R5: 0 8 2 6 10 7 3 6 7 5 2 9 8 7 10 6 4 1 3 0  R6: 0 2 5 7 5 1 2 0  R7: 0 3 10 0  R8: 0 5 10 0  R9: 0 9 2 0  R10: 0 3 1 3 5 8 1 9 8 5 7 4 1 3 5 1 6 2 7 6 1 5 10 0  R11: 0 11 6 8 10 1 6 4 10 8 6 1 0  R12: 0 2 9 8 7 0  R13: 0 11 2 9 7 0  
[3.8167178630828857, 0.39436620473861694]	167911.0,121.0,6.9,11.0,845.0,132.0,1862.0,0.809962966990479	 0.47259546171248373,0.2082616179001721,0.832,0.45454545454545453,0.30970556161395857,0.39436619718309857,0.7296466973886329,0.7332782430487443	 50 R1: 0 5 1 0  R2: 0 3 9 5 10 5 2 9 8 1 6 1 6 10 3 4 2 9 0  R3: 0 11 6 0  R4: 0 1 3 5 1 8 0  R5: 0 1 3 4 0  R6: 0 10 6 0  R7: 0 7 11 2 8 6 7 0  R8: 0 2 8 1 5 6 2 5 7 1 2 9 7 10 5 1 10 8 1 7 0  R9: 0 6 4 2 6 0  R10: 0 9 10 9 11 3 10 6 4 2 8 3 1 6 10 7 5 0  R11: 0 4 8 1 3 10 6 7 8 3 0  
[4.608729362487793, 0.49295774102211]	175337.0,282.0,6.9,14.0,1049.0,146.0,1805.0,0.8299610805860806	 0.5998663193254268,0.4853700516351119,0.792,0.7272727272727273,0.5321701199563795,0.49295774647887325,0.642089093701997,0.8077404385831733	 50 R1: 0 9 11 10 6 0  R2: 0 1 3 5 1 8 1 2 6 8 3 6 7 5 9 7 5 1 7 2 8 6 10 3 0  R3: 0 6 1 6 10 8 1 0  R4: 0 10 6 0  R5: 0 1 5 0  R6: 0 2 5 0  R7: 0 3 10 0  R8: 0 10 6 4 1 0  R9: 0 5 1 3 5 10 8 9 2 5 1 9 3 4 2 6 10 6 8 1 9 11 6 4 10 0  R10: 0 3 9 0  R11: 0 7 2 0  R12: 0 11 2 7 8 5 10 7 6 2 9 8 0  R13: 0 7 3 0  R14: 0 4 3 0  
[4.2679829597473145, 0.47887325286865234]	170902.0,235.0,6.9,13.0,1123.0,144.0,1686.0,0.8151260504201681	 0.5238568588469185,0.4044750430292599,0.816,0.6363636363636364,0.6128680479825518,0.4788732394366197,0.4592933947772657,0.7525027827066566	 50 R1: 0 9 10 4 3 9 7 0  R2: 0 1 5 1 3 5 1 2 6 8 9 10 7 10 6 5 10 6 8 1 4 6 1 5 10 11 0  R3: 0 6 1 5 7 2 3 5 9 10 1 4 7 0  R4: 0 1 8 1 8 1 8 6 0  R5: 0 10 6 0  R6: 0 8 1 0  R7: 0 9 11 10 6 3 2 8 5 1 6 8 3 7 10 4 0  R8: 0 3 9 2 5 2 9 0  R9: 0 7 2 0  R10: 0 11 7 0  R11: 0 7 3 0  R12: 0 5 1 0  R13: 0 2 6 0  
[4.2278337478637695, 0.6338028311729431]	167875.0,287.0,6.9,12.0,1221.0,166.0,1618.0,0.7698477965747703	 0.4719784739836841,0.4939759036144578,0.872,0.5454545454545454,0.7197382769901853,0.6338028169014085,0.3548387096774194,0.5839109715252739	 50 R1: 0 3 9 0  R2: 0 5 1 5 1 8 9 6 1 3 6 0  R3: 0 11 6 0  R4: 0 1 10 3 2 5 6 0  R5: 0 5 7 0  R6: 0 2 5 0  R7: 0 7 11 2 8 5 1 8 1 6 7 10 6 0  R8: 0 5 1 5 10 8 1 8 1 6 3 6 10 2 9 7 10 6 4 8 7 8 6 1 5 10 3 0  R9: 0 2 9 0  R10: 0 2 6 0  R11: 0 9 10 9 7 4 3 2 9 5 1 6 10 1 3 10 4 11 0  R12: 0 8 1 0  
[4.268711566925049, 0.44366195797920227]	171038.0,271.0,6.9,10.0,1005.0,139.0,1845.0,0.7967296388252271	 0.5261877013779392,0.4664371772805508,0.928,0.36363636363636365,0.4841875681570338,0.44366197183098594,0.7035330261136713,0.6840044620642731	 50 R1: 0 10 7 9 10 0  R2: 0 5 8 1 9 6 8 5 7 2 6 7 10 8 10 1 0  R3: 0 3 9 5 1 5 1 8 9 6 1 3 6 10 2 6 5 1 6 7 3 10 1 5 9 4 0  R4: 0 1 5 2 5 3 0  R5: 0 1 3 4 7 2 0  R6: 0 10 6 0  R7: 0 6 10 9 3 4 11 0  R8: 0 11 2 7 2 5 11 8 1 5 6 7 10 6 8 1 8 6 3 10 9 0  R9: 0 2 6 0  R10: 0 4 3 9 7 0  
[3.7707810401916504, 0.31690141558647156]	172519.0,253.0,6.9,9.0,1147.0,121.0,1703.0,0.7545804504137837	 0.5515698909988346,0.4354561101549053,0.632,0.2727272727272727,0.6390403489640131,0.31690140845070425,0.48540706605222733,0.5270636039124992	 50 R1: 0 9 10 9 2 7 10 11 8 2 6 4 0  R2: 0 3 9 2 11 5 7 8 6 1 4 3 0  R3: 0 1 5 1 5 3 9 2 10 6 11 7 5 2 6 10 9 10 1 0  R4: 0 6 1 5 3 5 6 7 5 1 8 1 8 6 10 3 4 0  R5: 0 10 5 10 1 7 5 9 1 8 6 1 9 2 3 9 6 10 7 6 7 3 1 5 10 4 8 0  R6: 0 8 1 0  R7: 0 5 1 0  R8: 0 8 1 0  R9: 0 2 9 0  
[3.3173794746398926, 0.4225352108478546]	153034.0,91.0,6.9,12.0,831.0,136.0,1842.0,0.8283099241158451	 0.21762528278604237,0.1566265060240964,0.576,0.5454545454545454,0.29443838604143946,0.4225352112676056,0.6989247311827957,0.8015924219036574	 50 R1: 0 5 9 1 8 0  R2: 0 3 9 1 3 11 5 7 2 6 5 6 1 8 9 1 7 4 0  R3: 0 2 8 0  R4: 0 10 5 6 10 8 1 0  R5: 0 2 7 2 9 8 1 11 5 4 3 1 5 6 7 5 1 2 6 4 0  R6: 0 6 10 0  R7: 0 7 3 0  R8: 0 10 1 8 3 0  R9: 0 3 4 0  R10: 0 8 6 0  R11: 0 2 9 0  R12: 0 9 10 9 2 7 10 11 6 4 10 8 3 6 1 5 10 0  
[4.3277130126953125, 0.7605633735656738]	164668.0,347.0,6.9,11.0,1036.0,184.0,1845.0,0.7973798297661934	 0.41701515047645166,0.5972461273666093,0.84,0.45454545454545453,0.5179934569247546,0.7605633802816901,0.7035330261136713,0.6864254226588561	 50 R1: 0 9 5 7 8 1 2 9 10 6 8 1 3 10 0  R2: 0 10 6 10 7 0  R3: 0 3 9 2 5 9 1 8 0  R4: 0 1 3 5 0  R5: 0 10 6 0  R6: 0 9 7 0  R7: 0 3 4 6 3 5 7 0  R8: 0 7 2 5 1 8 6 11 1 2 6 7 8 9 6 4 2 1 5 6 10 0  R9: 0 11 7 0  R10: 0 10 1 0  R11: 0 5 1 3 8 1 2 9 5 1 9 11 3 4 6 5 1 2 7 8 10 6 10 4 3 0  
[3.2871882915496826, 0.6549295783042908]	156764.0,157.0,6.9,9.0,1029.0,169.0,1677.0,0.7068569094304389	 0.28155206690889145,0.270223752151463,0.8,0.2727272727272727,0.5103598691384951,0.6549295774647887,0.445468509984639,0.34936686150181856	 50 R1: 0 9 5 10 9 7 2 8 5 1 7 11 3 6 10 0  R2: 0 3 1 5 9 11 7 3 10 0  R3: 0 10 6 0  R4: 0 7 2 9 0  R5: 0 2 5 9 1 5 1 8 6 11 6 0  R6: 0 1 4 0  R7: 0 8 1 8 2 6 1 5 3 7 6 4 10 8 0  R8: 0 9 10 6 10 7 3 2 10 9 1 6 8 1 3 4 0  R9: 0 4 8 9 5 7 1 10 2 6 1 3 5 0  
[4.114235877990723, 0.26760563254356384]	173363.0,174.0,6.9,12.0,1037.0,114.0,1741.0,0.8084001068376069	 0.5660348255295812,0.29948364888123924,0.832,0.5454545454545454,0.5190839694656488,0.2676056338028169,0.543778801843318,0.7274589942611125	 50 R1: 0 3 1 5 9 11 7 3 10 6 9 10 1 7 2 5 9 8 2 1 5 6 7 10 0  R2: 0 11 6 4 8 1 6 3 8 1 4 10 0  R3: 0 10 6 0  R4: 0 2 5 0  R5: 0 2 1 5 8 1 8 6 5 3 9 7 6 10 6 0  R6: 0 1 4 5 7 2 9 0  R7: 0 3 4 0  R8: 0 10 1 8 3 0  R9: 0 6 4 0  R10: 0 8 1 0  R11: 0 2 9 0  R12: 0 9 5 10 9 7 2 8 5 1 11 7 3 6 10 0  
[4.335892677307129, 0.42957746982574463]	175343.0,294.0,6.9,11.0,1158.0,137.0,1717.0,0.7854055258467023	 0.59996915061356,0.5060240963855421,0.832,0.45454545454545453,0.6510359869138496,0.4295774647887324,0.5069124423963134,0.6418395693192728	 50 R1: 0 10 7 0  R2: 0 3 1 5 9 11 7 3 10 6 9 10 1 7 2 5 9 8 2 1 5 6 7 10 0  R3: 0 11 6 4 8 1 6 3 8 1 4 10 6 10 0  R4: 0 2 8 0  R5: 0 10 6 0  R6: 0 7 1 8 2 0  R7: 0 2 5 2 5 1 8 6 5 1 3 9 7 6 10 6 0  R8: 0 1 4 0  R9: 0 7 6 4 3 0  R10: 0 8 1 8 2 5 7 9 3 4 1 5 1 11 10 8 3 10 1 0  R11: 0 9 2 0  
[3.776839256286621, 0.4577464759349823]	163483.0,185.0,6.9,10.0,982.0,141.0,1780.0,0.8112882226469182	 0.39670597107013095,0.31841652323580033,0.824,0.36363636363636365,0.45910577971646677,0.45774647887323944,0.6036866359447005,0.7382127807665715	 50 R1: 0 5 1 8 9 8 6 1 3 6 3 4 5 1 0  R2: 0 3 9 0  R3: 0 1 5 10 2 8 1 2 6 10 7 6 5 8 2 1 9 6 7 3 10 4 0  R4: 0 10 1 3 7 5 6 8 1 9 10 11 2 7 10 5 7 8 2 3 6 1 5 10 4 0  R5: 0 11 7 0  R6: 0 10 1 0  R7: 0 5 7 1 0  R8: 0 9 11 9 7 6 4 10 6 8 1 8 3 0  R9: 0 2 9 0  R10: 0 4 3 0  
[3.8258821964263916, 0.591549277305603]	167017.0,195.0,6.9,10.0,969.0,160.0,1784.0,0.7985838174982912	 0.4572735997806266,0.33562822719449226,0.816,0.36363636363636365,0.44492911668484186,0.5915492957746479,0.6098310291858678,0.690908423992954	 50 R1: 0 9 5 1 2 10 8 6 7 6 10 1 3 4 10 0  R2: 0 5 2 9 5 1 6 8 9 3 7 10 11 10 6 7 8 1 3 4 0  R3: 0 3 9 0  R4: 0 11 6 0  R5: 0 1 5 10 6 1 8 3 2 5 10 7 6 10 8 1 9 7 0  R6: 0 2 5 7 2 0  R7: 0 11 7 0  R8: 0 5 1 3 8 1 8 9 6 4 3 6 1 5 1 10 2 8 3 6 7 0  R9: 0 2 9 0  R10: 0 6 1 10 5 0  
[4.494345188140869, 0.1267605572938919]	181271.0,106.0,6.9,15.0,808.0,94.0,1922.0,0.8689835858585858	 0.7015664632892301,0.18244406196213425,0.832,0.8181818181818182,0.2693565976008724,0.1267605633802817,0.8218125960061444,0.9530392140878609	 50 R1: 0 1 3 5 0  R2: 0 1 3 0  R3: 0 10 6 0  R4: 0 9 7 5 7 0  R5: 0 5 7 4 3 0  R6: 0 1 4 0  R7: 0 5 2 5 9 1 8 10 6 9 10 3 6 8 1 5 1 6 7 3 4 6 10 0  R8: 0 2 9 0  R9: 0 9 5 1 2 7 10 6 10 6 4 8 1 3 10 0  R10: 0 3 9 0  R11: 0 2 8 0  R12: 0 2 5 6 1 6 8 1 10 0  R13: 0 7 2 0  R14: 0 11 7 5 1 8 10 11 9 7 3 6 2 9 11 10 8 3 1 5 4 0  R15: 0 2 6 0  
[3.36940598487854, 0.35915493965148926]	162600.0,107.0,6.9,9.0,827.0,127.0,1871.0,0.7853930161710482	 0.3815726331665181,0.18416523235800344,0.712,0.2727272727272727,0.2900763358778626,0.3591549295774648,0.7434715821812596,0.6417929900301725	 50 R1: 0 9 10 11 6 8 1 0  R2: 0 3 9 5 10 0  R3: 0 1 3 5 1 9 5 1 6 2 10 7 3 5 7 8 10 6 7 3 1 5 0  R4: 0 1 3 11 7 4 0  R5: 0 10 6 2 5 8 1 0  R6: 0 7 2 9 8 1 8 6 5 7 3 4 0  R7: 0 2 6 0  R8: 0 9 5 6 2 9 1 2 9 5 10 8 6 4 1 3 10 11 0  R9: 0 4 3 9 5 6 4 7 10 8 1 6 3 10 0  
[3.869518995285034, 0.6056337952613831]	167683.0,252.0,6.9,11.0,1330.0,162.0,1478.0,0.7341616716616717	 0.4686878727634195,0.43373493975903615,0.8,0.45454545454545453,0.8386041439476554,0.6056338028169014,0.13978494623655913,0.4510350780845226	 50 R1: 0 3 5 9 5 1 8 1 6 9 5 1 3 10 7 5 7 6 8 7 3 1 10 0  R2: 0 1 3 5 0  R3: 0 10 6 1 4 3 0  R4: 0 7 2 9 0  R5: 0 2 5 0  R6: 0 11 7 5 8 2 6 5 7 4 3 1 0  R7: 0 3 2 5 8 2 1 8 6 3 4 9 10 0  R8: 0 8 6 0  R9: 0 6 4 0  R10: 0 9 11 0  R11: 0 9 10 11 6 8 1 9 10 6 2 10 1 3 7 1 5 10 4 0  
[3.9781596660614014, 0.42957746982574463]	175422.0,187.0,6.9,11.0,959.0,137.0,1809.0,0.8061747129681912	 0.6013230959073147,0.3218588640275387,0.712,0.45454545454545453,0.4340239912758997,0.4295774647887324,0.6482334869431644,0.71917282703572	 50 R1: 0 8 3 0  R2: 0 3 9 5 1 8 1 10 6 9 5 1 3 6 7 8 10 7 3 1 5 6 2 0  R3: 0 11 9 11 6 0  R4: 0 2 9 7 8 0  R5: 0 1 3 5 0  R6: 0 6 1 0  R7: 0 10 6 1 3 4 0  R8: 0 7 5 9 5 1 2 10 7 4 3 5 2 5 1 7 8 3 6 1 9 10 0  R9: 0 2 5 2 9 0  R10: 0 11 7 8 1 8 5 6 8 3 4 10 6 4 1 2 6 4 7 0  R11: 0 10 1 0  
[3.8089966773986816, 0.30985915660858154]	169666.0,134.0,6.9,12.0,949.0,120.0,1783.0,0.8348178341384863	 0.502673613491465,0.2306368330464716,0.664,0.5454545454545454,0.42311886586695746,0.30985915492957744,0.6082949308755761,0.8258243708977344	 50 R1: 0 5 1 0  R2: 0 5 11 8 9 2 11 7 9 1 3 5 6 4 7 8 1 8 3 11 0  R3: 0 3 9 5 1 8 10 1 6 9 5 8 3 6 7 10 1 6 7 3 2 6 10 0  R4: 0 6 1 5 2 9 7 8 0  R5: 0 10 1 3 5 2 6 9 10 7 4 3 2 5 1 9 6 2 4 6 1 5 0  R6: 0 7 2 0  R7: 0 2 5 0  R8: 0 6 10 0  R9: 0 8 1 0  R10: 0 1 4 0  R11: 0 10 1 0  R12: 0 8 6 0  
[4.227470874786377, 0.5422534942626953]	170735.0,295.0,6.9,11.0,1056.0,153.0,1804.0,0.819828722002635	 0.5209947213272091,0.5077452667814114,0.744,0.45454545454545453,0.5398037077426391,0.5422535211267606,0.6405529953917051,0.7700129968192954	 50 R1: 0 3 9 2 1 5 1 2 6 10 7 6 5 3 6 10 5 1 8 7 3 1 5 0  R2: 0 1 3 5 8 9 1 8 1 9 5 7 8 1 7 6 2 10 2 6 8 3 4 0  R3: 0 6 1 0  R4: 0 10 6 0  R5: 0 7 2 0  R6: 0 3 4 0  R7: 0 5 1 5 9 11 7 8 3 11 6 2 9 4 5 7 8 10 1 3 6 10 0  R8: 0 9 11 2 9 10 6 0  R9: 0 2 9 0  R10: 0 8 1 0  R11: 0 4 3 0  
[4.680156707763672, 0.4577464759349823]	182476.0,285.0,6.9,14.0,1028.0,141.0,1834.0,0.8162269278340707	 0.722218413655995,0.4905335628227194,0.728,0.7272727272727273,0.5092693565976009,0.45774647887323944,0.6866359447004609,0.7566018567948988	 50 R1: 0 8 3 6 10 0  R2: 0 5 9 0  R3: 0 1 10 6 3 0  R4: 0 8 2 1 8 0  R5: 0 3 9 7 6 4 0  R6: 0 10 6 4 1 0  R7: 0 5 1 5 9 8 1 8 6 1 3 7 2 10 6 4 7 2 6 3 9 0  R8: 0 9 11 0  R9: 0 2 11 7 2 5 11 5 1 6 9 7 0  R10: 0 9 2 9 10 0  R11: 0 3 9 2 1 5 1 8 6 10 7 6 3 6 10 5 1 5 7 1 8 3 1 5 10 0  R12: 0 1 5 0  R13: 0 7 2 0  R14: 0 4 3 0  
[4.655272483825684, 0.5281690359115601]	175962.0,378.0,6.9,11.0,1164.0,151.0,1781.0,0.7807449494949494	 0.610577911839309,0.6506024096385542,0.896,0.45454545454545453,0.6575790621592148,0.528169014084507,0.6052227342549923,0.6244860951554054	 50 R1: 0 10 7 5 7 0  R2: 0 3 9 0  R3: 0 1 3 5 9 0  R4: 0 10 6 0  R5: 0 2 7 2 9 5 8 11 6 1 2 8 5 1 0  R6: 0 8 1 0  R7: 0 11 7 0  R8: 0 7 3 0  R9: 0 5 1 5 9 1 8 1 2 5 1 6 3 2 9 5 7 10 2 6 4 1 5 0  R10: 0 9 4 7 9 3 6 7 6 10 1 8 4 6 3 11 10 0  R11: 0 8 5 1 6 9 10 3 6 3 8 10 6 8 1 3 4 10 2 0  
[3.7478511333465576, 0.47887325286865234]	169204.0,147.0,6.9,10.0,886.0,144.0,1835.0,0.8178583477925583	 0.49475560430520327,0.25301204819277107,0.776,0.36363636363636365,0.3544165757906216,0.4788732394366197,0.6881720430107527,0.762676385343151	 50 R1: 0 10 7 6 10 0  R2: 0 5 1 2 9 6 8 5 1 7 2 6 8 6 4 10 1 0  R3: 0 3 9 0  R4: 0 11 6 0  R5: 0 1 5 3 7 2 0  R6: 0 6 1 4 8 3 10 6 1 6 4 0  R7: 0 10 5 1 3 5 6 8 1 9 2 9 11 7 10 5 7 1 4 7 3 6 1 5 10 0  R8: 0 2 8 11 7 2 5 1 3 9 7 2 9 6 8 1 8 3 0  R9: 0 3 4 0  R10: 0 2 6 0  
[4.2688069343566895, 0.5]	183519.0,27.0,6.9,15.0,561.0,147.0,2037.0,0.8815957190957191	 0.7400939192431617,0.04647160068846816,0.784,0.8181818181818182,0.0,0.5,0.9984639016897081,1.0	 50 R1: 0 1 3 0  R2: 0 6 1 6 10 9 5 7 0  R3: 0 10 6 5 10 7 1 2 9 6 8 5 1 7 2 6 8 6 4 10 1 3 6 1 5 10 0  R4: 0 2 5 9 5 1 2 5 0  R5: 0 3 4 0  R6: 0 9 11 2 9 0  R7: 0 9 11 2 3 7 6 10 5 1 0  R8: 0 10 7 9 10 0  R9: 0 3 9 0  R10: 0 1 5 1 3 4 0  R11: 0 11 7 8 1 0  R12: 0 7 3 0  R13: 0 6 4 2 6 0  R14: 0 8 1 0  R15: 0 4 8 3 1 10 6 8 1 3 0  
[4.267560005187988, 0.23943662643432617]	176984.0,219.0,6.9,11.0,1064.0,110.0,1763.0,0.7858838383838384	 0.6280935079180092,0.3769363166953528,0.896,0.45454545454545453,0.5485278080697928,0.23943661971830985,0.5775729646697388,0.6436205473848553	 50 R1: 0 3 9 0  R2: 0 1 3 1 5 1 2 6 10 7 6 10 5 7 10 6 8 6 7 8 4 6 10 3 0  R3: 0 6 5 9 4 11 9 1 10 6 7 2 3 6 0  R4: 0 1 3 11 7 4 8 6 0  R5: 0 10 6 0  R6: 0 7 2 8 1 0  R7: 0 8 1 0  R8: 0 5 2 5 9 2 9 10 9 11 6 3 4 10 0  R9: 0 8 1 0  R10: 0 9 5 1 2 3 6 2 5 1 9 10 1 3 1 5 7 10 8 0  R11: 0 8 1 0  
[2.975126266479492, 0.6619718074798584]	159330.0,172.0,6.9,9.0,1081.0,170.0,1639.0,0.7586649425852212	 0.32552958113388636,0.29604130808950085,0.368,0.2727272727272727,0.5670665212649946,0.6619718309859155,0.3870967741935484,0.5422720511130048	 50 R1: 0 3 9 1 3 5 1 2 5 6 4 6 10 8 9 7 10 6 4 7 10 3 10 6 1 10 0  R2: 0 10 6 5 2 1 2 9 5 10 8 5 7 0  R3: 0 5 1 0  R4: 0 3 6 0  R5: 0 7 8 2 6 9 1 5 8 3 4 10 1 2 8 1 8 3 0  R6: 0 11 7 8 1 10 11 6 7 9 2 5 7 9 11 8 0  R7: 0 8 6 0  R8: 0 6 2 6 1 5 4 0  R9: 0 4 3 0  
[3.552584171295166, 0.5985915660858154]	165573.0,167.0,6.9,11.0,1085.0,161.0,1639.0,0.8035521885521886	 0.4325255364365531,0.2874354561101549,0.616,0.45454545454545453,0.5714285714285714,0.5985915492957746,0.3870967741935484,0.7094079597183771	 50 R1: 0 9 11 4 3 2 8 5 1 10 8 3 1 6 0  R2: 0 10 7 0  R3: 0 3 9 1 3 5 1 2 5 6 4 6 10 9 7 10 6 4 10 6 7 3 1 6 10 5 0  R4: 0 10 5 10 2 8 1 8 9 2 5 7 1 8 5 7 6 1 10 2 3 10 1 6 0  R5: 0 1 8 0  R6: 0 9 7 0  R7: 0 7 11 7 2 0  R8: 0 3 4 0  R9: 0 8 6 8 9 11 2 9 0  R10: 0 6 4 0  R11: 0 2 9 0  
[4.039677619934082, 0.38732394576072693]	163610.0,225.0,6.9,12.0,1002.0,131.0,1810.0,0.8173914241622575	 0.39888256666895183,0.387263339070568,0.76,0.5454545454545454,0.48091603053435117,0.3873239436619718,0.6497695852534562,0.7609378134277105	 50 R1: 0 9 5 10 8 2 1 8 9 2 7 6 1 5 0  R2: 0 3 9 0  R3: 0 6 1 0  R4: 0 1 5 0  R5: 0 10 1 3 8 5 1 2 10 5 6 10 9 7 6 10 6 4 10 6 7 1 6 10 3 4 0  R6: 0 1 8 0  R7: 0 3 10 0  R8: 0 11 7 0  R9: 0 5 10 2 5 7 8 1 6 8 9 11 2 0  R10: 0 8 6 0  R11: 0 2 9 0  R12: 0 9 11 2 4 3 6 3 5 1 7 4 8 1 3 0  
[4.457374095916748, 0.7042253613471985]	177495.0,208.0,6.9,14.0,954.0,176.0,1796.0,0.8384111721611722	 0.6368513059573593,0.35800344234079173,0.84,0.7272727272727273,0.42857142857142855,0.704225352112676,0.6282642089093702,0.839204024792959	 50 R1: 0 1 3 0  R2: 0 2 1 5 1 8 1 6 9 3 10 2 6 5 7 5 1 10 6 4 1 6 10 8 0  R3: 0 6 10 4 3 2 3 9 4 7 8 3 0  R4: 0 5 7 0  R5: 0 5 10 1 5 6 8 9 2 11 6 3 5 1 0  R6: 0 8 6 0  R7: 0 9 11 7 10 0  R8: 0 2 9 0  R9: 0 9 5 10 2 8 1 9 7 6 10 6 8 1 3 1 5 10 4 0  R10: 0 3 9 0  R11: 0 1 5 1 4 0  R12: 0 7 2 0  R13: 0 11 7 0  R14: 0 2 6 0  
[2.951732873916626, 0.7253521084785461]	152225.0,121.0,6.9,8.0,908.0,179.0,1752.0,0.7628093839031339	 0.2037601974360732,0.2082616179001721,0.656,0.18181818181818182,0.37840785169029445,0.7253521126760564,0.5606758832565284,0.5577037166208583	 50 R1: 0 6 8 10 4 3 6 2 3 4 7 8 6 8 3 1 4 0  R2: 0 3 9 1 3 11 2 9 7 4 11 6 0  R3: 0 1 3 2 1 5 1 8 9 6 1 9 10 2 6 5 1 10 4 7 3 1 5 10 9 11 0  R4: 0 7 10 0  R5: 0 5 1 8 9 5 7 10 6 1 2 6 0  R6: 0 5 10 6 7 5 9 2 0  R7: 0 8 1 8 1 2 5 0  R8: 0 6 10 0  
[3.259838819503784, 0.5281690359115601]	153543.0,104.0,6.9,10.0,976.0,151.0,1695.0,0.8051709401709402	 0.22634880372934804,0.17900172117039587,0.76,0.36363636363636365,0.4525627044711014,0.528169014084507,0.4731182795698925,0.7154353181980121	 50 R1: 0 6 8 10 4 3 6 2 3 4 8 9 6 8 3 1 4 7 10 0  R2: 0 3 1 3 11 2 9 2 5 11 6 1 8 1 9 6 4 10 6 2 7 6 1 5 10 0  R3: 0 5 1 0  R4: 0 2 5 0  R5: 0 1 4 1 5 1 8 9 5 9 10 1 7 5 7 10 2 7 3 0  R6: 0 5 7 0  R7: 0 10 1 0  R8: 0 5 10 6 7 5 9 2 0  R9: 0 9 11 0  R10: 0 8 1 0  
[3.5595242977142334, 0.5352112650871277]	160631.0,63.0,6.9,11.0,779.0,152.0,1850.0,0.8117728032201716	 0.3478268321107836,0.10843373493975904,0.888,0.45454545454545453,0.23773173391494,0.5352112676056338,0.7112135176651305,0.740017097620023	 50 R1: 0 9 10 0  R2: 0 6 8 10 4 3 6 2 3 4 8 9 6 8 3 1 4 7 10 0  R3: 0 3 9 2 11 5 1 2 5 6 1 6 10 9 7 10 6 4 0  R4: 0 10 6 0  R5: 0 1 3 5 1 8 9 1 0  R6: 0 10 6 0  R7: 0 8 1 0  R8: 0 7 3 0  R9: 0 5 7 9 11 1 0  R10: 0 5 10 1 4 7 2 3 9 0  R11: 0 9 11 2 6 8 1 5 1 7 10 2 1 6 1 5 10 0  
[3.6999669075012207, 0.30985915660858154]	167749.0,72.0,6.9,13.0,870.0,120.0,1800.0,0.818482905982906	 0.46981901693288547,0.12392426850258176,0.68,0.6363636363636364,0.33696837513631406,0.30985915492957744,0.6344086021505376,0.7650019033911396	 50 R1: 0 5 1 8 9 8 6 5 7 0  R2: 0 1 10 6 3 7 2 9 5 0  R3: 0 1 4 3 0  R4: 0 1 5 0  R5: 0 10 1 0  R6: 0 9 11 2 8 0  R7: 0 9 10 6 10 8 2 9 1 6 4 8 3 7 6 10 1 0  R8: 0 3 5 9 2 8 5 2 5 1 4 3 6 3 4 10 6 0  R9: 0 11 6 0  R10: 0 11 7 5 1 6 9 10 8 7 10 5 1 7 0  R11: 0 7 3 0  R12: 0 6 4 8 3 0  R13: 0 2 6 0  
[4.316755294799805, 0.3380281627178192]	179457.0,231.0,6.9,11.0,1056.0,124.0,1769.0,0.8195487483530962	 0.6704771371769384,0.39759036144578314,0.848,0.45454545454545453,0.5398037077426391,0.3380281690140845,0.5867895545314901,0.768970525861383	 50 R1: 0 6 8 5 7 4 3 0  R2: 0 3 9 0  R3: 0 5 1 5 1 9 8 9 11 10 2 9 6 10 8 7 3 1 6 10 5 4 0  R4: 0 1 3 2 5 8 2 5 1 6 9 3 4 10 11 5 1 6 10 3 10 1 4 0  R5: 0 10 6 0  R6: 0 7 2 9 0  R7: 0 8 1 5 7 0  R8: 0 11 7 0  R9: 0 5 1 0  R10: 0 5 1 5 9 8 1 8 6 10 7 3 6 7 2 9 1 10 2 8 3 6 4 0  R11: 0 8 1 0  
[3.715580701828003, 0.5211267471313477]	169092.0,127.0,6.9,11.0,1121.0,150.0,1574.0,0.7556732740943267	 0.49283608692671554,0.21858864027538727,0.896,0.45454545454545453,0.6106870229007634,0.5211267605633803,0.2872503840245776,0.5311326902388787	 50 R1: 0 5 1 0  R2: 0 5 7 1 8 1 9 2 0  R3: 0 6 8 5 7 4 3 1 5 6 10 7 3 1 5 6 4 0  R4: 0 3 5 1 3 8 4 10 1 6 10 9 1 2 8 9 6 4 0  R5: 0 1 5 3 0  R6: 0 10 6 0  R7: 0 2 5 0  R8: 0 3 10 6 10 0  R9: 0 11 2 9 2 5 10 11 9 6 11 7 10 0  R10: 0 9 2 9 10 8 9 1 5 1 10 2 8 3 1 6 7 0  R11: 0 8 1 0  
[4.4189133644104, 0.577464759349823]	182349.0,282.0,6.9,12.0,1313.0,158.0,1529.0,0.7818555627379157	 0.7200418180571742,0.4853700516351119,0.848,0.5454545454545454,0.8200654307524536,0.5774647887323944,0.21812596006144394,0.6286214202232192	 50 R1: 0 3 1 3 9 0  R2: 0 2 8 0  R3: 0 1 5 2 5 11 5 9 2 11 1 8 5 1 6 7 0  R4: 0 10 6 0  R5: 0 7 1 2 8 6 9 3 6 3 4 5 7 1 2 8 3 10 6 11 0  R6: 0 6 4 0  R7: 0 5 10 7 0  R8: 0 5 1 5 4 8 3 6 1 5 10 6 1 7 8 5 1 6 4 10 3 1 5 10 9 0  R9: 0 8 1 0  R10: 0 9 2 0  R11: 0 8 1 0  R12: 0 4 3 9 2 9 10 6 7 10 1 6 10 3 0  
[4.732881546020508, 0.42957746982574463]	176434.0,412.0,6.9,11.0,1247.0,137.0,1746.0,0.7789956132470954	 0.6186673065057928,0.7091222030981067,0.872,0.45454545454545453,0.7480916030534351,0.4295774647887324,0.5514592933947773,0.6179725099054537	 50 R1: 0 3 1 3 9 2 8 5 1 9 8 2 11 5 1 2 8 6 10 9 3 0  R2: 0 10 6 0  R3: 0 9 7 0  R4: 0 7 2 5 1 2 11 6 3 10 7 5 6 10 7 0  R5: 0 2 1 5 8 0  R6: 0 3 10 0  R7: 0 5 10 7 4 3 4 0  R8: 0 10 1 0  R9: 0 5 1 5 4 11 7 6 8 6 1 2 8 6 10 6 7 3 1 5 4 9 0  R10: 0 6 8 1 4 0  R11: 0 8 1 8 1 9 2 9 10 0  
[3.9099223613739014, 0.577464759349823]	176656.0,157.0,6.9,12.0,962.0,158.0,1755.0,0.8371922348484848	 0.6224720641667238,0.270223752151463,0.632,0.5454545454545454,0.4372955288985823,0.5774647887323944,0.565284178187404,0.8346653592789526	 50 R1: 0 9 10 0  R2: 0 3 1 3 9 2 8 5 1 9 8 2 11 5 1 2 8 6 10 9 3 0  R3: 0 7 10 5 7 0  R4: 0 10 6 2 7 5 9 2 6 2 11 5 4 7 3 10 6 8 7 10 1 3 4 0  R5: 0 9 7 0  R6: 0 3 1 5 10 0  R7: 0 11 7 8 1 6 1 6 10 0  R8: 0 1 5 10 4 1 5 1 8 10 7 3 6 2 8 0  R9: 0 6 4 0  R10: 0 8 1 0  R11: 0 9 2 0  R12: 0 8 1 0  
[3.3683199882507324, 0.591549277305603]	163069.0,171.0,6.9,10.0,1127.0,160.0,1602.0,0.7332615546218487	 0.38961061218893533,0.2943201376936317,0.64,0.36363636363636365,0.6172300981461287,0.5915492957746479,0.3302611367127496,0.4476835274143679	 50 R1: 0 3 9 1 3 4 5 11 7 8 6 1 4 3 8 9 0  R2: 0 10 5 2 7 2 9 2 5 11 10 6 8 7 10 1 0  R3: 0 1 5 1 8 1 0  R4: 0 9 2 9 5 1 2 8 3 7 6 0  R5: 0 7 10 1 6 10 3 0  R6: 0 3 4 0  R7: 0 5 7 1 2 8 0  R8: 0 6 4 0  R9: 0 8 1 0  R10: 0 9 10 9 2 3 11 5 6 10 7 8 1 3 1 5 10 6 4 0  
[3.398228883743286, 0.7253521084785461]	162997.0,46.0,6.9,11.0,836.0,179.0,1749.0,0.8361742424242424	 0.3883766367313361,0.07917383820998279,0.784,0.45454545454545453,0.2998909487459106,0.7253521126760564,0.5560675883256528,0.8308749042150722	 50 R1: 0 3 1 3 5 11 7 8 1 6 9 4 3 10 5 7 5 11 6 8 1 8 1 5 3 0  R2: 0 6 8 5 7 0  R3: 0 2 8 0  R4: 0 1 8 5 1 8 5 1 6 0  R5: 0 2 7 2 9 5 2 10 7 6 10 8 1 7 10 6 4 10 1 3 5 6 10 0  R6: 0 1 4 8 1 0  R7: 0 7 3 0  R8: 0 5 10 6 0  R9: 0 2 9 0  R10: 0 2 6 4 0  R11: 0 9 2 11 6 3 9 7 4 0  
[3.7001235485076904, 0.5845070481300354]	163561.0,101.0,6.9,12.0,921.0,159.0,1739.0,0.8174969806763285	 0.39804277781586345,0.1738382099827883,0.832,0.5454545454545454,0.3925845147219193,0.5845070422535211,0.5407066052227343,0.7613308489884453	 50 R1: 0 3 1 3 5 11 7 8 1 6 9 4 3 10 5 7 5 11 6 8 1 8 1 5 3 0  R2: 0 6 8 5 7 2 8 1 6 0  R3: 0 11 6 0  R4: 0 10 6 0  R5: 0 2 5 2 9 0  R6: 0 6 10 0  R7: 0 1 5 7 1 8 10 4 2 10 7 0  R8: 0 3 9 4 7 0  R9: 0 10 1 0  R10: 0 6 4 0  R11: 0 2 9 0  R12: 0 8 5 1 2 9 2 8 1 7 5 10 6 10 6 4 7 2 3 10 6 10 0  
[2.8421790599823, 0.7605633735656738]	152905.0,197.0,6.9,8.0,1131.0,184.0,1600.0,0.725094696969697	 0.21541441009117707,0.33907056798623064,0.432,0.18181818181818182,0.6215921483097055,0.7605633802816901,0.3271889400921659,0.41727455166326904	 50 R1: 0 5 1 2 10 5 7 8 1 0  R2: 0 3 1 3 5 11 7 8 1 6 9 4 3 10 5 7 5 11 6 8 1 8 1 5 3 0  R3: 0 11 5 1 7 3 4 7 10 6 0  R4: 0 10 6 2 1 2 9 8 5 0  R5: 0 1 5 7 8 2 6 8 6 10 1 2 9 6 7 8 6 2 6 10 4 0  R6: 0 7 3 0  R7: 0 10 1 3 10 0  R8: 0 9 2 0  
[3.8877856731414795, 0.44366195797920227]	176547.0,242.0,6.9,9.0,978.0,139.0,1843.0,0.7747266717518434	 0.6206039624323028,0.4165232358003442,0.648,0.2727272727272727,0.4547437295528899,0.44366197183098594,0.7004608294930875,0.602077272845974	 50 R1: 0 5 1 8 9 0  R2: 0 3 9 2 7 2 5 2 5 6 1 9 11 2 8 9 8 1 0  R3: 0 6 8 6 10 4 3 0  R4: 0 10 1 3 6 5 0  R5: 0 11 7 8 1 10 5 11 8 1 5 7 5 1 6 10 6 3 4 1 6 10 0  R6: 0 5 1 10 2 5 1 8 3 5 1 3 6 7 10 9 4 7 8 1 3 5 6 0  R7: 0 8 1 0  R8: 0 2 6 0  R9: 0 9 2 9 10 3 4 9 6 4 7 0  
[4.648839473724365, 0.21830986440181732]	190131.0,124.0,6.9,16.0,912.0,107.0,1823.0,0.8444010416666666	 0.8534139987660245,0.2134251290877797,0.776,0.9090909090909091,0.38276990185387133,0.21830985915492956,0.6697388632872504,0.8615070701382926	 50 R1: 0 9 10 0  R2: 0 5 1 8 9 0  R3: 0 1 5 3 0  R4: 0 7 10 0  R5: 0 10 6 0  R6: 0 1 5 0  R7: 0 3 10 0  R8: 0 8 10 5 11 6 8 1 10 7 0  R9: 0 5 1 5 3 10 9 6 8 3 2 6 8 4 0  R10: 0 2 9 0  R11: 0 3 9 2 7 2 5 2 5 6 1 9 11 9 6 10 6 4 8 1 8 3 7 0  R12: 0 11 7 0  R13: 0 7 3 0  R14: 0 8 1 8 9 5 2 1 3 5 1 7 4 10 6 1 6 10 4 0  R15: 0 2 6 0  R16: 0 4 3 0  
[3.6481988430023193, 0.8239436745643616]	155824.0,264.0,6.9,9.0,1010.0,193.0,1779.0,0.7718502054606061	 0.2654418317680126,0.45438898450946646,0.792,0.2727272727272727,0.48964013086150493,0.823943661971831,0.6021505376344086,0.5913668628664341	 50 R1: 0 8 3 0  R2: 0 3 9 2 5 9 1 8 0  R3: 0 11 6 0  R4: 0 1 5 3 0  R5: 0 7 2 9 0  R6: 0 6 10 4 3 0  R7: 0 11 5 7 2 5 9 10 9 2 8 11 1 2 6 4 0  R8: 0 5 10 1 3 8 6 8 6 1 3 2 9 6 4 8 7 3 1 5 0  R9: 0 9 10 5 1 8 1 9 7 5 10 6 1 10 1 3 10 6 10 7 2 4 0  
[3.8673148155212402, 0.51408451795578]	170772.0,111.0,6.9,13.0,921.0,149.0,1759.0,0.8262591575091576	 0.5216288476040309,0.19104991394148021,0.728,0.6363636363636364,0.3925845147219193,0.5140845070422535,0.5714285714285714,0.7939564724760957	 50 R1: 0 1 3 0  R2: 0 7 10 0  R3: 0 6 9 6 8 1 9 10 7 6 2 4 6 0  R4: 0 10 1 6 5 7 2 0  R5: 0 5 1 3 5 1 10 4 0  R6: 0 8 6 0  R7: 0 2 9 0  R8: 0 6 10 0  R9: 0 10 7 0  R10: 0 3 9 2 5 9 1 8 6 9 8 3 1 5 7 2 6 10 7 3 10 1 5 0  R11: 0 2 8 5 1 0  R12: 0 11 2 9 2 5 11 9 4 3 11 6 4 10 6 8 1 8 3 7 0  R13: 0 5 1 7 0  
[4.151200294494629, 0.5]	168416.0,283.0,6.9,11.0,1136.0,147.0,1718.0,0.7848199385155907	 0.48125042846370053,0.48709122203098104,0.808,0.45454545454545453,0.6270447110141767,0.5,0.5084485407066052,0.6396591577447879	 50 R1: 0 8 3 0  R2: 0 6 8 6 10 3 2 5 6 10 9 2 6 7 8 0  R3: 0 3 9 0  R4: 0 5 9 11 7 0  R5: 0 11 6 5 1 3 4 7 0  R6: 0 1 3 7 8 1 2 10 6 7 9 1 4 5 9 6 7 3 10 6 1 5 4 11 0  R7: 0 10 1 2 5 9 6 3 9 10 8 1 7 2 5 1 10 7 3 6 10 4 0  R8: 0 1 5 8 1 0  R9: 0 5 10 0  R10: 0 2 9 0  R11: 0 8 1 0  
[2.9273247718811035, 0.7183098793029785]	151814.0,198.0,6.9,7.0,1018.0,178.0,1720.0,0.721022866022866	 0.19671625419894426,0.3407917383820998,0.568,0.09090909090909091,0.4983642311886587,0.7183098591549296,0.511520737327189,0.4021132480384737	 50 R1: 0 6 8 6 10 3 2 6 5 9 7 8 10 3 6 1 5 10 0  R2: 0 3 9 1 4 7 5 9 3 2 5 1 4 3 9 6 7 10 6 2 6 8 3 4 0  R3: 0 1 5 1 8 1 10 9 7 5 10 7 0  R4: 0 10 6 5 10 5 2 9 0  R5: 0 5 1 0  R6: 0 2 8 11 7 5 9 11 9 6 3 4 7 1 2 8 7 3 1 10 11 0  R7: 0 8 1 0  
[3.006349802017212, 0.7323943376541138]	160274.0,37.0,6.9,10.0,767.0,180.0,1808.0,0.8139788011695906	 0.34170837046685404,0.06368330464716007,0.552,0.36363636363636365,0.22464558342420937,0.7323943661971831,0.6466973886328725,0.7482310448942456	 50 R1: 0 6 8 6 10 3 2 6 5 9 7 8 10 3 6 1 5 10 0  R2: 0 3 9 1 4 7 5 9 3 2 5 1 4 3 9 6 7 10 6 2 6 8 3 4 0  R3: 0 11 9 6 7 10 11 0  R4: 0 1 5 1 8 1 10 9 7 5 10 7 3 5 1 4 8 1 0  R5: 0 10 6 5 10 2 5 9 0  R6: 0 8 1 0  R7: 0 7 3 0  R8: 0 8 1 0  R9: 0 2 11 7 9 0  R10: 0 9 2 0  
[3.662243366241455, 0.6619718074798584]	173601.0,59.0,6.9,12.0,900.0,170.0,1707.0,0.7998906475468975	 0.5701137999588675,0.10154905335628227,0.784,0.5454545454545454,0.3696837513631407,0.6619718309859155,0.4915514592933948,0.695774354679086	 50 R1: 0 5 9 1 8 0  R2: 0 6 8 6 10 3 2 6 5 9 7 8 10 3 6 1 5 10 0  R3: 0 3 9 2 8 11 7 1 10 9 5 3 4 10 7 6 10 6 8 1 4 0  R4: 0 11 6 9 8 1 11 0  R5: 0 1 5 1 4 3 0  R6: 0 10 6 0  R7: 0 8 1 0  R8: 0 7 3 0  R9: 0 5 1 3 7 5 1 10 2 5 0  R10: 0 2 9 0  R11: 0 2 6 8 3 0  R12: 0 9 5 1 4 3 7 9 2 5 1 6 4 7 10 0  
[3.893209457397461, 0.3661971688270569]	173802.0,216.0,6.9,9.0,1120.0,128.0,1686.0,0.7422608763069289	 0.5735586481113321,0.3717728055077453,0.864,0.2727272727272727,0.6095965103598692,0.36619718309859156,0.4592933947772657,0.48119215050465036	 50 R1: 0 9 5 3 7 1 9 10 7 6 2 6 1 5 4 0  R2: 0 3 9 1 3 5 2 9 2 5 0  R3: 0 10 6 0  R4: 0 8 1 8 10 11 9 11 3 6 4 5 1 7 10 8 1 3 0  R5: 0 2 7 1 8 2 5 0  R6: 0 11 5 1 6 8 7 6 10 2 8 0  R7: 0 7 3 0  R8: 0 5 1 10 8 3 9 6 2 8 1 5 6 7 10 6 8 3 10 6 1 10 4 0  R9: 0 4 3 2 9 0  
[3.4369568824768066, 0.40140846371650696]	164379.0,91.0,6.9,10.0,864.0,133.0,1812.0,0.8173649267399268	 0.4120621100980325,0.1566265060240964,0.704,0.36363636363636365,0.33042529989094876,0.4014084507042254,0.65284178187404,0.7608391513097403	 50 R1: 0 9 10 0  R2: 0 3 9 1 3 5 9 2 5 10 6 4 8 1 2 9 6 7 8 3 10 1 4 0  R3: 0 1 8 0  R4: 0 10 5 6 10 0  R5: 0 2 7 2 5 9 6 8 9 11 2 8 0  R6: 0 11 8 7 1 8 11 5 6 10 3 5 7 5 1 4 8 3 6 10 0  R7: 0 7 3 0  R8: 0 10 1 0  R9: 0 9 5 1 3 7 9 10 7 6 2 6 4 1 5 0  R10: 0 4 3 0  
[4.001797676086426, 0.4154929518699646]	177522.0,98.0,6.9,13.0,949.0,135.0,1732.0,0.7983725338988497	 0.637314046753959,0.1686746987951807,0.808,0.6363636363636364,0.42311886586695746,0.4154929577464789,0.5299539170506913,0.6901217177559069	 50 R1: 0 1 3 7 1 8 2 5 0  R2: 0 9 2 9 10 6 10 8 3 1 7 0  R3: 0 2 5 9 8 2 5 11 5 1 3 7 6 10 4 0  R4: 0 6 10 0  R5: 0 5 7 0  R6: 0 8 6 8 1 2 8 0  R7: 0 5 10 1 3 5 6 1 4 0  R8: 0 2 9 0  R9: 0 9 10 9 2 3 10 5 6 4 7 8 1 3 1 5 10 11 0  R10: 0 3 9 0  R11: 0 11 7 0  R12: 0 7 3 0  R13: 0 4 8 1 5 1 3 6 2 6 4 6 10 0  
[3.933152198791504, 0.43661972880363464]	163207.0,275.0,6.9,10.0,1132.0,138.0,1723.0,0.7734068627450981	 0.39197573181600054,0.47332185886402756,0.792,0.36363636363636365,0.6226826608505998,0.43661971830985913,0.5161290322580645,0.5971630155157233	 50 R1: 0 3 1 4 3 11 9 7 8 10 11 7 3 4 3 6 0  R2: 0 1 3 7 1 8 2 5 9 2 9 10 3 1 6 10 11 8 1 8 3 6 4 0  R3: 0 7 2 5 9 7 2 10 6 1 5 0  R4: 0 10 6 0  R5: 0 2 5 6 1 6 10 0  R6: 0 9 7 0  R7: 0 8 1 0  R8: 0 7 3 0  R9: 0 5 2 10 5 8 1 6 8 5 7 2 8 1 9 10 6 3 4 10 6 10 1 0  R10: 0 2 9 0  
[3.4914493560791016, 0.5985915660858154]	163698.0,97.0,6.9,11.0,906.0,161.0,1748.0,0.8188011063011063	 0.40039075889490644,0.16695352839931152,0.72,0.45454545454545453,0.376226826608506,0.5985915492957746,0.554531490015361,0.7661867098579935	 50 R1: 0 3 9 1 4 3 11 7 8 6 10 7 3 1 7 8 5 10 1 2 6 4 3 10 6 10 0  R2: 0 11 9 11 3 2 9 4 6 8 1 8 3 0  R3: 0 6 9 10 8 1 9 7 0  R4: 0 1 8 0  R5: 0 7 2 5 9 2 1 5 7 2 5 6 1 7 10 1 8 1 5 4 0  R6: 0 6 10 0  R7: 0 2 5 8 1 9 8 6 0  R8: 0 7 3 0  R9: 0 5 10 6 0  R10: 0 9 2 0  R11: 0 4 3 0  
[2.698023796081543, 1.0]	155052.0,124.0,6.9,6.0,941.0,218.0,1683.0,0.7233078649745317	 0.2522108726948653,0.2134251290877797,0.64,0.0,0.4143947655398037,1.0,0.45468509984639016,0.41062135246149867	 50 R1: 0 3 9 1 4 3 11 7 8 6 10 7 3 1 7 8 5 10 1 2 6 4 3 10 6 10 0  R2: 0 11 9 11 3 2 9 4 6 8 1 8 3 0  R3: 0 6 9 10 8 1 9 7 5 7 0  R4: 0 1 8 1 2 9 2 5 4 7 2 1 6 8 7 10 1 4 1 5 3 0  R5: 0 7 2 9 0  R6: 0 5 10 6 2 5 9 5 8 1 6 10 0  
[3.4143130779266357, 0.6056337952613831]	164519.0,67.0,6.9,10.0,885.0,162.0,1738.0,0.8044003144186967	 0.41446150682114213,0.1153184165232358,0.824,0.36363636363636365,0.3533260632497274,0.6056338028169014,0.5391705069124424,0.712565923283682	 50 R1: 0 3 9 1 4 3 11 7 8 6 10 7 3 1 7 8 5 10 1 2 6 4 3 10 6 10 0  R2: 0 11 9 11 3 2 9 4 6 8 1 8 1 3 5 0  R3: 0 6 9 10 8 1 9 7 5 7 0  R4: 0 1 8 1 2 9 2 6 4 10 2 8 5 3 10 1 0  R5: 0 10 6 0  R6: 0 7 2 9 0  R7: 0 6 4 0  R8: 0 7 3 0  R9: 0 5 7 1 0  R10: 0 5 2 5 9 5 1 8 6 10 0  
[2.9886741638183594, 0.7957746386528015]	162899.0,99.0,6.9,8.0,922.0,189.0,1706.0,0.7740728362051892	 0.3866970590251594,0.1703958691910499,0.592,0.18181818181818182,0.3936750272628135,0.795774647887324,0.49001536098310294,0.599642741704345	 50 R1: 0 3 9 1 4 3 11 7 8 6 10 7 3 1 7 8 5 10 1 2 6 4 3 10 6 10 0  R2: 0 11 9 11 3 2 9 4 6 8 1 8 1 3 5 0  R3: 0 6 9 10 8 1 9 7 5 7 0  R4: 0 1 8 1 2 9 2 6 4 10 2 8 5 3 10 1 0  R5: 0 10 6 5 2 5 9 5 1 8 5 7 1 6 10 0  R6: 0 7 2 9 0  R7: 0 6 4 0  R8: 0 7 3 0  
[3.723778486251831, 0.5070422291755676]	170686.0,82.0,6.9,11.0,869.0,148.0,1783.0,0.8157691311270772	 0.5201549324741208,0.14113597246127366,0.848,0.45454545454545453,0.33587786259541985,0.5070422535211268,0.6082949308755761,0.754897268622209	 50 R1: 0 5 7 2 9 0  R2: 0 3 9 1 4 3 11 7 8 6 10 7 1 8 7 5 10 1 6 4 10 2 6 3 10 6 1 10 0  R3: 0 11 9 11 3 2 9 4 6 8 1 8 3 0  R4: 0 5 7 0  R5: 0 6 1 0  R6: 0 10 6 0  R7: 0 1 8 0  R8: 0 5 2 8 1 5 9 2 9 6 4 3 9 7 10 5 1 7 3 1 6 5 0  R9: 0 8 5 1 6 2 8 0  R10: 0 6 4 0  R11: 0 2 9 5 1 2 5 7 0  
[3.438225030899048, 0.6549295783042908]	164435.0,120.0,6.9,9.0,955.0,169.0,1714.0,0.7819695311074621	 0.41302186878727637,0.20654044750430292,0.832,0.2727272727272727,0.4296619411123228,0.6549295774647887,0.5023041474654378,0.6290457769995391	 50 R1: 0 3 9 1 4 3 11 7 8 6 1 8 5 4 7 10 6 10 6 3 7 2 1 6 10 5 3 4 0  R2: 0 1 7 2 9 2 10 11 6 1 9 11 9 8 5 8 1 3 10 7 0  R3: 0 10 5 10 6 0  R4: 0 6 10 8 1 5 7 5 1 0  R5: 0 2 5 9 5 1 8 9 2 6 10 3 6 2 9 4 0  R6: 0 10 1 0  R7: 0 5 1 7 2 8 0  R8: 0 6 8 4 3 0  R9: 0 8 1 0  
[4.413115978240967, 0.5422534942626953]	175212.0,233.0,6.9,13.0,1030.0,153.0,1768.0,0.8012917694091783	 0.5977240008226503,0.4010327022375215,0.88,0.6363636363636364,0.5114503816793893,0.5422535211267606,0.5852534562211982,0.7009913772536384	 50 R1: 0 10 1 6 5 9 1 8 3 4 0  R2: 0 8 1 0  R3: 0 10 1 8 3 0  R4: 0 5 10 2 5 9 2 9 0  R5: 0 2 9 0  R6: 0 9 11 6 1 4 3 7 4 5 1 8 10 3 6 10 2 1 0  R7: 0 3 9 0  R8: 0 1 5 0  R9: 0 7 2 0  R10: 0 11 8 1 7 8 9 11 10 5 6 7 0  R11: 0 5 1 7 2 8 0  R12: 0 6 4 0  R13: 0 8 5 1 6 2 10 7 3 6 9 7 10 6 4 7 2 8 1 5 3 6 0  
[4.085236549377441, 0.5422534942626953]	177519.0,173.0,6.9,11.0,827.0,153.0,1911.0,0.8326740370959739	 0.6372626311098923,0.2977624784853701,0.768,0.45454545454545453,0.2900763358778626,0.5422535211267606,0.804915514592934,0.8178420262729493	 50 R1: 0 10 6 7 1 3 4 0  R2: 0 3 9 0  R3: 0 1 5 0  R4: 0 10 1 6 5 9 1 8 3 4 8 1 3 2 8 10 6 8 1 3 10 0  R5: 0 8 1 2 5 7 1 8 1 0  R6: 0 7 2 5 1 6 8 6 10 0  R7: 0 6 4 0  R8: 0 11 7 0  R9: 0 5 2 5 9 2 9 10 9 11 9 6 7 10 5 1 2 7 3 1 5 11 0  R10: 0 6 4 2 6 0  R11: 0 4 3 9 2 7 9 10 1 8 6 10 3 0  
[3.922645092010498, 0.6126760840415955]	161220.0,286.0,6.9,9.0,1100.0,163.0,1741.0,0.7721764346764347	 0.3579214368958662,0.49225473321858865,0.896,0.2727272727272727,0.5877862595419847,0.6126760563380281,0.543778801843318,0.5925815646202742	 50 R1: 0 3 9 0  R2: 0 10 6 0  R3: 0 1 5 10 2 5 2 9 3 10 6 7 10 9 7 6 5 1 4 6 2 6 4 6 10 0  R4: 0 10 6 1 7 3 4 5 1 6 9 10 3 8 1 5 2 8 1 3 1 10 6 5 7 0  R5: 0 1 11 7 8 0  R6: 0 7 3 0  R7: 0 8 6 11 6 0  R8: 0 9 4 3 2 8 4 10 8 1 3 11 9 0  R9: 0 8 1 8 1 2 5 1 7 0  
[3.3579838275909424, 0.6126760840415955]	159900.0,164.0,6.9,8.0,896.0,163.0,1823.0,0.8035345441595442	 0.3352985535065469,0.2822719449225473,0.72,0.18181818181818182,0.3653217011995638,0.6126760563380281,0.6697388632872504,0.709342261510949	 50 R1: 0 5 1 2 5 9 10 9 11 5 7 0  R2: 0 3 9 1 5 9 2 3 9 10 5 7 1 2 7 10 6 10 6 4 10 6 2 6 4 6 10 1 8 0  R3: 0 9 7 0  R4: 0 2 5 0  R5: 0 11 7 8 1 9 11 6 8 2 1 9 0  R6: 0 5 10 6 7 5 1 9 2 6 8 6 3 4 10 3 1 5 1 6 7 3 1 10 5 4 0  R7: 0 8 1 0  R8: 0 8 1 8 3 0  
[4.124017238616943, 0.9014084339141846]	159228.0,354.0,6.9,10.0,1064.0,204.0,1804.0,0.8062241200828157	 0.32378144923562074,0.6092943201376936,0.832,0.36363636363636365,0.5485278080697928,0.9014084507042254,0.6405529953917051,0.7193567924988812	 50 R1: 0 5 9 7 2 9 6 8 10 6 4 10 7 2 6 9 3 7 8 10 3 4 0  R2: 0 3 9 0  R3: 0 10 6 0  R4: 0 1 5 10 6 1 8 1 2 5 11 6 5 7 1 2 8 3 10 1 0  R5: 0 8 1 0  R6: 0 1 5 0  R7: 0 3 6 3 4 0  R8: 0 8 1 0  R9: 0 5 1 2 5 10 11 7 3 9 1 9 2 9 10 5 7 5 1 2 6 3 10 6 10 4 11 0  R10: 0 8 1 0  
[4.0069475173950195, 0.2957746386528015]	172300.0,193.0,6.9,13.0,1096.0,118.0,1697.0,0.7989666224580018	 0.5478165489819703,0.33218588640275387,0.632,0.6363636363636364,0.5834242093784079,0.29577464788732394,0.47619047619047616,0.6923337833212351	 50 R1: 0 5 2 9 0  R2: 0 1 5 1 5 3 8 6 1 8 9 2 8 4 0  R3: 0 6 1 5 7 2 9 0  R4: 0 1 5 1 8 0  R5: 0 10 1 0  R6: 0 5 2 7 8 10 2 9 1 9 10 6 10 4 3 4 7 5 7 10 6 8 3 1 6 2 5 10 0  R7: 0 8 6 0  R8: 0 9 3 9 6 11 7 6 8 3 4 0  R9: 0 10 11 6 7 8 1 0  R10: 0 3 10 9 6 11 7 0  R11: 0 7 3 0  R12: 0 5 1 0  R13: 0 2 6 0  
[4.158039569854736, 0.39436620473861694]	177047.0,186.0,6.9,12.0,941.0,132.0,1831.0,0.7988516865079365	 0.6291732364434085,0.32013769363166955,0.768,0.5454545454545454,0.4143947655398037,0.39436619718309857,0.6820276497695853,0.6919058237966138	 50 R1: 0 9 5 7 8 1 5 1 10 2 6 4 7 6 10 0  R2: 0 5 9 7 2 8 6 8 2 8 1 0  R3: 0 3 9 1 5 0  R4: 0 10 1 4 6 3 0  R5: 0 2 10 5 7 0  R6: 0 6 11 6 3 4 10 2 9 0  R7: 0 11 7 0  R8: 0 7 3 0  R9: 0 5 2 1 5 1 8 9 5 1 3 6 9 2 6 4 8 1 8 7 1 5 10 3 0  R10: 0 9 4 7 10 3 10 6 10 1 3 11 10 0  R11: 0 8 1 0  R12: 0 2 9 0  
[4.5657172203063965, 0.5352112650871277]	190700.0,198.0,6.9,13.0,1074.0,152.0,1690.0,0.8045253241741537	 0.8631658325906629,0.3407917383820998,0.896,0.6363636363636364,0.559432933478735,0.5352112676056338,0.46543778801843316,0.7130313922295426	 50 R1: 0 9 11 9 2 6 2 9 8 10 8 1 11 0  R2: 0 5 9 0  R3: 0 1 3 7 2 0  R4: 0 6 1 0  R5: 0 10 1 5 6 0  R6: 0 2 1 2 9 5 2 10 7 6 10 3 6 4 5 8 10 7 3 1 6 10 0  R7: 0 8 1 0  R8: 0 5 1 5 4 3 9 10 8 5 7 6 0  R9: 0 9 5 1 2 7 10 5 1 7 0  R10: 0 3 9 0  R11: 0 11 7 0  R12: 0 6 4 0  R13: 0 8 5 8 6 8 4 1 9 7 6 10 6 3 2 8 1 5 4 6 3 0  
[4.389113903045654, 0.38732394576072693]	182713.0,173.0,6.9,13.0,927.0,131.0,1833.0,0.8204802142302142	 0.7262802495372592,0.2977624784853701,0.824,0.6363636363636364,0.39912758996728465,0.3873239436619718,0.685099846390169,0.772438802703798	 50 R1: 0 9 10 3 6 7 10 5 1 7 0  R2: 0 5 9 5 1 0  R3: 0 1 3 0  R4: 0 2 1 2 9 2 5 6 1 6 10 3 4 8 6 4 10 2 1 6 10 0  R5: 0 5 1 5 3 8 1 9 5 10 7 8 1 4 0  R6: 0 8 6 8 4 3 0  R7: 0 9 11 9 2 6 2 9 8 10 8 1 11 1 5 7 6 0  R8: 0 3 10 9 6 7 2 0  R9: 0 1 5 0  R10: 0 11 7 0  R11: 0 7 3 0  R12: 0 6 8 4 3 10 0  R13: 0 8 1 0  
[3.8844153881073, 0.5352112650871277]	166091.0,209.0,6.9,11.0,1063.0,152.0,1712.0,0.7740727799384216	 0.4414033043120587,0.35972461273666095,0.808,0.45454545454545453,0.5474372955288986,0.5352112676056338,0.49923195084485406,0.5996425321972317	 50 R1: 0 9 5 1 2 9 10 6 8 4 10 1 6 10 7 0  R2: 0 5 9 7 2 0  R3: 0 3 9 1 5 3 11 7 2 5 0  R4: 0 7 10 0  R5: 0 10 6 0  R6: 0 2 1 2 5 1 6 8 9 3 4 11 10 6 0  R7: 0 7 3 0  R8: 0 5 1 3 8 1 8 4 6 11 8 2 9 1 6 10 0  R9: 0 9 10 6 7 3 10 5 1 7 5 1 2 6 3 1 5 10 4 0  R10: 0 8 1 8 3 0  R11: 0 4 3 0  
[4.0980963706970215, 0.18309858441352844]	181114.0,49.0,6.9,14.0,885.0,102.0,1780.0,0.8385981577945864	 0.6988757112497429,0.08433734939759036,0.792,0.7272727272727273,0.3533260632497274,0.18309859154929578,0.6036866359447005,0.8399002585017461	 50 R1: 0 5 9 0  R2: 0 1 3 1 11 7 8 10 6 1 9 3 6 11 7 5 0  R3: 0 1 4 3 2 9 0  R4: 0 10 5 2 7 5 9 2 10 9 11 10 6 2 5 7 5 1 8 7 2 6 1 3 5 0  R5: 0 8 1 0  R6: 0 10 1 3 10 6 10 0  R7: 0 3 4 0  R8: 0 8 6 5 6 10 7 2 9 8 0  R9: 0 9 5 1 2 4 9 7 10 6 10 6 3 8 1 3 4 0  R10: 0 5 1 0  R11: 0 3 9 0  R12: 0 2 5 0  R13: 0 6 4 0  R14: 0 8 1 0  
[4.137765407562256, 0.6408450603485107]	172469.0,181.0,6.9,14.0,975.0,167.0,1757.0,0.8324192176870748	 0.550712963597724,0.31153184165232356,0.696,0.7272727272727273,0.4514721919302072,0.6408450704225352,0.5683563748079877,0.8168932161483993	 50 R1: 0 5 9 2 5 9 2 9 5 7 3 10 2 1 6 8 1 8 3 9 0  R2: 0 10 6 0  R3: 0 1 5 3 0  R4: 0 9 7 0  R5: 0 2 5 7 2 8 10 6 7 8 1 0  R6: 0 3 2 4 8 0  R7: 0 10 1 0  R8: 0 5 1 3 1 8 10 9 1 11 6 1 9 11 7 4 6 2 7 3 10 6 10 4 0  R9: 0 3 10 6 9 0  R10: 0 6 8 0  R11: 0 5 7 5 1 0  R12: 0 11 7 0  R13: 0 6 4 2 1 5 6 0  R14: 0 4 3 0  
[4.258472919464111, 0.3239436745643616]	177844.0,140.0,6.9,13.0,929.0,122.0,1807.0,0.8358428430543815	 0.6428326592171111,0.24096385542168675,0.856,0.6363636363636364,0.40130861504907306,0.323943661971831,0.6451612903225806,0.829640951594461	 50 R1: 0 1 3 1 8 5 1 0  R2: 0 1 3 11 7 8 1 10 6 7 4 3 1 0  R3: 0 10 6 0  R4: 0 10 1 0  R5: 0 5 2 5 9 2 9 10 9 5 7 3 2 1 6 9 8 1 8 3 10 4 0  R6: 0 6 10 0  R7: 0 6 2 5 9 8 1 7 5 7 10 6 11 2 6 3 1 10 5 4 0  R8: 0 3 9 0  R9: 0 11 6 0  R10: 0 2 8 0  R11: 0 5 1 0  R12: 0 7 8 2 8 1 6 10 3 9 7 4 0  R13: 0 7 3 0  
[4.353895664215088, 0.2112676054239273]	173622.0,193.0,6.9,12.0,829.0,106.0,1976.0,0.8607624831309042	 0.5704737094673339,0.33218588640275387,0.848,0.5454545454545454,0.29225736095965105,0.2112676056338028,0.9047619047619048,0.9224282589149743	 50 R1: 0 9 10 0  R2: 0 3 9 0  R3: 0 1 3 1 8 5 1 8 10 11 7 3 6 7 10 6 4 10 6 2 8 1 3 5 6 0  R4: 0 1 5 9 2 9 10 9 5 1 3 2 9 7 8 10 1 3 4 10 6 10 0  R5: 0 6 1 9 11 8 1 5 1 0  R6: 0 10 6 0  R7: 0 7 2 0  R8: 0 2 5 9 8 1 6 2 5 7 4 3 5 7 8 4 7 3 0  R9: 0 6 10 0  R10: 0 11 7 0  R11: 0 6 4 0  R12: 0 8 1 0  
[3.9492881298065186, 0.3732394278049469]	171329.0,149.0,6.9,11.0,884.0,129.0,1854.0,0.8135199040090344	 0.5311750188524028,0.25645438898450945,0.824,0.45454545454545453,0.35223555070883317,0.3732394366197183,0.717357910906298,0.7465223592256609	 50 R1: 0 3 9 1 3 4 11 5 1 7 2 5 6 10 1 2 8 6 7 10 1 4 0  R2: 0 1 3 1 8 1 8 6 5 6 1 3 7 6 5 10 1 8 2 6 1 5 0  R3: 0 10 6 2 5 9 0  R4: 0 9 2 9 7 0  R5: 0 7 2 9 0  R6: 0 7 3 0  R7: 0 5 10 0  R8: 0 8 6 11 6 8 1 0  R9: 0 6 4 8 3 0  R10: 0 9 10 9 10 3 11 5 7 10 8 1 3 6 4 10 2 0  R11: 0 4 3 0  
[3.150144577026367, 0.7464788556098938]	156966.0,44.0,6.9,9.0,793.0,182.0,1787.0,0.7932336182336183	 0.2850140536093782,0.0757314974182444,0.856,0.2727272727272727,0.2529989094874591,0.7464788732394366,0.6144393241167435,0.6709871658257909	 50 R1: 0 3 9 1 3 4 11 5 1 7 2 5 6 10 1 2 8 7 9 6 10 1 4 1 5 0  R2: 0 6 8 6 9 3 5 7 10 6 11 2 6 4 0  R3: 0 11 6 0  R4: 0 1 2 9 8 9 2 1 4 7 10 3 0  R5: 0 10 6 0  R6: 0 9 7 0  R7: 0 3 8 1 6 5 1 7 8 3 6 10 1 4 0  R8: 0 5 2 7 5 9 10 2 10 9 7 10 0  R9: 0 8 1 0  
[2.960089683532715, 0.7112675905227661]	155514.0,40.0,6.9,9.0,823.0,177.0,1758.0,0.7747800402212167	 0.26012888188112704,0.06884681583476764,0.728,0.2727272727272727,0.2857142857142857,0.7112676056338029,0.5698924731182796,0.6022759882589479	 50 R1: 0 5 9 0  R2: 0 3 9 1 3 4 11 5 1 7 2 5 6 10 1 2 8 7 9 6 10 1 4 1 5 0  R3: 0 6 8 6 9 3 5 7 10 6 11 2 6 4 6 10 0  R4: 0 11 10 8 1 9 7 10 6 5 1 7 3 0  R5: 0 7 1 2 9 8 0  R6: 0 2 8 1 8 9 2 9 4 3 6 1 10 5 0  R7: 0 3 10 0  R8: 0 5 10 6 0  R9: 0 8 1 8 3 0  
[3.8050131797790527, 0.577464759349823]	158900.0,157.0,6.9,12.0,883.0,158.0,1834.0,0.8413938492063492	 0.3181600054843354,0.270223752151463,0.792,0.5454545454545454,0.3511450381679389,0.5774647887323944,0.6866359447004609,0.8503099063698527	 50 R1: 0 10 7 0  R2: 0 3 9 1 3 4 11 5 1 7 2 5 6 10 1 2 7 9 10 6 8 1 6 1 5 3 10 0  R3: 0 2 5 0  R4: 0 7 3 0  R5: 0 10 1 0  R6: 0 3 4 0  R7: 0 5 10 6 5 9 7 1 2 6 9 10 11 8 7 10 5 7 1 2 6 3 10 0  R8: 0 8 6 0  R9: 0 9 11 3 6 0  R10: 0 8 1 8 1 0  R11: 0 2 9 0  R12: 0 4 8 9 6 7 4 6 2 6 1 3 4 0  
[3.9805305004119873, 0.3802816867828369]	170088.0,179.0,6.9,12.0,1093.0,130.0,1674.0,0.8040674603174603	 0.5099060807568383,0.3080895008605852,0.792,0.5454545454545454,0.5801526717557252,0.38028169014084506,0.44086021505376344,0.7113265540275661	 50 R1: 0 5 2 8 9 8 6 10 1 8 1 0  R2: 0 3 9 0  R3: 0 10 6 0  R4: 0 1 5 10 2 1 5 1 2 6 10 7 4 3 5 6 1 8 7 3 1 5 4 0  R5: 0 10 1 3 7 4 2 6 9 11 10 3 2 9 7 5 7 5 1 10 1 6 8 0  R6: 0 3 10 0  R7: 0 11 7 0  R8: 0 5 7 1 2 8 0  R9: 0 6 2 6 4 0  R10: 0 9 11 7 10 0  R11: 0 8 1 0  R12: 0 8 1 8 6 3 10 0  
[3.9319205284118652, 0.21830986440181732]	167620.0,176.0,6.9,12.0,1182.0,107.0,1605.0,0.7638543823326432	 0.46760814423802016,0.3029259896729776,0.84,0.5454545454545454,0.6772082878953108,0.21830985915492956,0.3348694316436252,0.561594727491424	 50 R1: 0 9 10 3 2 7 10 5 1 6 8 1 3 0  R2: 0 5 2 9 0  R3: 0 6 8 11 6 0  R4: 0 3 9 0  R5: 0 10 6 0  R6: 0 1 3 5 0  R7: 0 10 1 6 4 3 0  R8: 0 7 1 5 1 2 10 7 4 3 9 2 9 6 4 10 7 3 5 1 10 8 0  R9: 0 11 7 0  R10: 0 5 9 1 7 11 5 7 0  R11: 0 5 2 8 10 8 9 1 6 1 8 10 3 1 5 2 6 2 1 5 6 4 0  R12: 0 6 10 0  
[3.5565645694732666, 0.47887325286865234]	168440.0,180.0,6.9,10.0,1068.0,144.0,1686.0,0.7812723411256188	 0.48166175361623365,0.3098106712564544,0.608,0.36363636363636365,0.5528898582333697,0.4788732394366197,0.4592933947772657,0.6264498173104173	 50 R1: 0 5 1 0  R2: 0 8 3 0  R3: 0 3 1 3 5 1 9 8 2 6 9 5 2 1 11 8 10 7 3 1 6 10 0  R4: 0 2 8 11 1 6 9 10 3 6 9 5 1 7 8 6 4 0  R5: 0 6 10 8 1 0  R6: 0 5 7 0  R7: 0 5 10 1 7 2 9 6 8 11 5 1 6 2 9 4 0  R8: 0 2 6 0  R9: 0 9 10 2 7 3 5 6 10 6 4 8 1 3 1 5 10 7 0  R10: 0 4 3 7 10 0  
[4.096279144287109, 0.6126760840415955]	167338.0,249.0,6.9,11.0,989.0,163.0,1815.0,0.7941976584022039	 0.4627750736957565,0.42857142857142855,0.832,0.45454545454545453,0.46673936750272627,0.6126760563380281,0.6574500768049155,0.6745767317712537	 50 R1: 0 9 5 6 10 7 9 1 7 10 0  R2: 0 6 8 11 3 8 1 6 10 6 8 1 8 3 0  R3: 0 3 9 0  R4: 0 1 3 5 0  R5: 0 10 6 0  R6: 0 7 8 1 2 0  R7: 0 2 5 9 2 9 2 6 10 7 1 5 3 5 7 1 4 6 2 6 4 6 10 0  R8: 0 11 8 1 7 0  R9: 0 5 1 3 1 5 1 9 8 2 9 2 11 6 8 10 1 7 3 1 5 10 4 0  R10: 0 2 9 0  R11: 0 4 3 0  
[4.459646701812744, 0.4577464759349823]	174220.0,202.0,6.9,14.0,939.0,141.0,1840.0,0.8159084686506182	 0.5807225611846164,0.3476764199655766,0.88,0.7272727272727273,0.4122137404580153,0.45774647887323944,0.695852534562212,0.7554160864533805	 50 R1: 0 5 9 0  R2: 0 1 5 1 3 11 7 10 4 0  R3: 0 1 5 1 8 0  R4: 0 10 6 0  R5: 0 9 2 9 7 0  R6: 0 3 10 0  R7: 0 10 1 0  R8: 0 9 5 6 10 9 1 7 10 6 11 10 7 3 1 6 10 5 2 4 0  R9: 0 3 9 2 7 2 9 5 2 10 5 3 7 3 6 4 0  R10: 0 2 8 0  R11: 0 11 6 0  R12: 0 6 8 1 4 0  R13: 0 8 1 8 6 8 9 8 1 10 6 5 7 1 2 8 3 6 0  R14: 0 4 3 0  
[3.7642290592193604, 0.5281690359115601]	171076.0,122.0,6.9,10.0,873.0,151.0,1816.0,0.8085449735449736	 0.5268389662027833,0.2099827882960413,0.856,0.36363636363636365,0.34023991275899673,0.528169014084507,0.6589861751152074,0.7279983997924792	 50 R1: 0 5 1 0  R2: 0 3 9 0  R3: 0 5 9 0  R4: 0 2 8 6 4 8 1 8 3 0  R5: 0 1 5 2 7 2 9 5 2 5 1 3 7 6 0  R6: 0 10 6 0  R7: 0 11 8 1 6 8 7 8 1 0  R8: 0 5 1 5 9 1 3 10 4 8 11 6 10 7 9 5 1 7 10 2 6 3 1 10 5 4 0  R9: 0 8 6 1 4 3 0  R10: 0 9 10 9 7 10 11 3 2 9 10 6 7 10 1 6 3 10 4 0  
[4.086180686950684, 0.4084506928920746]	173498.0,227.0,6.9,12.0,1107.0,134.0,1704.0,0.7793090062111802	 0.5683485295125797,0.39070567986230637,0.72,0.5454545454545454,0.5954198473282443,0.4084507042253521,0.4869431643625192,0.6191394163768683	 50 R1: 0 10 6 10 4 7 3 0  R2: 0 5 1 8 9 0  R3: 0 3 1 5 3 9 0  R4: 0 11 6 0  R5: 0 2 8 0  R6: 0 10 6 2 5 0  R7: 0 3 6 0  R8: 0 7 2 5 1 2 9 5 7 1 10 7 6 10 6 2 8 1 3 4 0  R9: 0 11 8 1 8 6 9 11 7 9 5 1 7 0  R10: 0 10 7 1 3 6 10 0  R11: 0 5 1 3 2 8 4 6 8 1 8 3 9 5 1 2 6 3 10 1 5 4 0  R12: 0 2 9 0  
[3.200838088989258, 0.5281690359115601]	159196.0,100.0,6.9,9.0,991.0,151.0,1676.0,0.7999081422692534	 0.32323301569891,0.1721170395869191,0.72,0.2727272727272727,0.46892039258451473,0.528169014084507,0.44393241167434716,0.6958394955950358	 50 R1: 0 10 7 0  R2: 0 3 9 2 5 2 5 1 2 9 6 3 6 7 10 6 1 5 2 8 3 6 4 0  R3: 0 2 8 5 1 0  R4: 0 1 3 5 0  R5: 0 1 3 4 0  R6: 0 10 6 5 10 7 1 8 1 6 9 2 9 4 3 11 5 8 10 6 7 3 1 5 10 4 0  R7: 0 8 1 0  R8: 0 11 7 8 1 8 11 6 5 7 9 7 2 10 6 9 8 1 6 10 0  R9: 0 5 1 0  
