[3.7589170932769775, 0.14814814925193787]	176706.0,163.0,137.0,11.0,1083.0,103.0,1280.0,0.779869253553464	 0.6664362500893858,0.24548736462093862,0.5308641975308642,0.5,0.6788036410923277,0.14814814814814814,0.3574561403508772,0.5181856495770244	 50 R1: 0 10 7 0  R2: 0 3 1 4 3 9 0  R3: 0 5 9 0  R4: 0 1 3 1 5 1 8 1 6 5 7 1 8 1 9 7 10 6 0  R5: 0 10 5 10 2 7 8 6 9 1 9 10 3 6 7 10 6 4 2 7 3 1 6 5 10 0  R6: 0 6 9 11 10 0  R7: 0 11 2 7 6 2 11 5 1 6 8 5 1 9 2 6 8 3 0  R8: 0 10 1 0  R9: 0 8 6 0  R10: 0 4 3 2 3 5 7 8 6 3 9 4 10 0  R11: 0 8 1 0  
[4.444115161895752, 0.6666666865348816]	173255.0,228.0,156.0,14.0,1002.0,173.0,1355.0,0.8362879572118702	 0.5841775320000954,0.3628158844765343,0.7654320987654321,0.8,0.5734720416124838,0.6666666666666666,0.5219298245614035,0.7854055997638314	 50 R1: 0 9 5 1 9 7 10 7 6 10 6 11 8 1 4 1 5 0  R2: 0 5 9 2 8 1 9 0  R3: 0 10 1 3 7 4 8 9 6 1 3 10 5 7 5 1 6 8 3 10 2 4 0  R4: 0 9 7 2 9 0  R5: 0 10 1 7 3 0  R6: 0 6 10 0  R7: 0 5 1 0  R8: 0 3 9 0  R9: 0 11 6 0  R10: 0 2 8 0  R11: 0 1 5 10 2 1 11 7 6 2 5 10 7 8 3 1 4 0  R12: 0 8 1 0  R13: 0 2 6 0  R14: 0 4 3 0  
[4.02413272857666, 0.4740740656852722]	167895.0,276.0,162.0,9.0,1110.0,147.0,1347.0,0.7604524487857821	 0.45641551259743046,0.44945848375451264,0.8395061728395061,0.3,0.7139141742522757,0.4740740740740741,0.5043859649122807,0.42622044537414755	 50 R1: 0 3 9 2 11 7 5 0  R2: 0 5 9 0  R3: 0 1 5 1 10 5 9 8 1 4 9 6 3 10 2 9 6 10 1 3 1 5 4 10 0  R4: 0 1 2 9 8 6 10 7 5 7 8 1 0  R5: 0 10 6 0  R6: 0 2 5 6 11 6 1 0  R7: 0 7 8 5 8 2 1 2 9 7 6 5 7 1 6 2 8 6 10 4 0  R8: 0 9 5 1 9 11 7 10 6 10 6 4 7 8 1 2 3 0  R9: 0 4 3 0  
[4.43917989730835, 0.32592591643333435]	174488.0,343.0,141.0,12.0,1223.0,127.0,1308.0,0.795250496031746	 0.6135675637022382,0.5703971119133574,0.5802469135802469,0.6,0.8608582574772432,0.32592592592592595,0.41885964912280704,0.5910369308426001	 50 R1: 0 5 7 2 9 0  R2: 0 3 10 9 2 11 7 5 1 8 5 9 1 10 9 5 6 5 1 4 10 3 10 6 1 10 7 0  R3: 0 10 6 0  R4: 0 11 6 0  R5: 0 1 5 10 1 2 9 8 6 1 10 7 8 2 1 9 4 6 2 6 1 5 4 3 0  R6: 0 7 10 0  R7: 0 6 1 6 10 0  R8: 0 1 3 1 8 0  R9: 0 2 5 0  R10: 0 8 1 0  R11: 0 9 2 5 9 3 4 2 8 6 7 8 1 11 3 0  R12: 0 4 3 0  
[4.831867694854736, 0.46666666865348816]	187743.0,120.0,164.0,16.0,830.0,146.0,1426.0,0.8428472222222222	 0.9295163635496866,0.16787003610108303,0.8641975308641975,1.0,0.34980494148244473,0.4666666666666667,0.6776315789473685,0.8164727167954572	 50 R1: 0 9 10 9 11 5 7 5 1 0  R2: 0 8 3 0  R3: 0 1 10 6 1 3 8 1 5 0  R4: 0 6 1 4 8 1 3 0  R5: 0 1 4 5 9 8 1 3 0  R6: 0 3 6 0  R7: 0 5 2 7 10 2 9 5 9 11 5 7 3 1 10 6 4 8 1 3 1 5 10 2 0  R8: 0 2 9 0  R9: 0 5 1 0  R10: 0 6 8 10 6 10 9 7 10 0  R11: 0 3 9 0  R12: 0 2 8 0  R13: 0 2 5 0  R14: 0 11 7 0  R15: 0 7 2 6 3 0  R16: 0 6 10 1 6 4 10 0  
[4.1507568359375, 0.5037037134170532]	160772.0,180.0,165.0,13.0,828.0,151.0,1489.0,0.8484162895927602	 0.2866302767382547,0.27617328519855594,0.8765432098765432,0.7,0.3472041612483745,0.5037037037037037,0.8157894736842105,0.842849889769023	 50 R1: 0 1 5 1 3 8 1 2 5 11 4 8 9 1 10 6 7 2 6 4 0  R2: 0 6 1 6 10 0  R3: 0 1 8 0  R4: 0 10 6 0  R5: 0 2 9 0  R6: 0 2 9 0  R7: 0 9 10 9 11 7 10 5 1 2 8 3 1 5 7 10 0  R8: 0 6 8 5 1 3 6 4 6 4 7 10 1 7 3 6 10 0  R9: 0 3 9 2 5 9 5 1 0  R10: 0 2 8 0  R11: 0 7 2 0  R12: 0 11 7 0  R13: 0 4 3 0  
[4.247314929962158, 0.3333333432674408]	174980.0,185.0,156.0,12.0,1005.0,128.0,1380.0,0.8172619047619047	 0.6252949729459156,0.2851985559566787,0.7654320987654321,0.6,0.577373211963589,0.3333333333333333,0.5767543859649122,0.695291143772182	 50 R1: 0 9 10 0  R2: 0 5 1 0  R3: 0 5 1 7 9 2 8 10 7 3 6 3 4 0  R4: 0 8 3 0  R5: 0 3 9 0  R6: 0 2 8 0  R7: 0 1 5 1 3 8 1 2 5 4 8 1 9 10 6 7 2 6 4 1 6 10 5 0  R8: 0 10 6 2 5 0  R9: 0 11 2 8 6 1 6 10 9 2 9 7 8 10 1 3 10 0  R10: 0 7 3 0  R11: 0 9 11 9 2 7 10 5 1 6 8 1 7 11 0  R12: 0 4 3 0  
[3.2089831829071045, 0.5407407283782959]	166127.0,135.0,130.0,10.0,954.0,156.0,1338.0,0.7596174242424243	 0.41427311515267085,0.19494584837545126,0.4444444444444444,0.4,0.5110533159947984,0.5407407407407407,0.48464912280701755,0.42226545877552174	 50 R1: 0 9 6 3 1 9 7 6 4 10 0  R2: 0 5 1 8 9 0  R3: 0 3 1 5 10 2 5 1 9 6 8 11 6 9 3 11 5 1 10 7 3 6 10 1 0  R4: 0 10 6 1 7 2 4 0  R5: 0 11 7 0  R6: 0 8 1 8 2 1 5 8 3 2 1 9 2 4 6 8 3 0  R7: 0 2 9 0  R8: 0 9 10 5 1 7 2 5 8 10 7 6 3 1 4 5 10 0  R9: 0 8 1 0  R10: 0 4 3 0  
[4.276439666748047, 0.4592592716217041]	171939.0,357.0,158.0,9.0,1261.0,145.0,1291.0,0.7459870376537043	 0.5528090958930232,0.5956678700361011,0.7901234567901234,0.3,0.9102730819245773,0.45925925925925926,0.3815789473684211,0.35770688175968884	 50 R1: 0 5 9 0  R2: 0 3 5 1 9 8 3 1 6 11 6 10 9 11 5 7 5 1 8 6 7 3 4 6 10 0  R3: 0 1 5 2 1 11 7 8 9 3 8 1 2 9 10 8 1 8 3 5 6 0  R4: 0 10 6 0  R5: 0 7 2 8 1 0  R6: 0 5 1 7 3 4 0  R7: 0 2 9 5 1 2 10 7 4 2 8 3 5 0  R8: 0 2 6 0  R9: 0 9 6 1 3 9 7 6 4 10 2 10 3 1 5 6 10 0  
[3.7932159900665283, 0.3481481373310089]	173179.0,178.0,132.0,13.0,1149.0,130.0,1220.0,0.7786442723942724	 0.5823659809787143,0.27256317689530685,0.4691358024691358,0.7,0.764629388816645,0.34814814814814815,0.22587719298245615,0.512383683507033	 50 R1: 0 5 9 2 9 0  R2: 0 1 10 2 3 7 2 6 5 0  R3: 0 1 8 0  R4: 0 8 1 8 6 0  R5: 0 3 2 3 4 7 10 8 2 6 0  R6: 0 1 5 0  R7: 0 6 10 0  R8: 0 10 1 0  R9: 0 3 5 1 9 8 3 1 6 10 7 9 11 5 1 6 8 6 7 3 4 6 10 0  R10: 0 11 5 8 1 6 5 1 7 0  R11: 0 11 5 1 2 5 9 5 1 7 9 2 9 10 6 8 1 8 3 7 0  R12: 0 7 3 0  R13: 0 4 3 0  
[4.4326958656311035, 0.3185185194015503]	180122.0,353.0,149.0,10.0,1271.0,126.0,1277.0,0.7432205988455989	 0.7478607012609348,0.5884476534296029,0.6790123456790124,0.4,0.9232769830949284,0.31851851851851853,0.3508771929824561,0.34460399933664254	 50 R1: 0 10 7 4 3 0  R2: 0 5 9 0  R3: 0 3 1 3 8 5 1 9 0  R4: 0 11 6 5 7 2 9 7 8 0  R5: 0 10 1 4 6 0  R6: 0 7 11 7 8 5 1 9 6 11 5 7 5 1 2 6 10 1 6 10 4 0  R7: 0 8 1 0  R8: 0 5 2 1 10 5 2 9 2 9 1 3 6 7 8 6 4 8 1 8 3 10 5 0  R9: 0 2 8 6 1 6 10 1 3 2 9 10 8 7 3 1 5 6 10 4 0  R10: 0 2 6 0  
[3.4379217624664307, 0.5481481552124023]	161751.0,227.0,155.0,8.0,1159.0,157.0,1255.0,0.73359375	 0.30996591423736086,0.36101083032490977,0.7530864197530864,0.2,0.7776332899869961,0.5481481481481482,0.3026315789473684,0.2990076651040755	 50 R1: 0 3 9 0  R2: 0 1 5 0  R3: 0 10 1 4 7 3 8 1 5 6 7 3 2 9 5 1 10 7 3 6 1 5 10 0  R4: 0 1 8 1 0  R5: 0 6 10 0  R6: 0 11 2 9 7 2 5 9 10 3 9 10 6 7 8 1 4 0  R7: 0 5 2 5 9 5 1 6 8 10 7 4 2 5 7 6 8 6 4 3 0  R8: 0 9 11 9 8 11 7 6 4 1 2 8 6 10 3 0  
[4.0943217277526855, 0.5333333611488342]	179122.0,151.0,135.0,13.0,873.0,155.0,1437.0,0.8328217455621302	 0.724024503611184,0.22382671480144403,0.5061728395061729,0.7,0.4057217165149545,0.5333333333333333,0.7017543859649122,0.7689883330717695	 50 R1: 0 8 3 0  R2: 0 10 5 10 5 8 1 9 6 8 6 1 2 8 10 0  R3: 0 3 8 1 5 1 10 1 6 7 6 10 0  R4: 0 2 5 0  R5: 0 8 1 0  R6: 0 5 8 1 0  R7: 0 3 9 1 5 4 1 3 8 10 7 5 1 6 7 2 9 10 7 3 1 5 6 0  R8: 0 11 9 11 6 0  R9: 0 7 2 0  R10: 0 11 2 9 2 5 9 10 7 3 4 2 6 4 0  R11: 0 6 4 0  R12: 0 2 6 3 10 0  R13: 0 4 3 9 7 0  
[3.737356662750244, 0.3629629611968994]	172123.0,115.0,161.0,10.0,901.0,132.0,1364.0,0.8103571428571429	 0.5571949562605774,0.1588447653429603,0.8271604938271605,0.4,0.44213263979193757,0.362962962962963,0.5416666666666666,0.6625876250346097	 50 R1: 0 5 9 2 9 0  R2: 0 3 9 0  R3: 0 11 6 4 3 0  R4: 0 2 8 0  R5: 0 1 5 3 7 2 0  R6: 0 10 6 0  R7: 0 2 1 8 5 2 6 8 6 10 8 1 5 1 7 10 8 1 3 0  R8: 0 5 1 3 10 11 7 8 6 9 11 3 2 9 10 4 7 6 2 3 6 4 10 0  R9: 0 8 5 8 1 10 5 3 6 9 1 10 6 7 8 3 10 1 5 4 0  R10: 0 9 6 1 2 7 10 0  
[4.330468654632568, 0.5481481552124023]	174064.0,269.0,156.0,12.0,1155.0,157.0,1271.0,0.8146014239028945	 0.6034610158987438,0.4368231046931408,0.7654320987654321,0.6,0.7724317295188556,0.5481481481481482,0.33771929824561403,0.6826901175784199	 50 R1: 0 9 10 0  R2: 0 5 9 7 2 8 5 6 1 4 3 9 7 0  R3: 0 3 1 5 1 8 5 1 2 3 6 10 7 8 1 5 1 7 9 10 8 3 10 1 0  R4: 0 2 8 0  R5: 0 10 6 0  R6: 0 1 5 0  R7: 0 5 7 0  R8: 0 1 4 0  R9: 0 7 3 0  R10: 0 5 2 8 11 1 6 5 9 2 9 7 3 4 2 9 10 6 2 8 3 6 11 0  R11: 0 2 8 9 11 6 3 10 7 6 10 6 4 1 6 4 0  R12: 0 6 10 0  
[3.1173346042633057, 0.5333333611488342]	155959.0,182.0,140.0,9.0,1040.0,155.0,1314.0,0.7428389285006932	 0.17190665745000358,0.27978339350180503,0.5679012345679012,0.3,0.6228868660598179,0.5333333333333333,0.43201754385964913,0.3427962667242277	 50 R1: 0 3 10 1 4 2 3 8 1 8 6 9 3 4 0  R2: 0 11 6 4 3 0  R3: 0 1 5 3 0  R4: 0 5 1 0  R5: 0 7 5 1 8 1 2 5 6 1 3 9 7 5 7 10 6 8 1 8 3 0  R6: 0 10 7 1 3 6 10 0  R7: 0 5 2 5 11 7 5 1 6 9 8 10 8 1 6 4 0  R8: 0 2 6 0  R9: 0 9 10 5 7 9 2 8 1 9 6 4 3 1 5 10 11 0  
[3.61249041557312, 0.24444444477558136]	174193.0,91.0,127.0,13.0,963.0,116.0,1311.0,0.8348281302690738	 0.6065358853955617,0.11552346570397112,0.4074074074074074,0.7,0.5227568270481144,0.24444444444444444,0.42543859649122806,0.7784913167753865	 50 R1: 0 5 7 9 8 1 2 5 9 10 2 8 0  R2: 0 1 3 5 11 7 0  R3: 0 8 1 0  R4: 0 10 1 0  R5: 0 5 2 1 5 1 8 6 8 5 1 3 7 10 6 4 8 1 0  R6: 0 2 9 0  R7: 0 6 10 0  R8: 0 9 2 0  R9: 0 10 7 0  R10: 0 3 10 1 4 2 3 8 1 8 6 9 3 11 6 4 1 2 8 3 6 10 0  R11: 0 11 6 0  R12: 0 6 4 0  R13: 0 4 3 7 9 5 1 7 10 7 3 1 5 10 0  
[4.735187530517578, 0.39259257912635803]	172612.0,257.0,166.0,14.0,1048.0,136.0,1390.0,0.8303110454708199	 0.5688508569113055,0.4151624548736462,0.8888888888888888,0.8,0.6332899869960988,0.3925925925925926,0.5986842105263158,0.7570967242642357	 50 R1: 0 1 3 1 8 5 0  R2: 0 10 6 0  R3: 0 3 4 0  R4: 0 5 1 2 5 10 8 1 9 2 9 3 11 7 10 5 1 8 1 8 6 3 10 4 0  R5: 0 8 10 7 4 3 9 2 6 9 10 1 3 1 4 10 7 5 0  R6: 0 6 8 11 6 0  R7: 0 3 9 0  R8: 0 2 8 0  R9: 0 7 5 2 9 2 5 6 1 6 8 1 5 7 10 0  R10: 0 11 7 0  R11: 0 7 3 0  R12: 0 5 1 7 0  R13: 0 8 1 0  R14: 0 2 6 4 0  
[3.4119107723236084, 0.3333333432674408]	168600.0,41.0,156.0,12.0,1003.0,128.0,1196.0,0.7999696107033064	 0.4732200319405048,0.02527075812274368,0.7654320987654321,0.6,0.5747724317295189,0.3333333333333333,0.17324561403508773,0.6133884119240394	 50 R1: 0 5 2 9 0  R2: 0 3 9 5 10 0  R3: 0 1 3 1 8 5 1 6 10 5 8 3 1 5 7 10 6 2 8 3 6 0  R4: 0 6 1 0  R5: 0 1 4 3 0  R6: 0 10 6 0  R7: 0 2 7 11 8 2 1 9 10 3 4 7 10 6 4 5 8 7 3 6 10 1 0  R8: 0 6 10 0  R9: 0 8 6 0  R10: 0 6 4 0  R11: 0 9 11 9 2 6 2 9 8 11 0  R12: 0 4 8 9 5 1 7 10 1 3 10 1 5 0  
[3.5765881538391113, 0.3777777850627899]	176385.0,62.0,126.0,13.0,816.0,134.0,1387.0,0.8358599431968997	 0.6587848306438157,0.0631768953068592,0.3950617283950617,0.7,0.33159947984395316,0.37777777777777777,0.5921052631578947,0.7833783663050096	 50 R1: 0 9 10 9 11 2 9 0  R2: 0 1 3 1 8 5 0  R3: 0 1 3 7 2 0  R4: 0 5 2 5 9 10 8 9 1 5 3 1 6 5 1 7 2 10 3 1 5 10 0  R5: 0 8 6 11 6 8 3 10 6 4 10 7 3 6 1 6 10 0  R6: 0 8 1 8 3 0  R7: 0 5 1 0  R8: 0 3 10 6 1 4 2 9 0  R9: 0 2 8 0  R10: 0 2 5 10 7 4 3 7 9 7 10 0  R11: 0 11 7 0  R12: 0 6 4 2 6 0  R13: 0 8 1 0  
[2.8678641319274902, 0.5777778029441833]	153032.0,181.0,134.0,8.0,1010.0,161.0,1330.0,0.7429403011204482	 0.10213810692918265,0.2779783393501805,0.49382716049382713,0.2,0.5838751625487646,0.5777777777777777,0.46710526315789475,0.3432764051294849	 50 R1: 0 3 9 1 3 5 2 9 4 6 8 11 6 0  R2: 0 2 5 9 1 5 1 2 5 1 8 3 1 6 10 6 8 1 4 7 0  R3: 0 7 3 0  R4: 0 5 10 6 7 11 8 1 8 6 1 10 2 7 0  R5: 0 6 4 0  R6: 0 8 1 0  R7: 0 9 10 9 11 2 9 8 7 10 2 8 1 3 5 6 0  R8: 0 4 3 7 10 5 1 6 10 1 3 6 10 7 0  
[4.008227825164795, 0.4962962865829468]	163122.0,229.0,170.0,11.0,1146.0,150.0,1256.0,0.7971372726157415	 0.3426453412151694,0.36462093862815886,0.9382716049382716,0.5,0.7607282184655396,0.4962962962962963,0.3048245614035088,0.5999734060200794	 50 R1: 0 9 10 3 6 0  R2: 0 3 9 1 3 5 9 2 4 6 8 11 6 2 5 1 5 1 2 8 1 5 3 6 7 0  R3: 0 1 8 0  R4: 0 10 6 0  R5: 0 8 1 0  R6: 0 7 2 9 0  R7: 0 10 1 0  R8: 0 5 7 1 0  R9: 0 5 2 8 11 1 7 8 6 4 10 9 7 2 9 3 7 5 6 4 3 0  R10: 0 9 11 3 4 0  R11: 0 9 10 6 1 8 1 7 10 6 4 10 8 3 1 6 2 10 0  
[3.7350211143493652, 0.43703705072402954]	163346.0,199.0,163.0,10.0,1136.0,142.0,1269.0,0.743657738095238	 0.34798464948871355,0.3104693140794224,0.8518518518518519,0.4,0.7477243172951885,0.43703703703703706,0.3333333333333333,0.34667445329851543	 50 R1: 0 5 7 2 9 0  R2: 0 3 9 2 11 5 1 2 5 7 5 1 8 3 1 7 10 6 7 8 4 1 5 3 0  R3: 0 6 8 11 6 9 2 5 8 7 10 1 11 0  R4: 0 1 5 1 4 2 9 8 3 9 4 3 7 10 1 0  R5: 0 10 6 0  R6: 0 1 8 0  R7: 0 9 7 0  R8: 0 8 1 0  R9: 0 2 6 4 0  R10: 0 9 10 6 1 3 2 9 5 6 4 8 1 3 6 7 10 0  
[4.342894554138184, 0.385185182094574]	169972.0,250.0,159.0,12.0,1075.0,135.0,1367.0,0.8153288398692811	 0.5059232951159631,0.40252707581227437,0.8024691358024691,0.6,0.6684005201560468,0.3851851851851852,0.5482456140350878,0.6861354299606365	 50 R1: 0 5 1 0  R2: 0 8 3 0  R3: 0 3 9 2 11 2 5 7 8 5 1 3 7 10 5 6 7 8 1 4 1 5 9 0  R4: 0 11 9 11 4 9 7 3 6 0  R5: 0 1 3 5 8 1 8 6 9 2 6 10 2 1 5 1 8 7 2 3 10 6 10 0  R6: 0 6 1 0  R7: 0 10 6 0  R8: 0 3 4 0  R9: 0 10 1 0  R10: 0 5 1 4 7 1 8 2 10 7 3 8 1 5 10 6 0  R11: 0 6 4 0  R12: 0 2 9 0  
[3.7792954444885254, 0.6888889074325562]	168612.0,157.0,152.0,12.0,984.0,176.0,1298.0,0.8080882352941177	 0.47350606631230185,0.23465703971119134,0.7160493827160493,0.6,0.5500650195058517,0.6888888888888889,0.3969298245614035,0.6518412355102957	 50 R1: 0 5 9 0  R2: 0 3 9 1 3 7 2 9 6 8 5 4 8 1 7 3 0  R3: 0 2 8 0  R4: 0 6 10 6 1 10 7 2 9 0  R5: 0 10 6 0  R6: 0 9 7 0  R7: 0 2 1 8 5 0  R8: 0 11 7 5 1 8 9 11 9 11 7 6 10 6 0  R9: 0 10 1 7 3 6 10 0  R10: 0 5 1 3 8 1 2 9 2 5 3 10 5 7 5 6 1 8 4 3 1 5 10 0  R11: 0 6 4 8 3 0  R12: 0 2 6 0  
[4.157548904418945, 0.6296296119689941]	178909.0,179.0,163.0,10.0,950.0,168.0,1392.0,0.8034595959595959	 0.718947393511787,0.2743682310469314,0.8518518518518519,0.4,0.505851755526658,0.6296296296296297,0.6030701754385965,0.6299182792528756	 50 R1: 0 9 10 9 8 1 7 6 11 10 2 8 1 5 6 3 4 0  R2: 0 5 9 8 1 6 8 11 6 0  R3: 0 3 9 0  R4: 0 10 1 6 3 5 8 1 6 1 0  R5: 0 9 7 2 9 10 8 1 6 0  R6: 0 2 5 1 8 0  R7: 0 11 7 5 1 2 10 7 5 7 3 1 5 7 4 10 1 3 10 0  R8: 0 5 1 3 7 2 8 9 6 4 3 2 8 5 1 7 3 6 10 6 10 0  R9: 0 6 4 0  R10: 0 2 9 0  
[4.215817928314209, 0.6296296119689941]	165712.0,230.0,172.0,11.0,1015.0,168.0,1377.0,0.8214953102453102	 0.4043810931280242,0.3664259927797834,0.9629629629629629,0.5,0.5903771131339401,0.6296296296296297,0.5701754385964912,0.7153421256105003	 50 R1: 0 10 7 6 10 2 8 0  R2: 0 5 9 7 2 9 0  R3: 0 3 1 9 2 1 8 5 2 11 5 8 1 7 2 9 6 7 3 0  R4: 0 6 1 0  R5: 0 10 1 6 8 1 8 3 9 10 2 7 4 5 1 10 6 8 3 1 5 7 10 4 0  R6: 0 3 6 3 4 0  R7: 0 11 5 1 6 8 9 11 6 9 6 7 10 6 2 6 4 0  R8: 0 10 1 0  R9: 0 5 10 0  R10: 0 6 10 0  R11: 0 4 3 0  
[4.281973361968994, 0.3333333432674408]	163012.0,272.0,165.0,11.0,1067.0,128.0,1416.0,0.809469696969697	 0.3400233594736968,0.44223826714801445,0.8765432098765432,0.5,0.657997399219766,0.3333333333333333,0.6557017543859649,0.6583843514664576	 50 R1: 0 5 1 0  R2: 0 5 9 0  R3: 0 3 9 0  R4: 0 1 5 1 10 1 8 1 8 4 3 6 4 3 9 7 5 7 5 1 10 2 6 4 0  R5: 0 10 6 2 7 8 1 2 10 9 5 3 7 2 9 6 8 1 8 1 5 3 10 0  R6: 0 8 1 0  R7: 0 11 2 7 9 6 5 9 1 2 8 6 10 4 7 3 6 3 10 11 0  R8: 0 3 4 0  R9: 0 10 1 0  R10: 0 6 10 0  R11: 0 9 11 6 2 0  
[5.160539150238037, 0.4444444477558136]	186565.0,307.0,169.0,13.0,1122.0,143.0,1383.0,0.8149084711584711	 0.90143732271828,0.5054151624548736,0.9259259259259259,0.7,0.729518855656697,0.4444444444444444,0.5833333333333334,0.6841444075039197	 50 R1: 0 1 5 10 5 9 7 1 6 2 6 8 9 2 5 7 10 3 7 6 4 1 8 5 3 11 0  R2: 0 7 2 9 10 0  R3: 0 6 3 10 3 4 6 0  R4: 0 2 5 11 5 1 7 8 10 6 7 0  R5: 0 10 1 0  R6: 0 5 1 5 9 3 10 9 5 1 4 8 1 3 6 4 8 1 3 10 2 0  R7: 0 2 9 0  R8: 0 6 10 0  R9: 0 3 9 0  R10: 0 11 6 0  R11: 0 5 1 0  R12: 0 8 1 8 1 6 9 5 7 9 1 10 7 0  R13: 0 2 6 8 3 0  
[4.647799968719482, 0.14074073731899261]	177064.0,283.0,169.0,11.0,1169.0,102.0,1349.0,0.7854013621059075	 0.6749696088479966,0.4620938628158845,0.9259259259259259,0.5,0.7906371911573472,0.14074074074074075,0.5087719298245614,0.5443877718512694	 50 R1: 0 3 9 0  R2: 0 1 5 10 5 9 7 1 6 2 6 8 9 2 5 7 10 3 7 6 4 1 8 5 3 11 0  R3: 0 7 2 9 10 0  R4: 0 6 10 6 3 1 7 10 5 6 4 8 3 10 1 0  R5: 0 1 3 8 1 8 9 2 1 8 1 0  R6: 0 2 5 11 7 5 1 8 5 9 10 3 9 4 1 6 8 3 6 10 7 0  R7: 0 5 11 4 3 6 7 0  R8: 0 1 4 0  R9: 0 10 1 0  R10: 0 2 9 0  R11: 0 2 6 0  
[4.393290996551514, 0.5259259343147278]	165522.0,361.0,145.0,12.0,1136.0,154.0,1397.0,0.7991617300827827	 0.39985221557457157,0.6028880866425993,0.6296296296296297,0.6,0.7477243172951885,0.5259259259259259,0.6140350877192983,0.6095619890327884	 50 R1: 0 3 9 1 5 9 5 1 2 5 10 7 6 10 8 3 6 4 1 2 8 3 6 0  R2: 0 6 1 0  R3: 0 1 8 0  R4: 0 10 5 6 10 0  R5: 0 8 1 0  R6: 0 7 5 8 1 6 8 9 2 4 3 11 5 7 5 1 10 8 1 6 0  R7: 0 2 5 0  R8: 0 11 7 0  R9: 0 5 7 0  R10: 0 3 2 8 9 4 6 4 1 5 0  R11: 0 2 9 0  R12: 0 9 5 11 2 7 9 7 10 6 1 7 10 3 10 6 10 1 0  
[3.9099936485290527, 0.3037036955356598]	165516.0,253.0,133.0,11.0,963.0,124.0,1477.0,0.8086300760642866	 0.399709198388673,0.40794223826714804,0.48148148148148145,0.5,0.5227568270481144,0.3037037037037037,0.7894736842105263,0.6544075947887786	 50 R1: 0 9 10 4 3 0  R2: 0 3 9 1 5 9 5 1 2 5 10 7 6 10 8 3 4 1 10 8 3 6 1 5 10 0  R3: 0 11 5 9 11 9 7 6 4 0  R4: 0 7 2 0  R5: 0 2 1 8 1 8 6 5 6 8 1 2 8 9 6 7 4 3 0  R6: 0 11 7 0  R7: 0 10 1 0  R8: 0 3 4 0  R9: 0 5 10 6 5 2 9 0  R10: 0 8 5 1 3 7 6 5 1 7 10 2 8 6 3 0  R11: 0 9 2 0  
[3.120479106903076, 0.644444465637207]	162172.0,170.0,141.0,8.0,1001.0,170.0,1327.0,0.7294105036582784	 0.32000095344790597,0.2581227436823105,0.5802469135802469,0.2,0.5721716514954487,0.6444444444444445,0.4605263157894737,0.2791942556038833	 50 R1: 0 5 9 7 1 2 8 0  R2: 0 3 9 2 5 0  R3: 0 1 10 6 3 2 5 9 0  R4: 0 6 1 0  R5: 0 9 7 10 6 4 10 6 8 1 8 3 0  R6: 0 5 1 3 5 11 4 7 2 5 1 8 2 1 8 7 6 2 6 1 5 4 10 0  R7: 0 8 1 8 6 8 11 6 1 3 4 2 9 10 7 3 0  R8: 0 9 10 9 2 4 3 10 5 7 5 1 10 1 3 6 10 11 0  
[4.463220596313477, 0.3333333432674408]	173320.0,318.0,160.0,12.0,1307.0,128.0,1218.0,0.7458258928571428	 0.5857268848473292,0.5252707581227437,0.8148148148148148,0.6,0.9700910273081924,0.3333333333333333,0.22149122807017543,0.35694364010899904	 50 R1: 0 5 2 5 1 8 6 8 2 8 9 0  R2: 0 3 9 0  R3: 0 6 1 5 4 3 2 7 9 0  R4: 0 10 1 6 8 11 1 3 10 6 10 5 7 0  R5: 0 1 8 0  R6: 0 2 5 11 6 0  R7: 0 7 2 0  R8: 0 5 1 0  R9: 0 5 1 2 3 8 5 9 2 9 1 10 3 7 6 10 6 4 7 2 6 1 5 3 0  R10: 0 9 8 9 1 5 1 11 10 6 4 8 3 7 1 0  R11: 0 6 10 0  R12: 0 8 3 10 1 0  
[3.8641226291656494, 0.3481481373310089]	169747.0,298.0,149.0,9.0,1281.0,130.0,1217.0,0.7398011982570807	 0.5005601506447691,0.4891696750902527,0.6790123456790124,0.3,0.9362808842652796,0.34814814814814815,0.21929824561403508,0.3284084472292267	 50 R1: 0 5 1 2 5 9 6 2 3 6 9 7 10 6 0  R2: 0 3 1 3 7 8 5 1 10 6 7 2 7 10 5 1 9 6 8 1 3 7 4 0  R3: 0 11 6 0  R4: 0 10 1 6 4 0  R5: 0 11 2 8 5 9 1 10 2 3 6 7 8 10 1 4 0  R6: 0 5 7 4 3 0  R7: 0 7 3 0  R8: 0 5 2 5 1 8 9 6 8 9 8 1 2 6 4 9 2 10 3 1 5 10 6 11 0  R9: 0 6 10 0  
[4.7654218673706055, 0.3037036955356598]	178114.0,271.0,157.0,13.0,1024.0,124.0,1447.0,0.8214484790571748	 0.699997616380235,0.4404332129963899,0.7777777777777778,0.7,0.6020806241872562,0.3037037037037037,0.7236842105263158,0.7151203156973107	 50 R1: 0 9 10 11 6 0  R2: 0 5 9 0  R3: 0 1 5 3 11 2 7 8 5 1 4 3 9 5 1 6 8 1 8 3 0  R4: 0 10 6 0  R5: 0 1 8 0  R6: 0 6 3 6 2 5 9 10 7 6 4 3 6 8 10 0  R7: 0 8 1 0  R8: 0 10 1 0  R9: 0 5 1 2 5 3 9 2 6 10 9 1 3 6 4 10 6 7 3 1 5 11 0  R10: 0 3 9 0  R11: 0 7 2 0  R12: 0 8 1 8 6 2 10 7 5 7 1 9 7 10 8 0  R13: 0 2 6 0  
[3.932966947555542, 0.3185185194015503]	170139.0,187.0,157.0,11.0,1041.0,126.0,1314.0,0.8002717391304348	 0.5099039401234715,0.2888086642599278,0.7777777777777778,0.5,0.6241872561768531,0.31851851851851853,0.43201754385964913,0.6148194044497821	 50 R1: 0 5 9 11 7 2 5 0  R2: 0 3 9 0  R3: 0 1 5 2 1 8 1 5 8 6 1 2 9 3 5 1 10 2 6 7 1 8 0  R4: 0 10 6 0  R5: 0 7 2 9 0  R6: 0 8 1 2 9 0  R7: 0 5 1 7 0  R8: 0 5 1 4 3 5 8 6 1 9 8 3 6 3 6 10 6 4 7 8 6 3 10 0  R9: 0 6 4 0  R10: 0 9 10 11 6 9 11 5 2 7 8 1 3 1 5 10 0  R11: 0 4 3 7 10 0  
[4.713954448699951, 0.8666666746139526]	172796.0,331.0,170.0,12.0,1111.0,200.0,1352.0,0.8231442901234568	 0.5732367172788597,0.5487364620938628,0.9382716049382716,0.6,0.7152145643693107,0.8666666666666667,0.5153508771929824,0.7231523072049816	 50 R1: 0 10 7 0  R2: 0 5 1 0  R3: 0 3 9 5 7 11 2 8 9 6 2 8 1 5 10 6 7 2 8 1 5 3 6 4 0  R4: 0 11 6 0  R5: 0 1 5 1 5 9 1 8 1 2 5 1 9 3 6 7 10 5 1 7 3 4 3 6 10 11 0  R6: 0 6 1 5 2 8 7 0  R7: 0 10 6 0  R8: 0 8 1 0  R9: 0 2 5 9 2 9 6 8 9 10 4 3 9 7 0  R10: 0 6 10 1 4 0  R11: 0 2 9 0  R12: 0 8 1 0  
[3.412051200866699, 0.37037035822868347]	158169.0,133.0,162.0,10.0,1019.0,133.0,1285.0,0.792625	 0.2245846542559531,0.19133574007220217,0.8395061728395061,0.4,0.5955786736020806,0.37037037037037035,0.3684210526315789,0.5786016057938954	 50 R1: 0 10 7 4 3 0  R2: 0 5 9 8 1 0  R3: 0 3 9 0  R4: 0 11 9 6 3 11 4 0  R5: 0 1 5 2 1 5 10 8 1 8 6 3 6 2 9 7 10 0  R6: 0 10 1 3 7 5 1 2 9 5 6 2 8 1 7 5 10 6 7 8 1 8 3 4 0  R7: 0 11 2 9 6 9 5 8 2 7 10 8 6 7 3 1 5 4 10 0  R8: 0 10 1 0  R9: 0 6 10 0  R10: 0 2 6 0  
[3.9780795574188232, 0.6518518328666687]	169023.0,300.0,145.0,10.0,1203.0,171.0,1279.0,0.7822534340659341	 0.4833027435463495,0.4927797833935018,0.6296296296296297,0.4,0.834850455136541,0.6518518518518519,0.35526315789473684,0.5294780146344706	 50 R1: 0 5 9 0  R2: 0 3 1 5 2 5 8 1 2 5 6 10 3 7 6 9 5 10 7 2 6 3 6 1 10 0  R3: 0 5 7 0  R4: 0 10 5 1 4 7 3 8 6 1 9 11 3 4 9 2 10 8 3 1 5 6 7 10 0  R5: 0 1 8 0  R6: 0 6 4 0  R7: 0 8 11 7 1 10 9 7 10 2 8 6 4 0  R8: 0 2 9 0  R9: 0 9 11 5 1 8 6 2 1 7 9 10 1 8 3 0  R10: 0 4 3 0  
[4.134621620178223, 0.31111112236976624]	159467.0,229.0,167.0,12.0,1056.0,125.0,1370.0,0.8147240377632534	 0.25552403880532976,0.36462093862815886,0.9012345679012346,0.6,0.6436931079323797,0.3111111111111111,0.5548245614035088,0.6832708623941056	 50 R1: 0 5 9 1 8 1 2 5 10 6 7 4 3 10 4 10 6 0  R2: 0 3 1 5 10 2 5 1 8 3 5 7 9 2 1 6 5 1 10 4 6 8 3 1 11 4 0  R3: 0 6 9 6 10 3 6 7 10 5 7 2 8 3 10 1 0  R4: 0 10 6 0  R5: 0 7 2 9 0  R6: 0 11 7 0  R7: 0 1 4 0  R8: 0 7 3 1 5 0  R9: 0 8 6 11 6 8 9 7 1 0  R10: 0 2 9 0  R11: 0 6 10 0  R12: 0 2 6 0  
[4.5311360359191895, 0.7111111283302307]	171342.0,335.0,158.0,12.0,1212.0,179.0,1299.0,0.8008001207729468	 0.5385788858961219,0.555956678700361,0.7901234567901234,0.6,0.846553966189857,0.7111111111111111,0.3991228070175439,0.6173220162972034	 50 R1: 0 9 10 0  R2: 0 10 7 5 11 1 6 9 7 0  R3: 0 3 9 1 5 8 3 2 5 6 1 4 8 3 5 9 6 7 4 3 10 1 0  R4: 0 6 8 6 5 7 2 3 2 10 6 9 4 8 3 0  R5: 0 5 7 0  R6: 0 10 6 0  R7: 0 1 7 8 2 0  R8: 0 11 7 0  R9: 0 5 1 2 5 10 8 4 9 3 6 10 7 10 6 4 1 10 2 1 6 1 5 10 0  R10: 0 9 3 6 11 0  R11: 0 2 9 0  R12: 0 8 1 0  
[3.287525177001953, 0.3777777850627899]	163658.0,123.0,150.0,10.0,1079.0,134.0,1233.0,0.7394723935484805	 0.35542154315543584,0.17328519855595667,0.691358024691358,0.4,0.6736020806241872,0.37777777777777777,0.2543859649122807,0.32685110591941374	 50 R1: 0 3 5 2 7 5 2 10 8 9 6 1 0  R2: 0 5 1 9 8 2 1 5 11 6 0  R3: 0 10 6 0  R4: 0 7 10 0  R5: 0 1 5 3 0  R6: 0 10 6 1 3 4 0  R7: 0 11 5 8 6 7 9 1 3 4 3 6 5 8 7 10 6 2 6 4 6 10 0  R8: 0 10 1 8 3 0  R9: 0 9 8 2 9 1 8 11 7 3 1 5 0  R10: 0 9 10 7 5 6 10 1 9 6 7 5 1 8 3 2 1 4 10 0  
[3.324101209640503, 0.614814817905426]	161148.0,85.0,154.0,11.0,951.0,166.0,1283.0,0.8118872549019608	 0.29559268705456104,0.10469314079422383,0.7407407407407407,0.5,0.5071521456436932,0.6148148148148148,0.36403508771929827,0.669834804389741	 50 R1: 0 3 5 2 7 5 2 10 8 9 6 1 9 2 8 5 1 11 6 10 1 5 4 0  R2: 0 6 8 10 7 3 5 6 10 6 7 4 8 3 6 10 0  R3: 0 5 9 1 8 0  R4: 0 11 6 4 3 7 10 0  R5: 0 1 5 1 3 11 5 1 7 2 4 5 1 8 9 2 9 1 7 0  R6: 0 10 6 0  R7: 0 3 10 0  R8: 0 10 7 3 1 0  R9: 0 8 1 8 1 0  R10: 0 2 6 0  R11: 0 8 1 0  
[3.9550106525421143, 0.5407407283782959]	159214.0,247.0,161.0,11.0,1053.0,156.0,1357.0,0.8151370851370852	 0.2494934807999428,0.3971119133574007,0.8271604938271605,0.5,0.6397919375812744,0.5407407407407407,0.5263157894736842,0.6852272082777046	 50 R1: 0 3 5 2 7 5 2 10 8 9 6 1 9 10 2 5 1 11 8 1 6 10 7 9 0  R2: 0 5 8 5 8 1 6 10 7 4 3 6 4 10 6 4 10 6 8 3 10 1 4 9 0  R3: 0 11 6 8 1 9 7 10 0  R4: 0 1 3 5 1 8 0  R5: 0 10 6 1 3 0  R6: 0 2 5 0  R7: 0 11 7 0  R8: 0 1 4 0  R9: 0 7 3 1 5 0  R10: 0 5 1 7 2 8 0  R11: 0 2 6 0  
[3.7900960445404053, 0.644444465637207]	164414.0,182.0,146.0,12.0,985.0,170.0,1355.0,0.8216003787878788	 0.37344170857864756,0.27978339350180503,0.6419753086419753,0.6,0.5513654096228868,0.6444444444444445,0.5219298245614035,0.7158397692799008	 50 R1: 0 3 5 2 7 5 2 10 8 9 6 1 9 10 2 5 1 11 8 1 6 10 7 9 0  R2: 0 5 8 5 8 1 6 10 7 4 3 4 6 8 10 6 10 1 3 10 9 0  R3: 0 2 8 0  R4: 0 1 5 10 6 1 3 8 2 11 5 7 6 0  R5: 0 1 3 4 0  R6: 0 6 4 0  R7: 0 8 1 9 7 10 0  R8: 0 11 7 0  R9: 0 7 3 0  R10: 0 5 1 0  R11: 0 6 4 8 1 3 5 0  R12: 0 2 6 0  
[3.463484764099121, 0.48148149251937866]	153310.0,301.0,145.0,9.0,1228.0,148.0,1258.0,0.7539351851851852	 0.10876456987581341,0.49458483754512633,0.6296296296296297,0.3,0.8673602080624188,0.48148148148148145,0.3092105263157895,0.39535226263017365	 50 R1: 0 5 8 5 1 6 8 5 7 4 3 6 1 10 6 9 8 3 10 0  R2: 0 3 5 2 7 2 10 8 9 6 1 9 10 2 5 1 11 8 1 6 10 7 9 0  R3: 0 2 8 0  R4: 0 10 1 5 6 1 8 2 3 10 11 5 8 7 10 6 4 1 2 6 4 1 5 0  R5: 0 6 10 0  R6: 0 11 7 0  R7: 0 1 4 0  R8: 0 3 4 9 7 0  R9: 0 10 7 3 1 0  
[3.6311533451080322, 0.42222222685813904]	158221.0,210.0,156.0,11.0,1158.0,140.0,1241.0,0.7613095238095238	 0.22582413653374014,0.3303249097472924,0.7654320987654321,0.5,0.776332899869961,0.4222222222222222,0.2719298245614035,0.4302798712435769	 50 R1: 0 5 8 5 1 6 8 5 7 4 3 6 1 10 6 9 8 3 10 0  R2: 0 3 5 2 7 2 10 8 9 6 1 9 10 2 5 1 11 8 1 6 10 7 9 0  R3: 0 2 3 8 4 0  R4: 0 11 6 10 0  R5: 0 1 5 1 4 3 0  R6: 0 10 6 0  R7: 0 1 8 0  R8: 0 9 7 0  R9: 0 11 8 2 10 1 5 8 1 7 6 10 4 0  R10: 0 7 10 3 1 0  R11: 0 2 6 4 1 5 0  
[3.402566432952881, 0.6000000238418579]	161326.0,210.0,145.0,10.0,1161.0,164.0,1213.0,0.752015977443609	 0.29983553023621673,0.3303249097472924,0.6296296296296297,0.4,0.7802340702210663,0.6,0.21052631578947367,0.3862621814364044	 50 R1: 0 5 8 5 1 6 8 5 7 4 3 6 1 10 6 9 8 3 10 0  R2: 0 3 5 2 7 2 10 8 9 6 1 9 10 2 5 1 11 8 1 6 10 7 9 0  R3: 0 2 8 0  R4: 0 1 10 1 6 3 5 0  R5: 0 1 11 7 8 0  R6: 0 2 10 11 6 8 1 5 10 6 4 7 10 1 7 3 1 5 0  R7: 0 8 1 0  R8: 0 1 4 0  R9: 0 3 4 9 7 10 0  R10: 0 2 6 4 0  
[3.632812023162842, 0.2370370328426361]	162576.0,124.0,163.0,11.0,1011.0,115.0,1305.0,0.778782770260043	 0.32963077729840534,0.17509025270758122,0.8518518518518519,0.5,0.5851755526657998,0.23703703703703705,0.41228070175438597,0.5130396608761032	 50 R1: 0 5 1 2 10 6 5 10 7 1 7 10 0  R2: 0 5 2 9 0  R3: 0 3 5 2 7 10 8 9 6 1 9 10 2 5 8 10 6 2 7 6 1 5 10 0  R4: 0 11 6 0  R5: 0 1 5 1 3 4 0  R6: 0 1 8 0  R7: 0 10 6 0  R8: 0 3 6 0  R9: 0 11 8 1 8 9 5 1 7 3 4 6 5 1 2 6 8 3 10 1 4 0  R10: 0 9 8 1 2 6 11 4 10 1 7 3 9 0  R11: 0 4 3 9 7 0  
[3.9361283779144287, 0.585185170173645]	166964.0,205.0,158.0,11.0,1000.0,162.0,1351.0,0.8064520202020202	 0.43422401258551235,0.3212996389891697,0.7901234567901234,0.5,0.5708712613784135,0.5851851851851851,0.5131578947368421,0.6440915126869492	 50 R1: 0 9 10 9 11 3 4 0  R2: 0 5 2 9 8 1 8 5 11 1 6 9 5 1 7 0  R3: 0 3 9 0  R4: 0 10 1 5 1 11 3 6 2 5 8 3 6 7 0  R5: 0 7 2 0  R6: 0 3 10 0  R7: 0 5 1 2 10 5 1 6 3 10 7 5 7 2 8 10 9 7 10 6 1 5 3 4 0  R8: 0 8 1 0  R9: 0 9 2 6 10 8 7 10 6 1 4 2 6 8 6 10 3 0  R10: 0 8 1 0  R11: 0 4 3 0  
[3.7349491119384766, 0.4740740656852722]	171780.0,200.0,158.0,9.0,1094.0,147.0,1285.0,0.72200311942959	 0.5490191404667127,0.31227436823104693,0.7901234567901234,0.3,0.6931079323797139,0.4740740740740741,0.3684210526315789,0.24411013072591387	 50 R1: 0 3 9 0  R2: 0 5 7 9 8 1 2 5 7 0  R3: 0 1 5 2 1 5 8 0  R4: 0 10 1 3 2 9 6 8 6 1 0  R5: 0 11 5 1 8 6 11 1 6 2 3 7 10 8 2 6 4 0  R6: 0 5 1 5 9 3 10 2 5 1 6 10 2 9 6 4 0  R7: 0 6 10 0  R8: 0 9 10 9 11 3 6 5 7 5 1 10 8 1 3 2 0  R9: 0 4 8 9 1 3 7 6 7 3 1 5 10 4 0  
[4.092966079711914, 0.42222222685813904]	170480.0,221.0,170.0,11.0,1236.0,140.0,1179.0,0.7727534965034966	 0.5180320835220366,0.35018050541516244,0.9382716049382716,0.5,0.8777633289986996,0.4222222222222222,0.13596491228070176,0.4844827794092442	 50 R1: 0 9 11 6 10 3 7 10 4 0  R2: 0 5 2 5 1 9 10 6 3 10 6 9 1 7 0  R3: 0 3 9 5 7 8 1 2 9 5 7 1 2 5 8 10 6 2 8 1 5 3 6 7 0  R4: 0 1 5 1 2 3 11 8 1 6 8 9 11 2 4 6 5 1 10 1 9 6 10 4 7 0  R5: 0 10 6 0  R6: 0 1 8 0  R7: 0 8 1 0  R8: 0 7 3 0  R9: 0 8 6 0  R10: 0 6 8 3 10 1 4 0  R11: 0 4 3 0  
[4.172115325927734, 0.4740740656852722]	174943.0,182.0,161.0,12.0,997.0,147.0,1336.0,0.7935253616997038	 0.6244130336328749,0.27978339350180503,0.8271604938271605,0.6,0.5669700910273082,0.4740740740740741,0.48026315789473684,0.5828660534494399	 50 R1: 0 9 5 7 1 2 8 10 6 0  R2: 0 10 7 0  R3: 0 3 9 0  R4: 0 1 10 6 7 8 2 1 6 8 3 0  R5: 0 1 3 4 0  R6: 0 1 5 0  R7: 0 11 8 1 7 8 6 0  R8: 0 5 2 5 9 1 5 1 2 8 9 3 11 6 5 10 4 10 7 1 3 0  R9: 0 2 9 0  R10: 0 2 9 0  R11: 0 9 11 6 10 3 7 10 5 7 1 2 8 3 1 5 10 6 0  R12: 0 4 8 9 7 5 1 3 2 6 4 6 10 0  
[4.162633419036865, 0.0]	180631.0,170.0,156.0,12.0,1180.0,83.0,1196.0,0.8008981553147575	 0.7599933258646581,0.2581227436823105,0.7654320987654321,0.6,0.8049414824447334,0.0,0.17324561403508773,0.6177863443246223	 50 R1: 0 5 1 0  R2: 0 8 3 0  R3: 0 3 1 3 11 8 9 8 6 1 5 2 8 9 6 2 4 7 6 10 0  R4: 0 6 8 0  R5: 0 11 9 11 9 7 6 0  R6: 0 10 6 0  R7: 0 7 8 2 1 9 6 8 1 5 7 5 1 10 7 3 0  R8: 0 2 5 0  R9: 0 1 5 9 1 2 9 2 10 7 3 5 3 8 6 10 1 4 0  R10: 0 5 7 0  R11: 0 9 5 1 2 7 10 6 10 6 4 8 3 1 10 5 0  R12: 0 4 3 0  
[3.453859567642212, 0.5333333611488342]	167702.0,182.0,163.0,8.0,1234.0,155.0,1156.0,0.7097203351449275	 0.45181512645102856,0.27978339350180503,0.8518518518518519,0.2,0.8751625487646294,0.5333333333333333,0.08552631578947369,0.1859342990978903	 50 R1: 0 5 9 1 8 0  R2: 0 3 9 0  R3: 0 10 1 5 3 6 0  R4: 0 2 5 10 7 4 3 0  R5: 0 2 7 2 8 9 6 2 6 1 8 9 7 1 5 10 7 6 8 6 3 10 4 0  R6: 0 11 5 1 6 9 8 7 2 7 8 10 6 2 6 0  R7: 0 5 1 3 2 9 5 1 7 10 1 6 1 5 0  R8: 0 5 1 4 8 3 1 8 11 9 6 3 5 7 6 10 8 1 3 11 10 4 0  
[3.713529586791992, 0.4444444477558136]	173040.0,152.0,161.0,10.0,1091.0,143.0,1217.0,0.773179347826087	 0.5790527495053989,0.22563176895306858,0.8271604938271605,0.4,0.6892067620286085,0.4444444444444444,0.21929824561403508,0.4864997695531262	 50 R1: 0 3 9 0  R2: 0 11 6 0  R3: 0 1 5 3 5 1 8 9 10 7 0  R4: 0 10 6 0  R5: 0 9 7 2 5 1 2 8 6 3 9 0  R6: 0 2 7 2 9 5 2 6 8 9 1 8 7 10 6 4 11 7 6 3 5 1 4 0  R7: 0 6 10 0  R8: 0 11 5 1 7 0  R9: 0 5 1 3 8 10 9 2 9 4 3 10 5 7 1 6 8 3 6 1 5 10 0  R10: 0 8 6 5 7 1 2 3 8 10 6 10 1 4 0  
[3.631284713745117, 0.6888889074325562]	160286.0,203.0,165.0,10.0,1046.0,176.0,1276.0,0.7826324786324786	 0.27504588468047575,0.3176895306859206,0.8765432098765432,0.4,0.6306892067620286,0.6888888888888889,0.34868421052631576,0.5312733105846201	 50 R1: 0 10 7 0  R2: 0 3 9 1 5 3 11 8 1 6 9 10 7 9 5 7 10 6 1 2 8 6 3 10 4 0  R3: 0 6 8 6 3 6 2 8 0  R4: 0 5 9 8 1 0  R5: 0 11 5 1 7 6 0  R6: 0 1 5 1 8 0  R7: 0 10 6 0  R8: 0 7 6 3 4 0  R9: 0 5 2 7 2 9 5 2 9 2 6 8 1 7 5 10 5 1 10 8 3 1 5 10 0  R10: 0 9 11 4 3 2 9 4 0  
[4.335961818695068, 0.4148148000240326]	165064.0,322.0,166.0,11.0,1245.0,139.0,1282.0,0.7743378591105864	 0.38893523705098565,0.5324909747292419,0.8888888888888888,0.5,0.8894668400520156,0.4148148148148148,0.3618421052631579,0.49198690959110286	 50 R1: 0 10 7 0  R2: 0 3 9 0  R3: 0 1 5 0  R4: 0 10 1 3 7 5 1 8 6 1 9 10 3 6 9 7 10 2 7 8 6 3 10 4 0  R5: 0 2 5 9 1 8 0  R6: 0 11 8 2 5 6 11 6 1 3 5 7 6 10 8 1 3 1 5 4 10 0  R7: 0 8 6 5 7 4 2 8 3 0  R8: 0 5 10 0  R9: 0 6 2 6 4 0  R10: 0 2 9 0  R11: 0 9 5 9 8 1 2 5 9 1 10 1 11 0  
[4.356219291687012, 0.3481481373310089]	173888.0,306.0,158.0,11.0,1174.0,130.0,1303.0,0.758186026936027	 0.5992658451123877,0.5036101083032491,0.7901234567901234,0.5,0.7971391417425228,0.34814814814814815,0.40789473684210525,0.41548582911176885	 50 R1: 0 9 5 9 7 8 11 5 1 10 2 8 3 6 0  R2: 0 10 11 6 7 3 4 0  R3: 0 3 5 2 5 9 2 9 10 0  R4: 0 2 8 0  R5: 0 1 5 0  R6: 0 10 1 3 7 5 1 8 1 9 6 1 3 6 7 10 5 7 2 10 3 10 6 10 4 1 0  R7: 0 1 8 0  R8: 0 9 2 6 7 4 8 1 9 1 5 0  R9: 0 11 8 2 6 5 6 10 4 3 8 7 10 6 1 6 4 0  R10: 0 7 3 0  R11: 0 8 6 0  
[4.0629048347473145, 0.2222222238779068]	170888.0,212.0,158.0,11.0,1175.0,113.0,1281.0,0.7530004012624334	 0.527757252163135,0.33393501805054154,0.7901234567901234,0.5,0.7984395318595578,0.2222222222222222,0.35964912280701755,0.39092477853224805	 50 R1: 0 5 9 0  R2: 0 3 9 0  R3: 0 1 5 3 2 9 0  R4: 0 6 1 0  R5: 0 10 5 1 3 5 10 1 2 10 7 6 10 3 5 4 0  R6: 0 7 1 8 2 8 11 6 8 1 0  R7: 0 2 5 0  R8: 0 7 3 0  R9: 0 8 11 8 6 1 5 3 7 2 5 9 10 1 8 3 6 0  R10: 0 9 5 9 11 7 1 5 10 2 8 3 6 10 7 1 0  R11: 0 4 3 2 9 6 7 4 2 6 8 1 5 4 0  
[4.623879432678223, 0.45185184478759766]	176193.0,326.0,160.0,12.0,1244.0,144.0,1271.0,0.7892595108695653	 0.6542082806950635,0.5397111913357401,0.8148148148148148,0.6,0.8881664499349805,0.45185185185185184,0.33771929824561403,0.5626613983897322	 50 R1: 0 9 5 3 7 3 5 6 7 2 8 3 6 10 4 0  R2: 0 5 1 9 8 0  R3: 0 3 9 0  R4: 0 1 5 2 8 1 8 1 8 11 5 3 2 5 9 1 6 7 8 3 1 5 0  R5: 0 6 1 0  R6: 0 10 6 0  R7: 0 9 7 0  R8: 0 7 2 0  R9: 0 8 1 0  R10: 0 11 2 9 6 8 7 6 10 4 3 0  R11: 0 5 1 3 5 1 2 9 10 5 1 9 2 7 10 6 4 10 1 3 6 10 8 11 0  R12: 0 6 4 0  
[3.717653274536133, 0.45185184478759766]	165159.0,177.0,156.0,10.0,912.0,144.0,1402.0,0.8088263305322129	 0.391199675827712,0.27075812274368233,0.7654320987654321,0.4,0.4564369310793238,0.45185185185185184,0.625,0.6553371288925878	 50 R1: 0 10 7 4 3 0  R2: 0 3 9 5 7 5 2 10 8 6 1 3 6 3 4 5 7 9 10 8 3 1 5 10 0  R3: 0 6 8 0  R4: 0 1 3 1 8 5 2 5 9 5 7 9 11 7 10 0  R5: 0 1 3 11 7 4 0  R6: 0 10 6 0  R7: 0 9 7 0  R8: 0 2 5 0  R9: 0 8 5 8 1 5 1 6 2 8 6 10 6 4 2 6 0  R10: 0 9 2 11 8 1 2 5 1 9 6 7 3 6 4 10 0  
[3.405635356903076, 0.5185185074806213]	157602.0,156.0,134.0,12.0,921.0,153.0,1377.0,0.829570868945869	 0.21106953018854432,0.2328519855595668,0.49382716049382713,0.6,0.4681404421326398,0.5185185185185185,0.5701754385964912,0.7535909731338236	 50 R1: 0 5 11 7 6 9 10 11 2 8 1 6 0  R2: 0 8 3 6 10 0  R3: 0 3 9 1 3 4 5 8 1 9 10 5 7 8 3 1 4 0  R4: 0 10 5 2 7 5 9 10 8 6 1 4 3 7 6 5 7 10 8 1 3 10 6 2 0  R5: 0 1 8 0  R6: 0 2 5 0  R7: 0 6 10 0  R8: 0 7 3 1 5 0  R9: 0 10 1 0  R10: 0 9 11 2 9 7 6 4 0  R11: 0 2 9 0  R12: 0 2 6 4 0  
[3.404587507247925, 0.5703703761100769]	162101.0,178.0,148.0,9.0,912.0,160.0,1394.0,0.783155929038282	 0.3183085834147737,0.27256317689530685,0.6666666666666666,0.3,0.4564369310793238,0.5703703703703704,0.6074561403508771,0.5337525662621511	 50 R1: 0 5 1 0  R2: 0 3 9 2 5 1 8 9 2 5 6 1 2 8 0  R3: 0 6 8 0  R4: 0 11 9 3 9 7 10 5 1 6 4 2 6 11 6 10 0  R5: 0 1 5 1 4 3 0  R6: 0 5 10 6 7 11 2 8 9 6 10 8 1 6 4 10 7 8 3 1 5 10 2 6 0  R7: 0 2 9 0  R8: 0 8 1 8 1 10 5 7 4 3 5 7 1 4 10 1 7 3 0  R9: 0 2 9 0  
[4.173909664154053, 0.4000000059604645]	171212.0,174.0,150.0,13.0,858.0,137.0,1457.0,0.8498987773653326	 0.5354801802016542,0.26534296028880866,0.691358024691358,0.7,0.3862158647594278,0.4,0.7456140350877193,0.8498715028698467	 50 R1: 0 1 5 3 8 1 0  R2: 0 1 8 5 1 0  R3: 0 10 6 0  R4: 0 9 7 0  R5: 0 1 5 0  R6: 0 2 5 11 9 7 2 9 6 10 1 3 4 5 2 10 6 8 1 3 6 10 0  R7: 0 5 1 3 2 9 8 1 5 9 1 8 10 5 6 7 5 1 2 6 8 3 4 0  R8: 0 10 7 5 7 0  R9: 0 6 8 6 4 3 2 8 6 9 10 1 0  R10: 0 3 9 0  R11: 0 11 6 9 11 7 10 0  R12: 0 7 2 0  R13: 0 7 3 0  
[4.190547943115234, 0.35555556416511536]	179501.0,104.0,167.0,13.0,1009.0,131.0,1263.0,0.8145155325443787	 0.7330584225204395,0.13898916967509026,0.9012345679012346,0.7,0.5825747724317295,0.35555555555555557,0.3201754385964912,0.6822833041804548	 50 R1: 0 9 6 9 1 8 1 5 10 7 11 6 4 3 10 0  R2: 0 5 2 9 0  R3: 0 1 5 3 8 1 8 1 5 1 10 2 9 6 7 5 1 7 2 6 1 5 3 4 8 0  R4: 0 7 10 0  R5: 0 1 3 2 5 0  R6: 0 10 1 4 1 6 8 0  R7: 0 8 6 8 0  R8: 0 2 9 0  R9: 0 3 9 0  R10: 0 11 6 0  R11: 0 7 2 0  R12: 0 11 5 1 2 9 10 5 2 3 6 3 7 10 6 10 1 8 1 6 10 3 4 0  R13: 0 4 3 0  
[4.704361915588379, 0.28148147463798523]	183632.0,251.0,161.0,12.0,1054.0,121.0,1392.0,0.7971811038011696	 0.8315257550115606,0.4043321299638989,0.8271604938271605,0.6,0.6410923276983095,0.2814814814814815,0.6030701754385965,0.6001810068054082	 50 R1: 0 9 6 5 7 10 7 2 10 6 9 7 3 0  R2: 0 3 9 0  R3: 0 5 7 2 5 1 9 10 7 0  R4: 0 1 5 2 1 8 1 6 8 3 4 5 9 7 3 0  R5: 0 10 6 0  R6: 0 8 1 0  R7: 0 3 4 0  R8: 0 5 1 5 9 3 8 5 1 10 2 8 6 4 8 1 8 1 5 3 0  R9: 0 2 11 9 2 11 6 5 3 6 7 0  R10: 0 6 10 0  R11: 0 2 6 0  R12: 0 9 6 1 9 8 1 5 1 7 11 10 6 4 3 10 2 1 0  
[4.387320041656494, 0.17777778208255768]	178494.0,156.0,157.0,13.0,956.0,107.0,1409.0,0.8136299362402304	 0.7090553714871404,0.2328519855595668,0.7777777777777778,0.7,0.5136540962288687,0.17777777777777778,0.6403508771929824,0.6780887909262518	 50 R1: 0 9 10 3 9 7 5 7 5 1 6 7 8 1 3 0  R2: 0 5 9 5 8 1 8 6 10 7 0  R3: 0 1 5 2 8 1 5 3 6 8 0  R4: 0 10 6 0  R5: 0 1 8 0  R6: 0 5 1 3 7 4 2 5 11 6 4 3 10 3 4 0  R7: 0 9 8 2 1 9 8 10 1 3 1 5 10 11 0  R8: 0 2 9 0  R9: 0 6 10 0  R10: 0 9 6 5 7 2 7 10 6 10 1 2 8 3 6 4 0  R11: 0 3 9 0  R12: 0 11 7 0  R13: 0 6 4 0  
[4.397965431213379, 0.5555555820465088]	168601.0,324.0,175.0,9.0,1034.0,158.0,1441.0,0.7630096483037659	 0.4732438681381546,0.5361010830324909,1.0,0.3,0.6150845253576073,0.5555555555555556,0.7105263157894737,0.43833229274927865	 50 R1: 0 3 9 1 3 5 11 7 6 8 6 10 4 3 0  R2: 0 5 8 5 1 9 2 5 7 1 3 2 8 4 10 1 0  R3: 0 11 6 0  R4: 0 10 6 0  R5: 0 9 7 6 4 10 6 8 1 6 10 0  R6: 0 7 2 9 0  R7: 0 2 1 5 8 0  R8: 0 5 1 5 3 8 1 8 6 1 8 1 2 4 9 10 2 6 4 0  R9: 0 9 10 9 7 3 6 5 7 5 1 10 7 8 3 1 5 2 10 11 0  
[2.8494315147399902, 0.5925925970077515]	148872.0,120.0,156.0,8.0,938.0,163.0,1317.0,0.7843060661764706	 0.002979524706218864,0.16787003610108303,0.7654320987654321,0.2,0.49024707412223667,0.5925925925925926,0.43859649122807015,0.5392000432307034	 50 R1: 0 3 9 1 3 5 4 8 6 1 6 10 7 9 5 7 1 10 8 3 1 5 10 0  R2: 0 10 6 0  R3: 0 7 2 0  R4: 0 11 2 9 2 5 11 6 3 8 6 4 7 1 6 4 2 6 10 0  R5: 0 7 3 0  R6: 0 5 2 5 1 8 10 9 2 9 4 3 10 3 4 0  R7: 0 2 9 0  R8: 0 8 1 8 6 10 7 5 1 9 2 8 10 6 7 11 0  
[3.0323169231414795, 0.5481481552124023]	150777.0,126.0,155.0,9.0,903.0,157.0,1342.0,0.8139880952380952	 0.048387481228994354,0.17870036101083034,0.7530864197530864,0.3,0.4447334200260078,0.5481481481481482,0.4934210526315789,0.679785165060402	 50 R1: 0 3 9 1 3 5 4 8 6 1 6 10 7 9 5 7 1 10 8 3 1 5 10 0  R2: 0 6 8 0  R3: 0 10 6 2 7 2 9 5 2 11 6 3 2 8 6 4 5 7 6 4 3 6 10 0  R4: 0 1 8 0  R5: 0 8 1 0  R6: 0 11 7 8 1 10 5 1 9 4 3 4 2 9 10 6 7 2 6 11 0  R7: 0 5 10 0  R8: 0 8 1 0  R9: 0 9 2 9 10 0  
[3.534503698348999, 0.4148148000240326]	153588.0,83.0,156.0,13.0,823.0,139.0,1416.0,0.8561934389140271	 0.11539103282244416,0.10108303249097472,0.7654320987654321,0.7,0.34070221066319895,0.4148148148148148,0.6557017543859649,0.8796853595594506	 50 R1: 0 10 6 0  R2: 0 1 8 0  R3: 0 10 6 0  R4: 0 8 1 0  R5: 0 5 7 0  R6: 0 5 2 5 11 7 8 1 10 11 6 4 3 6 0  R7: 0 2 9 0  R8: 0 3 9 1 3 5 4 8 6 1 6 10 7 9 5 7 1 10 8 3 1 5 10 0  R9: 0 6 8 10 7 2 3 2 6 9 8 2 6 4 6 10 0  R10: 0 7 8 1 2 5 9 10 2 0  R11: 0 7 3 0  R12: 0 5 1 9 11 0  R13: 0 6 4 0  
[5.041199684143066, 0.6962962746620178]	182948.0,581.0,122.0,11.0,1329.0,177.0,1395.0,0.7719501142796598	 0.8152217958191309,1.0,0.345679012345679,0.5,0.9986996098829649,0.6962962962962963,0.6096491228070176,0.48067766259666306	 50 R1: 0 9 10 4 3 0  R2: 0 3 1 5 9 8 3 2 5 6 1 9 11 7 10 0  R3: 0 11 5 8 1 2 6 9 10 1 8 3 7 0  R4: 0 10 6 1 5 4 8 1 6 8 5 1 2 8 10 6 7 3 9 6 10 0  R5: 0 1 2 9 8 0  R6: 0 5 1 0  R7: 0 1 5 0  R8: 0 3 4 0  R9: 0 5 2 7 11 5 1 9 10 7 6 3 6 9 7 5 10 6 4 8 1 3 10 7 2 0  R10: 0 8 6 0  R11: 0 6 4 2 6 0  
[3.4316253662109375, 0.6000000238418579]	163695.0,228.0,131.0,11.0,1262.0,164.0,1159.0,0.7520371785077667	 0.35630348246847665,0.3628158844765343,0.4567901234567901,0.5,0.9115734720416124,0.6,0.09210526315789473,0.3863625975562506	 50 R1: 0 5 1 0  R2: 0 3 9 5 1 11 8 2 10 11 6 1 9 8 7 10 6 1 5 4 8 3 11 0  R3: 0 1 10 6 2 8 1 3 6 8 6 10 9 7 5 7 0  R4: 0 1 5 9 2 3 8 4 9 10 2 6 8 0  R5: 0 1 5 0  R6: 0 7 2 0  R7: 0 3 4 0  R8: 0 10 1 0  R9: 0 6 7 3 6 10 4 0  R10: 0 2 6 0  R11: 0 9 10 5 1 4 3 2 9 5 6 8 1 3 7 10 0  
[2.966224193572998, 0.6962962746620178]	169907.0,201.0,122.0,8.0,1164.0,177.0,1172.0,0.6973424145299145	 0.5043739422687293,0.3140794223826715,0.345679012345679,0.2,0.7841352405721717,0.6962962962962963,0.1206140350877193,0.12730786644912823	 50 R1: 0 3 9 2 7 5 1 2 9 6 10 6 8 1 5 7 10 0  R2: 0 1 10 5 3 2 6 9 0  R3: 0 8 2 8 1 0  R4: 0 11 8 2 6 8 1 3 6 7 10 6 5 4 7 2 3 6 10 0  R5: 0 5 1 3 5 1 8 9 2 10 11 6 1 9 7 10 6 5 1 4 8 3 1 10 5 0  R6: 0 8 9 5 1 9 11 2 9 7 10 6 10 1 0  R7: 0 6 4 0  R8: 0 4 3 0  
[3.567051649093628, 0.4888888895511627]	168856.0,36.0,156.0,13.0,923.0,149.0,1263.0,0.815135131962055	 0.47932209853884106,0.016245487364620937,0.7654320987654321,0.7,0.47074122236671,0.4888888888888889,0.3201754385964912,0.6852179573148072	 50 R1: 0 1 3 0  R2: 0 1 3 4 0  R3: 0 5 7 0  R4: 0 5 10 6 0  R5: 0 8 6 0  R6: 0 2 9 5 2 1 11 6 3 7 6 10 5 0  R7: 0 3 9 2 7 5 1 2 9 6 10 8 1 7 3 6 5 10 1 10 6 1 8 3 4 0  R8: 0 5 7 0  R9: 0 1 5 0  R10: 0 11 7 0  R11: 0 7 2 6 1 3 5 0  R12: 0 5 9 4 10 1 11 3 0  R13: 0 8 1 8 9 2 1 8 2 9 7 8 1 8 3 10 6 10 1 0  
[4.414563179016113, 0.18518517911434174]	185468.0,126.0,149.0,14.0,999.0,108.0,1339.0,0.8251488095238095	 0.8752890138965033,0.17870036101083034,0.6790123456790124,0.8,0.5695708712613784,0.18518518518518517,0.4868421052631579,0.7326464561232887	 50 R1: 0 1 3 1 5 8 2 5 10 7 3 4 6 9 1 6 5 3 2 6 7 6 10 1 4 0  R2: 0 6 1 6 10 8 7 10 1 0  R3: 0 1 3 0  R4: 0 10 1 4 6 0  R5: 0 3 10 0  R6: 0 10 1 0  R7: 0 8 6 0  R8: 0 9 11 0  R9: 0 2 9 0  R10: 0 8 1 8 3 0  R11: 0 3 5 2 5 9 10 0  R12: 0 11 6 5 7 2 8 10 6 0  R13: 0 7 8 1 2 0  R14: 0 11 2 9 7 6 9 5 2 10 3 5 8 1 7 3 1 5 4 0  
[4.1842360496521, 0.2222222238779068]	179172.0,91.0,137.0,15.0,796.0,113.0,1459.0,0.8570405179615705	 0.7252163134936714,0.11552346570397112,0.5308641975308642,0.9,0.305591677503251,0.2222222222222222,0.75,0.8836974407703084	 50 R1: 0 9 10 0  R2: 0 8 3 0  R3: 0 1 3 1 5 8 2 5 10 7 3 4 6 9 1 6 5 3 2 6 7 6 10 1 4 0  R4: 0 1 4 3 8 1 0  R5: 0 10 6 5 10 7 2 0  R6: 0 5 7 0  R7: 0 3 4 0  R8: 0 2 9 0  R9: 0 9 11 6 2 9 8 1 11 0  R10: 0 8 7 3 1 0  R11: 0 6 8 6 1 10 7 10 5 10 6 7 10 1 3 1 10 5 0  R12: 0 3 9 2 5 2 9 0  R13: 0 2 8 0  R14: 0 11 7 0  R15: 0 5 1 0  
[4.5968828201293945, 0.4444444477558136]	178559.0,302.0,175.0,10.0,1128.0,143.0,1340.0,0.763531746031746	 0.7106047243343742,0.4963898916967509,1.0,0.4,0.7373211963589077,0.4444444444444444,0.48903508771929827,0.44080514164187623	 50 R1: 0 5 1 8 1 9 0  R2: 0 3 5 2 7 10 8 1 6 5 6 1 3 6 3 4 6 4 10 2 7 3 1 5 9 6 8 0  R3: 0 1 5 1 4 3 5 1 2 5 9 10 9 11 0  R4: 0 10 6 0  R5: 0 6 10 0  R6: 0 11 2 9 8 6 11 7 6 2 8 0  R7: 0 10 1 0  R8: 0 6 4 0  R9: 0 9 10 5 1 8 1 2 5 7 9 8 3 10 6 1 10 0  R10: 0 4 3 7 9 7 10 5 1 2 8 6 3 0  
[4.169906139373779, 0.29629629850387573]	174527.0,314.0,128.0,11.0,1145.0,123.0,1388.0,0.7638791133109315	 0.6144971754105785,0.5180505415162455,0.41975308641975306,0.5,0.7594278283485045,0.2962962962962963,0.5942982456140351,0.4424504021853032	 50 R1: 0 9 11 6 10 0  R2: 0 5 1 0  R3: 0 3 5 2 7 10 8 1 6 5 6 1 3 6 2 9 6 4 7 10 1 3 6 8 10 0  R4: 0 1 5 10 6 1 11 8 2 10 5 7 3 7 10 0  R5: 0 1 5 9 2 9 4 8 6 3 0  R6: 0 7 3 0  R7: 0 6 4 8 3 0  R8: 0 8 1 0  R9: 0 9 5 1 9 11 2 3 4 10 6 0  R10: 0 8 1 0  R11: 0 4 8 5 1 5 1 3 2 1 5 6 7 0  
[4.12872838973999, 0.20000000298023224]	160614.0,213.0,159.0,12.0,968.0,110.0,1465.0,0.8152383870214752	 0.2828641575095941,0.33574007220216606,0.8024691358024691,0.6,0.52925877763329,0.2,0.7631578947368421,0.6857070116539827	 50 R1: 0 9 10 0  R2: 0 5 9 5 8 1 8 6 0  R3: 0 6 2 5 7 1 9 8 7 6 10 6 1 6 3 10 6 10 11 4 0  R4: 0 3 9 2 5 1 8 0  R5: 0 1 5 1 10 8 3 1 10 7 3 6 2 9 8 7 4 2 6 0  R6: 0 10 6 0  R7: 0 7 2 9 0  R8: 0 11 7 0  R9: 0 7 3 0  R10: 0 9 11 6 10 1 3 5 2 7 10 8 1 5 3 4 0  R11: 0 8 1 0  R12: 0 4 3 0  
[4.53456449508667, 0.31111112236976624]	171889.0,165.0,162.0,15.0,903.0,125.0,1447.0,0.825925925925926	 0.5516172860105356,0.2490974729241877,0.8395061728395061,0.9,0.4447334200260078,0.3111111111111111,0.7236842105263158,0.7363271682417416	 50 R1: 0 5 9 5 1 0  R2: 0 1 5 1 3 8 1 10 4 11 6 3 6 3 4 0  R3: 0 1 8 0  R4: 0 10 6 0  R5: 0 9 2 9 7 0  R6: 0 2 7 2 9 5 2 5 0  R7: 0 8 1 0  R8: 0 10 7 1 3 0  R9: 0 8 6 0  R10: 0 9 10 5 1 9 2 8 5 7 8 1 8 6 10 3 11 0  R11: 0 6 9 6 1 10 7 5 6 10 6 4 8 3 1 5 10 7 0  R12: 0 3 9 0  R13: 0 11 7 0  R14: 0 6 2 4 6 0  R15: 0 4 3 0  
[4.616563320159912, 0.385185182094574]	185022.0,190.0,158.0,13.0,975.0,135.0,1388.0,0.8348980186480186	 0.8646580697447144,0.29422382671480146,0.7901234567901234,0.7,0.5383615084525357,0.3851851851851852,0.5942982456140351,0.7788223341141285	 50 R1: 0 5 7 2 5 9 1 0  R2: 0 1 5 2 8 1 8 1 5 9 6 8 1 9 7 3 10 6 8 4 3 0  R3: 0 6 1 0  R4: 0 10 6 0  R5: 0 10 1 0  R6: 0 5 1 5 9 1 3 8 5 1 10 4 6 3 6 4 10 6 8 1 3 1 5 10 0  R7: 0 2 9 0  R8: 0 10 11 7 6 0  R9: 0 6 8 5 7 3 6 5 7 0  R10: 0 3 9 0  R11: 0 5 1 0  R12: 0 11 2 9 2 9 7 2 9 5 2 7 8 10 7 3 11 6 10 0  R13: 0 2 6 0  
[5.322414398193359, 0.4592592716217041]	187722.0,255.0,169.0,15.0,945.0,145.0,1484.0,0.851745951417004	 0.9290158033990418,0.41155234657039713,0.9259259259259259,0.9,0.49934980494148246,0.45925925925925926,0.8048245614035088,0.8586204057348005	 50 R1: 0 1 5 1 3 11 7 8 6 10 7 0  R2: 0 1 2 9 8 0  R3: 0 10 6 0  R4: 0 6 10 9 11 7 10 0  R5: 0 1 4 0  R6: 0 5 2 7 5 9 5 1 2 5 1 8 1 9 6 7 10 8 1 8 1 3 6 4 5 0  R7: 0 2 9 0  R8: 0 9 6 1 3 6 3 5 1 4 10 1 3 10 6 10 2 7 0  R9: 0 3 9 0  R10: 0 11 6 0  R11: 0 2 8 0  R12: 0 7 3 0  R13: 0 6 4 0  R14: 0 8 1 8 1 6 9 4 10 8 3 0  R15: 0 2 6 0  
[4.044945240020752, 0.4444444477558136]	167608.0,199.0,156.0,12.0,1033.0,143.0,1337.0,0.8232291666666667	 0.44957452387195196,0.3104693140794224,0.7654320987654321,0.6,0.6137841352405722,0.4444444444444444,0.4824561403508772,0.7235543140604722	 50 R1: 0 9 10 6 10 0  R2: 0 5 1 5 9 8 1 5 1 4 3 2 9 6 4 8 1 7 6 10 0  R3: 0 8 3 0  R4: 0 3 9 2 5 2 9 0  R5: 0 1 5 1 3 11 7 8 6 10 7 1 2 9 8 10 6 7 6 10 1 4 1 5 0  R6: 0 10 6 0  R7: 0 2 5 0  R8: 0 5 1 0  R9: 0 7 2 0  R10: 0 7 3 0  R11: 0 8 1 0  R12: 0 9 11 2 9 8 7 10 5 1 6 2 7 3 10 6 11 0  
[4.438449382781982, 0.5777778029441833]	173605.0,314.0,164.0,11.0,1242.0,161.0,1266.0,0.7513613579403053	 0.5925202011775081,0.5180505415162455,0.8641975308641975,0.5,0.8855656697009102,0.5777777777777777,0.3267543859649123,0.3831616601602821	 50 R1: 0 9 5 9 10 3 4 2 9 1 11 8 3 6 1 5 7 10 0  R2: 0 3 9 0  R3: 0 1 10 6 1 2 5 1 3 8 9 2 8 0  R4: 0 2 5 9 8 1 6 2 8 3 7 9 10 6 7 10 1 4 5 0  R5: 0 1 4 0  R6: 0 7 3 0  R7: 0 5 1 10 7 11 7 2 3 11 6 0  R8: 0 8 6 0  R9: 0 2 6 0  R10: 0 9 10 6 10 1 8 5 1 5 2 6 4 8 3 1 7 0  R11: 0 4 3 0  
[3.396963596343994, 0.5185185074806213]	165596.0,153.0,159.0,9.0,1149.0,153.0,1188.0,0.7451104179045356	 0.4016160942006531,0.22743682310469315,0.8024691358024691,0.3,0.764629388816645,0.5185185185185185,0.15570175438596492,0.35355488480626823	 50 R1: 0 3 1 3 8 1 5 6 9 10 4 7 3 5 1 8 10 6 1 3 7 10 4 0  R2: 0 2 8 0  R3: 0 10 6 0  R4: 0 2 1 2 9 8 2 5 1 8 9 7 6 10 6 1 2 8 3 4 6 0  R5: 0 11 7 5 1 0  R6: 0 7 3 1 6 10 5 0  R7: 0 5 1 5 9 7 10 2 8 11 6 3 1 6 10 4 0  R8: 0 9 5 9 10 1 2 9 11 0  R9: 0 8 1 0  
[3.95219349861145, 0.37037035822868347]	169057.0,156.0,173.0,11.0,1179.0,133.0,1197.0,0.7808399933399933	 0.484113174266441,0.2328519855595668,0.9753086419753086,0.5,0.8036410923276983,0.37037037037037035,0.17543859649122806,0.5227834340098481	 50 R1: 0 5 11 7 1 8 6 11 6 0  R2: 0 3 1 3 8 1 5 6 9 10 4 3 7 8 5 1 10 6 1 2 3 10 4 0  R3: 0 5 7 10 6 0  R4: 0 10 6 0  R5: 0 9 7 0  R6: 0 7 2 8 2 10 1 6 9 2 8 5 2 8 7 1 6 10 3 5 0  R7: 0 2 5 0  R8: 0 1 5 10 1 8 4 9 6 5 7 1 0  R9: 0 3 4 0  R10: 0 9 8 1 2 6 4 11 7 3 9 6 10 0  R11: 0 8 1 0  
[4.4402666091918945, 0.3333333432674408]	175568.0,182.0,158.0,14.0,946.0,128.0,1390.0,0.8317144660894661	 0.6393106571639692,0.27978339350180503,0.7901234567901234,0.8,0.5006501950585176,0.3333333333333333,0.5986842105263158,0.7637438459364454	 50 R1: 0 1 3 0  R2: 0 10 6 0  R3: 0 2 5 1 8 9 8 6 5 7 1 3 4 9 7 0  R4: 0 10 1 0  R5: 0 5 1 3 11 7 8 6 1 11 6 8 1 5 10 6 4 7 3 1 5 0  R6: 0 9 11 0  R7: 0 9 10 6 3 1 2 5 7 6 8 3 10 6 10 9 1 0  R8: 0 3 9 0  R9: 0 1 5 0  R10: 0 7 2 9 0  R11: 0 6 8 4 3 0  R12: 0 8 5 1 2 9 10 5 2 8 0  R13: 0 2 6 0  R14: 0 4 3 7 10 0  
[3.3812623023986816, 0.3333333432674408]	150068.0,175.0,158.0,9.0,926.0,128.0,1443.0,0.8029487014103887	 0.031487617095320955,0.26714801444043323,0.7901234567901234,0.3,0.47464239271781533,0.3333333333333333,0.7149122807017544,0.6274984927789349	 50 R1: 0 3 9 0  R2: 0 1 3 2 5 1 8 6 9 10 8 7 1 6 5 4 10 7 3 1 5 10 2 0  R3: 0 1 4 11 7 5 1 3 11 6 1 3 9 7 10 4 0  R4: 0 5 10 6 7 8 1 2 5 10 5 1 4 3 2 9 8 7 0  R5: 0 8 6 0  R6: 0 6 4 0  R7: 0 9 3 11 6 5 7 10 6 8 1 8 6 3 10 0  R8: 0 2 9 0  R9: 0 2 6 0  
[2.7731945514678955, 0.614814817905426]	148747.0,171.0,122.0,9.0,868.0,166.0,1416.0,0.81266620657925	 0.0,0.259927797833935,0.345679012345679,0.3,0.3992197659297789,0.6148148148148148,0.6557017543859649,0.6735242090535462	 50 R1: 0 10 7 6 10 0  R2: 0 3 9 1 3 2 5 1 8 6 9 10 8 7 1 6 5 4 10 7 3 1 5 10 0  R3: 0 10 5 10 5 7 2 9 8 1 6 9 11 2 8 9 6 4 2 6 0  R4: 0 2 5 0  R5: 0 9 7 0  R6: 0 2 1 11 7 5 8 9 11 4 3 6 3 4 5 7 10 6 2 8 1 3 0  R7: 0 5 1 7 0  R8: 0 8 1 0  R9: 0 6 10 0  
[4.278393268585205, 0.3333333432674408]	183040.0,92.0,153.0,13.0,771.0,128.0,1481.0,0.8439276001776002	 0.817414726002908,0.11732851985559567,0.7283950617283951,0.7,0.27308192457737324,0.3333333333333333,0.7982456140350878,0.8215897883461788	 50 R1: 0 10 6 0  R2: 0 1 3 1 8 5 2 5 0  R3: 0 10 6 1 7 3 2 8 10 9 6 3 10 5 7 6 4 8 1 3 10 0  R4: 0 6 10 0  R5: 0 3 4 0  R6: 0 10 1 8 6 3 10 0  R7: 0 5 10 2 5 9 8 1 6 8 9 11 9 7 0  R8: 0 2 11 7 9 6 5 11 7 2 8 1 6 0  R9: 0 9 5 1 2 7 10 5 1 0  R10: 0 5 1 0  R11: 0 3 9 0  R12: 0 7 3 0  R13: 0 4 8 2 9 1 3 6 2 4 6 1 5 0  
[3.4372963905334473, 0.6518518328666687]	164915.0,191.0,142.0,10.0,967.0,171.0,1329.0,0.7704208839406208	 0.3853836436011727,0.296028880866426,0.5925925925925926,0.4,0.5279583875162549,0.6518518518518519,0.4649122807017544,0.4734346593278126	 50 R1: 0 8 3 1 5 0  R2: 0 3 5 10 2 9 2 9 5 0  R3: 0 1 5 3 0  R4: 0 10 6 1 3 8 1 2 5 10 1 7 3 5 6 7 10 6 2 6 4 3 10 6 10 0  R5: 0 3 4 3 9 7 10 6 0  R6: 0 7 5 9 1 8 2 6 1 6 10 0  R7: 0 11 5 1 6 8 9 10 8 1 5 1 10 6 8 7 11 1 0  R8: 0 7 3 0  R9: 0 2 9 0  R10: 0 9 11 2 6 2 8 0  
[3.82709002494812, 0.37037035822868347]	175254.0,119.0,148.0,12.0,963.0,133.0,1313.0,0.8099508130758131	 0.6318260911019474,0.16606498194945848,0.6666666666666666,0.6,0.5227568270481144,0.37037037037037035,0.4298245614035088,0.6606630961658896	 50 R1: 0 10 9 10 8 1 7 10 6 0  R2: 0 5 11 5 1 6 9 2 8 7 0  R3: 0 3 5 10 2 9 2 9 5 8 5 1 3 6 3 5 1 7 4 10 1 3 1 5 10 0  R4: 0 11 6 9 11 0  R5: 0 1 3 5 1 8 0  R6: 0 1 3 0  R7: 0 7 2 0  R8: 0 1 4 0  R9: 0 8 1 8 2 5 6 7 10 2 9 7 6 1 6 7 3 6 10 4 8 0  R10: 0 2 6 0  R11: 0 8 1 8 3 0  R12: 0 4 3 0  
[3.5718295574188232, 0.5629629492759705]	164665.0,364.0,94.0,10.0,1122.0,159.0,1418.0,0.7944950313585897	 0.37942459418873503,0.6083032490974729,0.0,0.4,0.729518855656697,0.562962962962963,0.6600877192982456,0.5874587693600001	 50 R1: 0 10 7 4 3 0  R2: 0 3 9 1 5 2 11 7 8 11 6 8 3 1 9 4 8 1 0  R3: 0 2 8 0  R4: 0 10 1 6 8 1 8 3 9 10 9 11 7 10 6 2 7 1 8 3 10 4 0  R5: 0 1 7 2 8 6 8 0  R6: 0 5 7 0  R7: 0 5 2 5 9 5 1 2 5 6 5 10 3 9 7 5 1 5 1 10 6 1 7 1 4 5 0  R8: 0 2 9 0  R9: 0 6 10 0  R10: 0 2 6 0  
[3.9900705814361572, 0.29629629850387573]	176899.0,51.0,157.0,14.0,895.0,123.0,1312.0,0.8359729308390023	 0.6710366362357877,0.04332129963898917,0.7777777777777778,0.8,0.4343302990897269,0.2962962962962963,0.4276315789473684,0.7839135177731675	 50 R1: 0 8 3 6 10 0  R2: 0 5 9 0  R3: 0 6 1 0  R4: 0 10 1 4 7 3 2 8 9 3 6 7 9 5 10 6 4 8 3 1 10 7 5 0  R5: 0 2 9 0  R6: 0 2 9 5 1 6 8 6 10 2 8 5 1 10 1 0  R7: 0 9 2 5 1 3 4 7 0  R8: 0 10 7 0  R9: 0 3 9 0  R10: 0 1 5 10 2 1 8 5 0  R11: 0 11 8 1 2 11 9 11 8 1 6 7 5 0  R12: 0 7 2 6 3 0  R13: 0 6 4 0  R14: 0 4 3 0  
[3.487133741378784, 0.46666666865348816]	159803.0,151.0,161.0,9.0,856.0,146.0,1437.0,0.7872441520467837	 0.2635330012156461,0.22382671480144403,0.8271604938271605,0.3,0.3836150845253576,0.4666666666666667,0.7017543859649122,0.5531159099380137	 50 R1: 0 3 9 1 3 4 11 5 7 0  R2: 0 11 6 0  R3: 0 10 6 0  R4: 0 7 5 2 9 2 5 6 1 6 8 2 9 5 1 8 10 1 0  R5: 0 2 5 1 8 1 8 10 7 5 7 2 1 5 8 2 7 6 0  R6: 0 7 3 0  R7: 0 5 10 0  R8: 0 9 4 3 9 7 10 6 4 10 1 3 6 10 11 0  R9: 0 8 5 1 6 9 10 3 6 7 10 2 8 6 4 8 1 3 5 0  
[3.2821738719940186, 0.5407407283782959]	159192.0,226.0,141.0,8.0,1055.0,156.0,1341.0,0.7601314484126984	 0.24896908445164828,0.3592057761732852,0.5802469135802469,0.2,0.6423927178153446,0.5407407407407407,0.49122807017543857,0.42470006829805024	 50 R1: 0 9 10 9 3 4 11 0  R2: 0 10 7 0  R3: 0 3 9 1 3 4 11 5 7 6 2 11 5 6 10 7 1 9 5 8 2 6 10 1 5 7 4 0  R4: 0 3 4 3 6 0  R5: 0 7 2 8 9 8 5 7 2 6 2 6 8 7 3 1 6 10 9 4 0  R6: 0 2 8 1 5 9 6 2 1 8 1 5 10 1 6 8 3 10 1 0  R7: 0 10 1 0  R8: 0 5 10 6 5 9 1 8 0  
[3.7777211666107178, 0.4000000059604645]	168209.0,218.0,153.0,9.0,991.0,137.0,1384.0,0.7959665669810597	 0.46390007865945226,0.3447653429602888,0.7283950617283951,0.3,0.5591677503250976,0.4,0.5855263157894737,0.5944285090072522	 50 R1: 0 10 7 0  R2: 0 3 9 2 11 5 7 8 9 5 3 7 2 8 6 7 2 6 3 1 5 10 0  R3: 0 1 3 5 9 1 8 0  R4: 0 1 3 0  R5: 0 10 5 10 1 7 4 5 6 2 9 11 5 6 10 9 7 1 5 7 2 8 3 10 6 1 10 0  R6: 0 9 11 3 4 2 9 10 6 10 1 0  R7: 0 8 1 8 1 6 8 1 0  R8: 0 2 9 0  R9: 0 4 8 3 6 4 1 6 4 0  
