[88450.796875, 1476.0]	171814,194,145,11,1101,123,1286,0.7755664678458796	 50 R1: 0 10 7 0  R2: 0 3 1 4 3 9 0  R3: 0 5 9 0  R4: 0 1 3 1 5 1 8 1 8 5 7 6 8 1 0  R5: 0 6 1 9 11 9 7 0  R6: 0 10 5 10 2 7 8 6 9 1 9 10 3 6 7 10 6 4 2 7 3 1 6 5 10 0  R7: 0 6 10 0  R8: 0 11 2 7 6 2 11 5 1 6 8 9 10 6 2 6 0  R9: 0 10 1 0  R10: 0 4 3 2 3 5 7 5 1 6 8 3 9 4 10 0  R11: 0 8 1 0  
[87444.1953125, 1884.0]	169522,198,162,11,1080,157,1293,0.779165799875182	 50 R1: 0 9 5 1 8 1 9 7 6 10 6 4 8 1 8 1 5 3 0  R2: 0 3 9 0  R3: 0 5 8 1 8 1 9 0  R4: 0 2 8 0  R5: 0 1 5 10 0  R6: 0 10 1 3 7 4 8 9 6 1 3 10 5 7 5 1 10 1 3 2 6 10 0  R7: 0 2 1 2 9 5 8 11 6 0  R8: 0 11 7 5 1 2 6 10 9 7 3 11 5 8 4 7 6 3 4 0  R9: 0 2 9 0  R10: 0 2 6 0  R11: 0 4 3 0  
[81914.078125, 1488.0]	167830,221,167,12,949,124,1458,0.8015128968253968	 50 R1: 0 9 10 11 2 8 6 0  R2: 0 10 7 0  R3: 0 5 9 0  R4: 0 3 9 0  R5: 0 1 5 1 10 2 9 3 2 5 6 1 4 0  R6: 0 10 6 0  R7: 0 7 11 7 2 0  R8: 0 2 1 8 5 1 6 8 6 4 3 10 3 4 0  R9: 0 8 1 8 1 8 5 3 9 7 5 10 6 5 1 10 8 1 3 7 0  R10: 0 6 10 0  R11: 0 2 6 4 0  R12: 0 9 5 1 9 8 1 2 6 10 6 7 4 3 1 5 9 10 11 0  
[94510.953125, 1836.0]	174978,221,152,12,1196,153,1192,0.7978599310094409	 50 R1: 0 9 5 6 7 2 8 6 4 8 1 10 1 5 0  R2: 0 5 1 0  R3: 0 5 9 7 2 8 6 0  R4: 0 3 1 5 1 8 3 9 6 1 4 3 7 10 0  R5: 0 10 6 0  R6: 0 11 6 0  R7: 0 9 7 0  R8: 0 1 4 0  R9: 0 7 3 0  R10: 0 5 10 2 11 8 6 9 7 10 5 1 9 3 2 9 5 1 10 1 3 4 6 10 7 11 0  R11: 0 2 8 2 6 1 3 8 1 5 9 7 6 4 8 3 0  R12: 0 2 6 0  
[80514.3359375, 1524.0]	158096,180,161,10,977,127,1405,0.7862896825396826	 50 R1: 0 9 5 7 4 2 8 9 6 10 3 10 4 0  R2: 0 10 7 0  R3: 0 3 9 0  R4: 0 1 5 1 7 2 9 3 2 11 5 6 4 9 7 5 7 0  R5: 0 10 6 0  R6: 0 5 1 0  R7: 0 11 8 1 8 7 6 0  R8: 0 5 2 5 9 1 5 1 6 8 9 3 6 3 4 10 6 11 7 10 1 6 3 10 0  R9: 0 2 6 0  R10: 0 9 5 6 2 8 1 7 6 4 10 8 1 8 1 5 3 0  
[86804.953125, 1824.0]	165915,223,165,10,1083,152,1286,0.7612421750076549	 50 R1: 0 9 5 9 7 2 9 11 5 1 2 6 4 7 10 6 8 10 0  R2: 0 5 11 7 6 1 10 8 7 2 9 10 6 0  R3: 0 3 9 5 7 5 2 9 8 1 11 6 1 3 6 5 7 4 10 8 1 8 1 5 3 0  R4: 0 1 3 5 0  R5: 0 1 3 4 0  R6: 0 10 6 0  R7: 0 2 5 0  R8: 0 2 5 1 8 1 0  R9: 0 8 6 0  R10: 0 9 5 2 4 8 7 10 6 3 10 4 7 3 10 1 0  
[86769.0703125, 1596.0]	176857,270,157,11,1036,133,1432,0.7778949797622399	 50 R1: 0 3 9 0  R2: 0 8 3 0  R3: 0 11 6 10 1 3 4 0  R4: 0 5 9 2 9 0  R5: 0 1 5 2 1 5 1 8 6 8 3 4 3 0  R6: 0 10 6 0  R7: 0 9 7 6 4 10 6 8 3 10 1 0  R8: 0 11 7 8 2 5 7 8 2 9 5 7 1 6 7 3 4 8 0  R9: 0 5 1 5 9 7 3 8 10 6 3 2 6 4 7 0  R10: 0 8 1 0  R11: 0 9 5 9 2 7 11 5 1 10 2 6 1 6 10 5 0  
[80989.9609375, 1776.0]	158654,104,151,8,1035,148,1229,0.7489268207282913	 50 R1: 0 3 9 1 3 8 4 5 6 10 11 1 3 8 5 6 5 1 2 4 8 3 6 7 0  R2: 0 7 2 5 9 1 0  R3: 0 2 5 1 8 9 8 6 1 4 3 2 8 9 6 7 3 4 1 5 0  R4: 0 6 10 0  R5: 0 11 8 2 5 7 5 9 7 8 1 7 10 11 0  R6: 0 10 1 0  R7: 0 5 10 6 0  R8: 0 9 2 9 10 3 9 4 10 6 8 3 6 10 1 7 0  
[82847.1015625, 1836.0]	161297,84,125,10,1053,153,1199,0.7547326516076516	 50 R1: 0 9 6 4 3 2 8 1 10 8 7 3 1 0  R2: 0 5 1 0  R3: 0 3 9 1 3 8 4 5 6 10 11 1 3 8 5 6 5 7 1 2 4 3 6 1 5 10 0  R4: 0 8 3 0  R5: 0 8 2 9 2 5 7 1 8 7 1 10 6 0  R6: 0 2 1 2 9 5 8 0  R7: 0 10 6 4 1 0  R8: 0 3 4 0  R9: 0 5 10 6 5 7 11 7 8 6 9 2 0  R10: 0 9 11 2 9 7 0  
[71820.1328125, 1716.0]	163881,96,156,9,819,143,1401,0.8081723027375202	 50 R1: 0 3 9 2 5 7 9 2 6 8 10 4 3 7 9 7 0  R2: 0 1 3 1 8 5 1 8 9 11 3 6 7 2 5 10 6 4 9 8 3 7 0  R3: 0 10 6 0  R4: 0 6 9 11 10 0  R5: 0 11 7 0  R6: 0 5 1 4 3 8 1 2 5 1 7 2 8 5 1 10 6 2 6 4 1 0  R7: 0 2 9 0  R8: 0 6 10 0  R9: 0 9 6 2 8 3 4 1 10 6 8 7 3 1 5 10 0  
[76767.1875, 2064.0]	158243,166,156,8,932,172,1360,0.7751483585858586	 50 R1: 0 3 9 2 5 7 9 2 6 8 10 4 3 7 9 7 6 5 1 6 8 3 10 4 0  R2: 0 11 6 0  R3: 0 1 3 1 8 5 2 9 5 1 6 8 10 1 10 6 7 3 2 6 10 0  R4: 0 10 6 0  R5: 0 11 7 8 1 6 9 5 9 11 7 5 7 1 10 2 1 6 1 5 0  R6: 0 3 4 2 8 9 8 1 0  R7: 0 5 1 4 3 10 0  R8: 0 2 9 0  
[74948.640625, 1992.0]	171600,165,155,10,838,166,1442,0.8227738095238095	 50 R1: 0 9 5 7 1 10 0  R2: 0 3 9 2 5 7 9 2 6 8 10 4 3 7 9 7 6 5 1 6 8 3 10 4 0  R3: 0 1 3 0  R4: 0 1 5 1 3 0  R5: 0 10 6 5 1 10 1 5 1 8 11 6 9 11 2 8 4 7 3 0  R6: 0 11 8 1 2 6 1 5 3 5 7 10 6 4 8 1 6 1 10 5 0  R7: 0 10 1 0  R8: 0 2 9 0  R9: 0 2 6 0  R10: 0 9 2 6 10 8 1 2 9 0  
[85786.484375, 1572.0]	168487,220,124,7,1115,131,1277,0.6704636400014552	 50 R1: 0 9 6 9 10 2 8 9 8 3 1 10 11 0  R2: 0 3 1 4 3 8 1 8 10 5 1 9 7 0  R3: 0 1 3 5 1 5 1 2 8 11 6 8 1 5 10 6 9 2 6 4 0  R4: 0 7 11 7 8 6 2 8 3 4 0  R5: 0 5 10 2 5 6 2 9 0  R6: 0 9 5 1 3 7 10 2 5 6 7 3 1 6 10 5 0  R7: 0 4 3 9 7 5 7 6 4 10 1 8 3 0  
[80558.046875, 1680.0]	153468,53,161,10,1019,140,1178,0.7702083333333334	 50 R1: 0 3 1 3 8 5 8 1 9 5 4 7 1 3 5 1 4 2 6 7 1 5 4 0  R2: 0 6 8 0  R3: 0 10 6 0  R4: 0 3 6 7 10 0  R5: 0 7 2 0  R6: 0 2 5 11 2 9 2 5 7 0  R7: 0 8 10 11 6 8 1 9 6 7 10 6 7 3 4 0  R8: 0 5 1 10 1 8 4 0  R9: 0 6 10 0  R10: 0 9 6 9 10 2 8 9 1 10 8 3 11 1 10 0  
[82217.7578125, 1704.0]	176603,179,155,13,936,142,1394,0.8189102564102564	 50 R1: 0 9 10 9 3 4 11 0  R2: 0 8 3 0  R3: 0 10 6 1 4 0  R4: 0 1 8 0  R5: 0 8 2 6 10 7 3 6 7 5 2 9 8 7 10 6 4 1 3 0  R6: 0 2 5 7 5 1 2 0  R7: 0 3 10 0  R8: 0 5 10 0  R9: 0 9 2 0  R10: 0 3 1 3 5 8 1 9 8 5 7 4 1 3 5 1 6 2 7 6 1 5 10 0  R11: 0 11 6 8 10 1 6 4 10 8 6 1 0  R12: 0 2 9 8 7 0  R13: 0 11 2 9 7 0  
[75074.8828125, 1584.0]	167911,121,162,11,845,132,1420,0.809962966990479	 50 R1: 0 5 1 0  R2: 0 3 9 5 10 5 2 9 8 1 6 1 6 10 3 4 2 9 0  R3: 0 11 6 0  R4: 0 1 3 5 1 8 0  R5: 0 1 3 4 0  R6: 0 10 6 0  R7: 0 7 11 2 8 6 7 0  R8: 0 2 8 1 5 6 2 5 7 1 2 9 7 10 5 1 10 8 1 7 0  R9: 0 6 4 2 6 0  R10: 0 9 10 9 11 3 10 6 4 2 8 3 1 6 10 7 5 0  R11: 0 4 8 1 3 10 6 7 8 3 0  
[89482.46875, 1752.0]	175337,282,157,14,1049,146,1415,0.8299610805860806	 50 R1: 0 9 11 10 6 0  R2: 0 1 3 5 1 8 1 2 6 8 3 6 7 5 9 7 5 1 7 2 8 6 10 3 0  R3: 0 6 1 6 10 8 1 0  R4: 0 10 6 0  R5: 0 1 5 0  R6: 0 2 5 0  R7: 0 3 10 0  R8: 0 10 6 4 1 0  R9: 0 5 1 3 5 10 8 9 2 5 1 9 3 4 2 6 10 6 8 1 9 11 6 4 10 0  R10: 0 3 9 0  R11: 0 7 2 0  R12: 0 11 2 7 8 5 10 7 6 2 9 8 0  R13: 0 7 3 0  R14: 0 4 3 0  
[91489.9609375, 1728.0]	170902,235,160,13,1123,144,1289,0.8151260504201681	 50 R1: 0 9 10 4 3 9 7 0  R2: 0 1 5 1 3 5 1 2 6 8 9 10 7 10 6 5 10 6 8 1 4 6 1 5 10 11 0  R3: 0 6 1 5 7 2 3 5 9 10 1 4 7 0  R4: 0 1 8 1 8 1 8 6 0  R5: 0 10 6 0  R6: 0 8 1 0  R7: 0 9 11 10 6 3 2 8 5 1 6 8 3 7 10 4 0  R8: 0 3 9 2 5 2 9 0  R9: 0 7 2 0  R10: 0 11 7 0  R11: 0 7 3 0  R12: 0 5 1 0  R13: 0 2 6 0  
[95800.5859375, 1992.0]	167875,287,167,12,1221,166,1270,0.7698477965747703	 50 R1: 0 3 9 0  R2: 0 5 1 5 1 8 9 6 1 3 6 0  R3: 0 11 6 0  R4: 0 1 10 3 2 5 6 0  R5: 0 5 7 0  R6: 0 2 5 0  R7: 0 7 11 2 8 5 1 8 1 6 7 10 6 0  R8: 0 5 1 5 10 8 1 8 1 6 3 6 10 2 9 7 10 6 4 8 7 8 6 1 5 10 3 0  R9: 0 2 9 0  R10: 0 2 6 0  R11: 0 9 10 9 7 4 3 2 9 5 1 6 10 1 3 10 4 11 0  R12: 0 8 1 0  
[84391.171875, 1668.0]	171038,271,174,10,1005,139,1459,0.7967296388252271	 50 R1: 0 10 7 9 10 0  R2: 0 5 8 1 9 6 8 5 7 2 6 7 10 8 10 1 0  R3: 0 3 9 5 1 5 1 8 9 6 1 3 6 10 2 6 5 1 6 7 3 10 1 5 9 4 0  R4: 0 1 5 2 5 3 0  R5: 0 1 3 4 7 2 0  R6: 0 10 6 0  R7: 0 6 10 9 3 4 11 0  R8: 0 11 2 7 2 5 11 8 1 5 6 7 10 6 8 1 8 6 3 10 9 0  R9: 0 2 6 0  R10: 0 4 3 9 7 0  
[90001.3828125, 1452.0]	172519,253,137,9,1147,121,1298,0.7545804504137837	 50 R1: 0 9 10 9 2 7 10 11 8 2 6 4 0  R2: 0 3 9 2 11 5 7 8 6 1 4 3 0  R3: 0 1 5 1 5 3 9 2 10 6 11 7 5 2 6 10 9 10 1 0  R4: 0 6 1 5 3 5 6 7 5 1 8 1 8 6 10 3 4 0  R5: 0 10 5 10 1 7 5 9 1 8 6 1 9 2 3 9 6 10 7 6 7 3 1 5 10 4 8 0  R6: 0 8 1 0  R7: 0 5 1 0  R8: 0 8 1 0  R9: 0 2 9 0  
[72885.2578125, 1632.0]	153034,91,130,12,831,136,1392,0.8283099241158451	 50 R1: 0 5 9 1 8 0  R2: 0 3 9 1 3 11 5 7 2 6 5 6 1 8 9 1 7 4 0  R3: 0 2 8 0  R4: 0 10 5 6 10 8 1 0  R5: 0 2 7 2 9 8 1 11 5 4 3 1 5 6 7 5 1 2 6 4 0  R6: 0 6 10 0  R7: 0 7 3 0  R8: 0 10 1 8 3 0  R9: 0 3 4 0  R10: 0 8 6 0  R11: 0 2 9 0  R12: 0 9 10 9 2 7 10 11 6 4 10 8 3 6 1 5 10 0  
[86529.078125, 2208.0]	164668,347,163,11,1036,184,1452,0.7973798297661934	 50 R1: 0 9 5 7 8 1 2 9 10 6 8 1 3 10 0  R2: 0 10 6 10 7 0  R3: 0 3 9 2 5 9 1 8 0  R4: 0 1 3 5 0  R5: 0 10 6 0  R6: 0 9 7 0  R7: 0 3 4 6 3 5 7 0  R8: 0 7 2 5 1 8 6 11 1 2 6 7 8 9 6 4 2 1 5 6 10 0  R9: 0 11 7 0  R10: 0 10 1 0  R11: 0 5 1 3 8 1 2 9 5 1 9 11 3 4 6 5 1 2 7 8 10 6 10 4 3 0  
[81532.5390625, 2028.0]	156764,157,158,9,1029,169,1299,0.7068569094304389	 50 R1: 0 9 5 10 9 7 2 8 5 1 7 11 3 6 10 0  R2: 0 3 1 5 9 11 7 3 10 0  R3: 0 10 6 0  R4: 0 7 2 9 0  R5: 0 2 5 9 1 5 1 8 6 11 6 0  R6: 0 1 4 0  R7: 0 8 1 8 2 6 1 5 3 7 6 4 10 8 0  R8: 0 9 10 6 10 7 3 2 10 9 1 6 8 1 3 4 0  R9: 0 4 8 9 5 7 1 10 2 6 1 3 5 0  
[86279.6953125, 1368.0]	173363,174,162,12,1037,114,1359,0.8084001068376069	 50 R1: 0 3 1 5 9 11 7 3 10 6 9 10 1 7 2 5 9 8 2 1 5 6 7 10 0  R2: 0 11 6 4 8 1 6 3 8 1 4 10 0  R3: 0 10 6 0  R4: 0 2 5 0  R5: 0 2 1 5 8 1 8 6 5 3 9 7 6 10 6 0  R6: 0 1 4 5 7 2 9 0  R7: 0 3 4 0  R8: 0 10 1 8 3 0  R9: 0 6 4 0  R10: 0 8 1 0  R11: 0 2 9 0  R12: 0 9 5 10 9 7 2 8 5 1 11 7 3 6 10 0  
[92982.7265625, 1644.0]	175343,294,162,11,1158,137,1352,0.7854055258467023	 50 R1: 0 10 7 0  R2: 0 3 1 5 9 11 7 3 10 6 9 10 1 7 2 5 9 8 2 1 5 6 7 10 0  R3: 0 11 6 4 8 1 6 3 8 1 4 10 6 10 0  R4: 0 2 8 0  R5: 0 10 6 0  R6: 0 7 1 8 2 0  R7: 0 2 5 2 5 1 8 6 5 1 3 9 7 6 10 6 0  R8: 0 1 4 0  R9: 0 7 6 4 3 0  R10: 0 8 1 8 2 5 7 9 3 4 1 5 1 11 10 8 3 10 1 0  R11: 0 9 2 0  
[81451.0234375, 1692.0]	163483,185,161,10,982,141,1353,0.8112882226469182	 50 R1: 0 5 1 8 9 8 6 1 3 6 3 4 5 1 0  R2: 0 3 9 0  R3: 0 1 5 10 2 8 1 2 6 10 7 6 5 8 2 1 9 6 7 3 10 4 0  R4: 0 10 1 3 7 5 6 8 1 9 10 11 2 7 10 5 7 8 2 3 6 1 5 10 4 0  R5: 0 11 7 0  R6: 0 10 1 0  R7: 0 5 7 1 0  R8: 0 9 11 9 7 6 4 10 6 8 1 8 3 0  R9: 0 2 9 0  R10: 0 4 3 0  
[81194.203125, 1920.0]	167017,195,160,10,969,160,1381,0.7985838174982912	 50 R1: 0 9 5 1 2 10 8 6 7 6 10 1 3 4 10 0  R2: 0 5 2 9 5 1 6 8 9 3 7 10 11 10 6 7 8 1 3 4 0  R3: 0 3 9 0  R4: 0 11 6 0  R5: 0 1 5 10 6 1 8 3 2 5 10 7 6 10 8 1 9 7 0  R6: 0 2 5 7 2 0  R7: 0 11 7 0  R8: 0 5 1 3 8 1 8 9 6 4 3 6 1 5 1 10 2 8 3 6 7 0  R9: 0 2 9 0  R10: 0 6 1 10 5 0  
[77220.0, 1128.0]	181271,106,162,15,808,94,1475,0.8689835858585858	 50 R1: 0 1 3 5 0  R2: 0 1 3 0  R3: 0 10 6 0  R4: 0 9 7 5 7 0  R5: 0 5 7 4 3 0  R6: 0 1 4 0  R7: 0 5 2 5 9 1 8 10 6 9 10 3 6 8 1 5 1 6 7 3 4 6 10 0  R8: 0 2 9 0  R9: 0 9 5 1 2 7 10 6 10 6 4 8 1 3 10 0  R10: 0 3 9 0  R11: 0 2 8 0  R12: 0 2 5 6 1 6 8 1 10 0  R13: 0 7 2 0  R14: 0 11 7 5 1 8 10 11 9 7 3 6 2 9 11 10 8 3 1 5 4 0  R15: 0 2 6 0  
[72009.359375, 1524.0]	162600,107,147,9,827,127,1453,0.7853930161710482	 50 R1: 0 9 10 11 6 8 1 0  R2: 0 3 9 5 10 0  R3: 0 1 3 5 1 9 5 1 6 2 10 7 3 5 7 8 10 6 7 3 1 5 0  R4: 0 1 3 11 7 4 0  R5: 0 10 6 2 5 8 1 0  R6: 0 7 2 9 8 1 8 6 5 7 3 4 0  R7: 0 2 6 0  R8: 0 9 5 6 2 9 1 2 9 5 10 8 6 4 1 3 10 11 0  R9: 0 4 3 9 5 6 4 7 10 8 1 6 3 10 0  
[99813.265625, 1944.0]	167683,252,158,11,1330,162,1124,0.7341616716616717	 50 R1: 0 3 5 9 5 1 8 1 6 9 5 1 3 10 7 5 7 6 8 7 3 1 10 0  R2: 0 1 3 5 0  R3: 0 10 6 1 4 3 0  R4: 0 7 2 9 0  R5: 0 2 5 0  R6: 0 11 7 5 8 2 6 5 7 4 3 1 0  R7: 0 3 2 5 8 2 1 8 6 3 4 9 10 0  R8: 0 8 6 0  R9: 0 6 4 0  R10: 0 9 11 0  R11: 0 9 10 11 6 8 1 9 10 6 2 10 1 3 7 1 5 10 4 0  
[81972.25, 1644.0]	175422,187,147,11,959,137,1409,0.8061747129681912	 50 R1: 0 8 3 0  R2: 0 3 9 5 1 8 1 10 6 9 5 1 3 6 7 8 10 7 3 1 5 6 2 0  R3: 0 11 9 11 6 0  R4: 0 2 9 7 8 0  R5: 0 1 3 5 0  R6: 0 6 1 0  R7: 0 10 6 1 3 4 0  R8: 0 7 5 9 5 1 2 10 7 4 3 5 2 5 1 7 8 3 6 1 9 10 0  R9: 0 2 5 2 9 0  R10: 0 11 7 8 1 8 5 6 8 3 4 10 6 4 1 2 6 4 7 0  R11: 0 10 1 0  
[81011.5078125, 1440.0]	169666,134,141,12,949,120,1354,0.8348178341384863	 50 R1: 0 5 1 0  R2: 0 5 11 8 9 2 11 7 9 1 3 5 6 4 7 8 1 8 3 11 0  R3: 0 3 9 5 1 8 10 1 6 9 5 8 3 6 7 10 1 6 7 3 2 6 10 0  R4: 0 6 1 5 2 9 7 8 0  R5: 0 10 1 3 5 2 6 9 10 7 4 3 2 5 1 9 6 2 4 6 1 5 0  R6: 0 7 2 0  R7: 0 2 5 0  R8: 0 6 10 0  R9: 0 8 1 0  R10: 0 1 4 0  R11: 0 10 1 0  R12: 0 8 6 0  
[87587.46875, 1836.0]	170735,295,151,11,1056,153,1433,0.819828722002635	 50 R1: 0 3 9 2 1 5 1 2 6 10 7 6 5 3 6 10 5 1 8 7 3 1 5 0  R2: 0 1 3 5 8 9 1 8 1 9 5 7 8 1 7 6 2 10 2 6 8 3 4 0  R3: 0 6 1 0  R4: 0 10 6 0  R5: 0 7 2 0  R6: 0 3 4 0  R7: 0 5 1 5 9 11 7 8 3 11 6 2 9 4 5 7 8 10 1 3 6 10 0  R8: 0 9 11 2 9 10 6 0  R9: 0 2 9 0  R10: 0 8 1 0  R11: 0 4 3 0  
[89002.9609375, 1692.0]	182476,285,149,14,1028,141,1420,0.8162269278340707	 50 R1: 0 8 3 6 10 0  R2: 0 5 9 0  R3: 0 1 10 6 3 0  R4: 0 8 2 1 8 0  R5: 0 3 9 7 6 4 0  R6: 0 10 6 4 1 0  R7: 0 5 1 5 9 8 1 8 6 1 3 7 2 10 6 4 7 2 6 3 9 0  R8: 0 9 11 0  R9: 0 2 11 7 2 5 11 5 1 6 9 7 0  R10: 0 9 2 9 10 0  R11: 0 3 9 2 1 5 1 8 6 10 7 6 3 6 10 5 1 5 7 1 8 3 1 5 10 0  R12: 0 1 5 0  R13: 0 7 2 0  R14: 0 4 3 0  
[94297.671875, 1812.0]	175962,378,170,11,1164,151,1397,0.7807449494949494	 50 R1: 0 10 7 5 7 0  R2: 0 3 9 0  R3: 0 1 3 5 9 0  R4: 0 10 6 0  R5: 0 2 7 2 9 5 8 11 6 1 2 8 5 1 0  R6: 0 8 1 0  R7: 0 11 7 0  R8: 0 7 3 0  R9: 0 5 1 5 9 1 8 1 2 5 1 6 3 2 9 5 7 10 2 6 4 1 5 0  R10: 0 9 4 7 9 3 6 7 6 10 1 8 4 6 3 11 10 0  R11: 0 8 5 1 6 9 10 3 6 3 8 10 6 8 1 3 4 10 2 0  
[76854.546875, 1728.0]	169204,147,155,10,886,144,1397,0.8178583477925583	 50 R1: 0 10 7 6 10 0  R2: 0 5 1 2 9 6 8 5 1 7 2 6 8 6 4 10 1 0  R3: 0 3 9 0  R4: 0 11 6 0  R5: 0 1 5 3 7 2 0  R6: 0 6 1 4 8 3 10 6 1 6 4 0  R7: 0 10 5 1 3 5 6 8 1 9 2 9 11 7 10 5 7 1 4 7 3 6 1 5 10 0  R8: 0 2 8 11 7 2 5 1 3 9 7 2 9 6 8 1 8 3 0  R9: 0 3 4 0  R10: 0 2 6 0  
[64406.47265625, 1764.0]	183519,27,156,15,561,147,1573,0.8815957190957191	 50 R1: 0 1 3 0  R2: 0 6 1 6 10 9 5 7 0  R3: 0 10 6 5 10 7 1 2 9 6 8 5 1 7 2 6 8 6 4 10 1 3 6 1 5 10 0  R4: 0 2 5 9 5 1 2 5 0  R5: 0 3 4 0  R6: 0 9 11 2 9 0  R7: 0 9 11 2 3 7 6 10 5 1 0  R8: 0 10 7 9 10 0  R9: 0 3 9 0  R10: 0 1 5 1 3 4 0  R11: 0 11 7 8 1 0  R12: 0 7 3 0  R13: 0 6 4 2 6 0  R14: 0 8 1 0  R15: 0 4 8 3 1 10 6 8 1 3 0  
[87809.703125, 1320.0]	176984,219,170,11,1064,110,1366,0.7858838383838384	 50 R1: 0 3 9 0  R2: 0 1 3 1 5 1 2 6 10 7 6 10 5 7 10 6 8 6 7 8 4 6 10 3 0  R3: 0 6 5 9 4 11 9 1 10 6 7 2 3 6 0  R4: 0 1 3 11 7 4 8 6 0  R5: 0 10 6 0  R6: 0 7 2 8 1 0  R7: 0 8 1 0  R8: 0 5 2 5 9 2 9 10 9 11 6 3 4 10 0  R9: 0 8 1 0  R10: 0 9 5 1 2 3 6 2 5 1 9 10 1 3 1 5 7 10 8 0  R11: 0 8 1 0  
[84180.9921875, 2040.0]	159330,172,104,9,1081,170,1278,0.7586649425852212	 50 R1: 0 3 9 1 3 5 1 2 5 6 4 6 10 8 9 7 10 6 4 7 10 3 10 6 1 10 0  R2: 0 10 6 5 2 1 2 9 5 10 8 5 7 0  R3: 0 5 1 0  R4: 0 3 6 0  R5: 0 7 8 2 6 9 1 5 8 3 4 10 1 2 8 1 8 3 0  R6: 0 11 7 8 1 10 11 6 7 9 2 5 7 9 11 8 0  R7: 0 8 6 0  R8: 0 6 2 6 1 5 4 0  R9: 0 4 3 0  
[86742.609375, 1932.0]	165573,167,135,11,1085,161,1224,0.8035521885521886	 50 R1: 0 9 11 4 3 2 8 5 1 10 8 3 1 6 0  R2: 0 10 7 0  R3: 0 3 9 1 3 5 1 2 5 6 4 6 10 9 7 10 6 4 10 6 7 3 1 6 10 5 0  R4: 0 10 5 10 2 8 1 8 9 2 5 7 1 8 5 7 6 1 10 2 3 10 1 6 0  R5: 0 1 8 0  R6: 0 9 7 0  R7: 0 7 11 7 2 0  R8: 0 3 4 0  R9: 0 8 6 8 9 11 2 9 0  R10: 0 6 4 0  R11: 0 2 9 0  
[84040.3515625, 1572.0]	163610,225,153,12,1002,131,1389,0.8173914241622575	 50 R1: 0 9 5 10 8 2 1 8 9 2 7 6 1 5 0  R2: 0 3 9 0  R3: 0 6 1 0  R4: 0 1 5 0  R5: 0 10 1 3 8 5 1 2 10 5 6 10 9 7 6 10 6 4 10 6 7 1 6 10 3 4 0  R6: 0 1 8 0  R7: 0 3 10 0  R8: 0 11 7 0  R9: 0 5 10 2 5 7 8 1 6 8 9 11 2 0  R10: 0 8 6 0  R11: 0 2 9 0  R12: 0 9 11 2 4 3 6 3 5 1 7 4 8 1 3 0  
[84270.96875, 2112.0]	177495,208,163,14,954,176,1355,0.8384111721611722	 50 R1: 0 1 3 0  R2: 0 2 1 5 1 8 1 6 9 3 10 2 6 5 7 5 1 10 6 4 1 6 10 8 0  R3: 0 6 10 4 3 2 3 9 4 7 8 3 0  R4: 0 5 7 0  R5: 0 5 10 1 5 6 8 9 2 11 6 3 5 1 0  R6: 0 8 6 0  R7: 0 9 11 7 10 0  R8: 0 2 9 0  R9: 0 9 5 10 2 8 1 9 7 6 10 6 8 1 3 1 5 10 4 0  R10: 0 3 9 0  R11: 0 1 5 1 4 0  R12: 0 7 2 0  R13: 0 11 7 0  R14: 0 2 6 0  
[74217.359375, 2148.0]	152225,121,140,8,908,179,1328,0.7628093839031339	 50 R1: 0 6 8 10 4 3 6 2 3 4 7 8 6 8 3 1 4 0  R2: 0 3 9 1 3 11 2 9 7 4 11 6 0  R3: 0 1 3 2 1 5 1 8 9 6 1 9 10 2 6 5 1 10 4 7 3 1 5 10 9 11 0  R4: 0 7 10 0  R5: 0 5 1 8 9 5 7 10 6 1 2 6 0  R6: 0 5 10 6 7 5 9 2 0  R7: 0 8 1 8 1 2 5 0  R8: 0 6 10 0  
[79138.3203125, 1812.0]	153543,104,153,10,976,151,1277,0.8051709401709402	 50 R1: 0 6 8 10 4 3 6 2 3 4 8 9 6 8 3 1 4 7 10 0  R2: 0 3 1 3 11 2 9 2 5 11 6 1 8 1 9 6 4 10 6 2 7 6 1 5 10 0  R3: 0 5 1 0  R4: 0 2 5 0  R5: 0 1 4 1 5 1 8 9 5 9 10 1 7 5 7 10 2 7 3 0  R6: 0 5 7 0  R7: 0 10 1 0  R8: 0 5 10 6 7 5 9 2 0  R9: 0 9 11 0  R10: 0 8 1 0  
[70563.7421875, 1824.0]	160631,63,169,11,779,152,1422,0.8117728032201716	 50 R1: 0 9 10 0  R2: 0 6 8 10 4 3 6 2 3 4 8 9 6 8 3 1 4 7 10 0  R3: 0 3 9 2 11 5 1 2 5 6 1 6 10 9 7 10 6 4 0  R4: 0 10 6 0  R5: 0 1 3 5 1 8 9 1 0  R6: 0 10 6 0  R7: 0 8 1 0  R8: 0 7 3 0  R9: 0 5 7 9 11 1 0  R10: 0 5 10 1 4 7 2 3 9 0  R11: 0 9 11 2 6 8 1 5 1 7 10 2 1 6 1 5 10 0  
[76779.796875, 1440.0]	167749,72,143,13,870,120,1358,0.818482905982906	 50 R1: 0 5 1 8 9 8 6 5 7 0  R2: 0 1 10 6 3 7 2 9 5 0  R3: 0 1 4 3 0  R4: 0 1 5 0  R5: 0 10 1 0  R6: 0 9 11 2 8 0  R7: 0 9 10 6 10 8 2 9 1 6 4 8 3 7 6 10 1 0  R8: 0 3 5 9 2 8 5 2 5 1 4 3 6 3 4 10 6 0  R9: 0 11 6 0  R10: 0 11 7 5 1 6 9 10 8 7 10 5 1 7 0  R11: 0 7 3 0  R12: 0 6 4 8 3 0  R13: 0 2 6 0  
[87917.9921875, 1488.0]	179457,231,164,11,1056,124,1377,0.8195487483530962	 50 R1: 0 6 8 5 7 4 3 0  R2: 0 3 9 0  R3: 0 5 1 5 1 9 8 9 11 10 2 9 6 10 8 7 3 1 6 10 5 4 0  R4: 0 1 3 2 5 8 2 5 1 6 9 3 4 10 11 5 1 6 10 3 10 1 4 0  R5: 0 10 6 0  R6: 0 7 2 9 0  R7: 0 8 1 5 7 0  R8: 0 11 7 0  R9: 0 5 1 0  R10: 0 5 1 5 9 8 1 8 6 10 7 3 6 7 2 9 1 10 2 8 3 6 4 0  R11: 0 8 1 0  
[88593.2421875, 1800.0]	169092,127,170,11,1121,150,1190,0.7556732740943267	 50 R1: 0 5 1 0  R2: 0 5 7 1 8 1 9 2 0  R3: 0 6 8 5 7 4 3 1 5 6 10 7 3 1 5 6 4 0  R4: 0 3 5 1 3 8 4 10 1 6 10 9 1 2 8 9 6 4 0  R5: 0 1 5 3 0  R6: 0 10 6 0  R7: 0 2 5 0  R8: 0 3 10 6 10 0  R9: 0 11 2 9 2 5 10 11 9 6 11 7 10 0  R10: 0 9 2 9 10 8 9 1 5 1 10 2 8 3 1 6 7 0  R11: 0 8 1 0  
[101696.03125, 1896.0]	182349,282,164,12,1313,158,1132,0.7818555627379157	 50 R1: 0 3 1 3 9 0  R2: 0 2 8 0  R3: 0 1 5 2 5 11 5 9 2 11 1 8 5 1 6 7 0  R4: 0 10 6 0  R5: 0 7 1 2 8 6 9 3 6 3 4 5 7 1 2 8 3 10 6 11 0  R6: 0 6 4 0  R7: 0 5 10 7 0  R8: 0 5 1 5 4 8 3 6 1 5 10 6 1 7 8 5 1 6 4 10 3 1 5 10 9 0  R9: 0 8 1 0  R10: 0 9 2 0  R11: 0 8 1 0  R12: 0 4 3 9 2 9 10 6 7 10 1 6 10 3 0  
[98722.375, 1644.0]	176434,412,167,11,1247,137,1331,0.7789956132470954	 50 R1: 0 3 1 3 9 2 8 5 1 9 8 2 11 5 1 2 8 6 10 9 3 0  R2: 0 10 6 0  R3: 0 9 7 0  R4: 0 7 2 5 1 2 11 6 3 10 7 5 6 10 7 0  R5: 0 2 1 5 8 0  R6: 0 3 10 0  R7: 0 5 10 7 4 3 4 0  R8: 0 10 1 0  R9: 0 5 1 5 4 11 7 6 8 6 1 2 8 6 10 6 7 3 1 5 4 9 0  R10: 0 6 8 1 4 0  R11: 0 8 1 8 1 9 2 9 10 0  
[82529.7578125, 1896.0]	176656,157,137,12,962,158,1327,0.8371922348484848	 50 R1: 0 9 10 0  R2: 0 3 1 3 9 2 8 5 1 9 8 2 11 5 1 2 8 6 10 9 3 0  R3: 0 7 10 5 7 0  R4: 0 10 6 2 7 5 9 2 6 2 11 5 4 7 3 10 6 8 7 10 1 3 4 0  R5: 0 9 7 0  R6: 0 3 1 5 10 0  R7: 0 11 7 8 1 6 1 6 10 0  R8: 0 1 5 10 4 1 5 1 8 10 7 3 6 2 8 0  R9: 0 6 4 0  R10: 0 8 1 0  R11: 0 9 2 0  R12: 0 8 1 0  
[87615.46875, 1920.0]	163069,171,138,10,1127,160,1193,0.7332615546218487	 50 R1: 0 3 9 1 3 4 5 11 7 8 6 1 4 3 8 9 0  R2: 0 10 5 2 7 2 9 2 5 11 10 6 8 7 10 1 0  R3: 0 1 5 1 8 1 0  R4: 0 9 2 9 5 1 2 8 3 7 6 0  R5: 0 7 10 1 6 10 3 0  R6: 0 3 4 0  R7: 0 5 7 1 2 8 0  R8: 0 6 4 0  R9: 0 8 1 0  R10: 0 9 10 9 2 3 11 5 6 10 7 8 1 3 1 5 10 6 4 0  
[73352.75, 2148.0]	162997,46,156,11,836,179,1304,0.8361742424242424	 50 R1: 0 3 1 3 5 11 7 8 1 6 9 4 3 10 5 7 5 11 6 8 1 8 1 5 3 0  R2: 0 6 8 5 7 0  R3: 0 2 8 0  R4: 0 1 8 5 1 8 5 1 6 0  R5: 0 2 7 2 9 5 2 10 7 6 10 8 1 7 10 6 4 10 1 3 5 6 10 0  R6: 0 1 4 8 1 0  R7: 0 7 3 0  R8: 0 5 10 6 0  R9: 0 2 9 0  R10: 0 2 6 4 0  R11: 0 9 2 11 6 3 9 7 4 0  
[78785.0859375, 1908.0]	163561,101,162,12,921,159,1320,0.8174969806763285	 50 R1: 0 3 1 3 5 11 7 8 1 6 9 4 3 10 5 7 5 11 6 8 1 8 1 5 3 0  R2: 0 6 8 5 7 2 8 1 6 0  R3: 0 11 6 0  R4: 0 10 6 0  R5: 0 2 5 2 9 0  R6: 0 6 10 0  R7: 0 1 5 7 1 8 10 4 2 10 7 0  R8: 0 3 9 4 7 0  R9: 0 10 1 0  R10: 0 6 4 0  R11: 0 2 9 0  R12: 0 8 5 1 2 9 2 8 1 7 5 10 6 10 6 4 7 2 3 10 6 10 0  
[85518.0703125, 2208.0]	152905,197,112,8,1131,184,1213,0.725094696969697	 50 R1: 0 5 1 2 10 5 7 8 1 0  R2: 0 3 1 3 5 11 7 8 1 6 9 4 3 10 5 7 5 11 6 8 1 8 1 5 3 0  R3: 0 11 5 1 7 3 4 7 10 6 0  R4: 0 10 6 2 1 2 9 8 5 0  R5: 0 1 5 7 8 2 6 8 6 10 1 2 9 6 7 8 6 2 6 10 4 0  R6: 0 7 3 0  R7: 0 10 1 3 10 0  R8: 0 9 2 0  
[82117.0625, 1668.0]	176547,242,139,9,978,139,1426,0.7747266717518434	 50 R1: 0 5 1 8 9 0  R2: 0 3 9 2 7 2 5 2 5 6 1 9 11 2 8 9 8 1 0  R3: 0 6 8 6 10 4 3 0  R4: 0 10 1 3 6 5 0  R5: 0 11 7 8 1 10 5 11 8 1 5 7 5 1 6 10 6 3 4 1 6 10 0  R6: 0 5 1 10 2 5 1 8 3 5 1 3 6 7 10 9 4 7 8 1 3 5 6 0  R7: 0 8 1 0  R8: 0 2 6 0  R9: 0 9 2 9 10 3 4 9 6 4 7 0  
[83778.5078125, 1284.0]	190131,124,155,16,912,107,1399,0.8444010416666666	 50 R1: 0 9 10 0  R2: 0 5 1 8 9 0  R3: 0 1 5 3 0  R4: 0 7 10 0  R5: 0 10 6 0  R6: 0 1 5 0  R7: 0 3 10 0  R8: 0 8 10 5 11 6 8 1 10 7 0  R9: 0 5 1 5 3 10 9 6 8 3 2 6 8 4 0  R10: 0 2 9 0  R11: 0 3 9 2 7 2 5 2 5 6 1 9 11 9 6 10 6 4 8 1 8 3 7 0  R12: 0 11 7 0  R13: 0 7 3 0  R14: 0 8 1 8 9 5 2 1 3 5 1 7 4 10 6 1 6 10 4 0  R15: 0 2 6 0  R16: 0 4 3 0  
[81998.5, 2316.0]	155824,264,157,9,1010,193,1361,0.7718502054606061	 50 R1: 0 8 3 0  R2: 0 3 9 2 5 9 1 8 0  R3: 0 11 6 0  R4: 0 1 5 3 0  R5: 0 7 2 9 0  R6: 0 6 10 4 3 0  R7: 0 11 5 7 2 5 9 10 9 2 8 11 1 2 6 4 0  R8: 0 5 10 1 3 8 6 8 6 1 3 2 9 6 4 8 7 3 1 5 0  R9: 0 9 10 5 1 8 1 9 7 5 10 6 1 10 1 3 10 6 10 7 2 4 0  
[80109.7578125, 1788.0]	170772,111,149,13,921,149,1327,0.8262591575091576	 50 R1: 0 1 3 0  R2: 0 7 10 0  R3: 0 6 9 6 8 1 9 10 7 6 2 4 6 0  R4: 0 10 1 6 5 7 2 0  R5: 0 5 1 3 5 1 10 4 0  R6: 0 8 6 0  R7: 0 2 9 0  R8: 0 6 10 0  R9: 0 10 7 0  R10: 0 3 9 2 5 9 1 8 6 9 8 3 1 5 7 2 6 10 7 3 10 1 5 0  R11: 0 2 8 5 1 0  R12: 0 11 2 9 2 5 11 9 4 3 11 6 4 10 6 8 1 8 3 7 0  R13: 0 5 1 7 0  
[91047.5234375, 1764.0]	168416,283,159,11,1136,147,1359,0.7848199385155907	 50 R1: 0 8 3 0  R2: 0 6 8 6 10 3 2 5 6 10 9 2 6 7 8 0  R3: 0 3 9 0  R4: 0 5 9 11 7 0  R5: 0 11 6 5 1 3 4 7 0  R6: 0 1 3 7 8 1 2 10 6 7 9 1 4 5 9 6 7 3 10 6 1 5 4 11 0  R7: 0 10 1 2 5 9 6 3 9 10 8 1 7 2 5 1 10 7 3 6 10 4 0  R8: 0 1 5 8 1 0  R9: 0 5 10 0  R10: 0 2 9 0  R11: 0 8 1 0  
[79480.5390625, 2136.0]	151814,198,129,7,1018,178,1345,0.721022866022866	 50 R1: 0 6 8 6 10 3 2 6 5 9 7 8 10 3 6 1 5 10 0  R2: 0 3 9 1 4 7 5 9 3 2 5 1 4 3 9 6 7 10 6 2 6 8 3 4 0  R3: 0 1 5 1 8 1 10 9 7 5 10 7 0  R4: 0 10 6 5 10 5 2 9 0  R5: 0 5 1 0  R6: 0 2 8 11 7 5 9 11 9 6 3 4 7 1 2 8 7 3 1 10 11 0  R7: 0 8 1 0  
[68558.2734375, 2160.0]	160274,37,127,10,767,180,1403,0.8139788011695906	 50 R1: 0 6 8 6 10 3 2 6 5 9 7 8 10 3 6 1 5 10 0  R2: 0 3 9 1 4 7 5 9 3 2 5 1 4 3 9 6 7 10 6 2 6 8 3 4 0  R3: 0 11 9 6 7 10 11 0  R4: 0 1 5 1 8 1 10 9 7 5 10 7 3 5 1 4 8 1 0  R5: 0 10 6 5 10 2 5 9 0  R6: 0 8 1 0  R7: 0 7 3 0  R8: 0 8 1 0  R9: 0 2 11 7 9 0  R10: 0 9 2 0  
[78119.4453125, 2040.0]	173601,59,156,12,900,170,1298,0.7998906475468975	 50 R1: 0 5 9 1 8 0  R2: 0 6 8 6 10 3 2 6 5 9 7 8 10 3 6 1 5 10 0  R3: 0 3 9 2 8 11 7 1 10 9 5 3 4 10 7 6 10 6 8 1 4 0  R4: 0 11 6 9 8 1 11 0  R5: 0 1 5 1 4 3 0  R6: 0 10 6 0  R7: 0 8 1 0  R8: 0 7 3 0  R9: 0 5 1 3 7 5 1 10 2 5 0  R10: 0 2 9 0  R11: 0 2 6 8 3 0  R12: 0 9 5 1 4 3 7 9 2 5 1 6 4 7 10 0  
[88679.765625, 1536.0]	173802,216,166,9,1120,128,1294,0.7422608763069289	 50 R1: 0 9 5 3 7 1 9 10 7 6 2 6 1 5 4 0  R2: 0 3 9 1 3 5 2 9 2 5 0  R3: 0 10 6 0  R4: 0 8 1 8 10 11 9 11 3 6 4 5 1 7 10 8 1 3 0  R5: 0 2 7 1 8 2 5 0  R6: 0 11 5 1 6 8 7 6 10 2 8 0  R7: 0 7 3 0  R8: 0 5 1 10 8 3 9 6 2 8 1 5 6 7 10 6 8 3 10 6 1 10 4 0  R9: 0 4 3 2 9 0  
[74577.0859375, 1596.0]	164379,91,146,10,864,133,1373,0.8173649267399268	 50 R1: 0 9 10 0  R2: 0 3 9 1 3 5 9 2 5 10 6 4 8 1 2 9 6 7 8 3 10 1 4 0  R3: 0 1 8 0  R4: 0 10 5 6 10 0  R5: 0 2 7 2 5 9 6 8 9 11 2 8 0  R6: 0 11 8 7 1 8 11 5 6 10 3 5 7 5 1 4 8 3 6 10 0  R7: 0 7 3 0  R8: 0 10 1 0  R9: 0 9 5 1 3 7 9 10 7 6 2 6 4 1 5 0  R10: 0 4 3 0  
[81987.4375, 1620.0]	177522,98,159,13,949,135,1307,0.7983725338988497	 50 R1: 0 1 3 7 1 8 2 5 0  R2: 0 9 2 9 10 6 10 8 3 1 7 0  R3: 0 2 5 9 8 2 5 11 5 1 3 7 6 10 4 0  R4: 0 6 10 0  R5: 0 5 7 0  R6: 0 8 6 8 1 2 8 0  R7: 0 5 10 1 3 5 6 1 4 0  R8: 0 2 9 0  R9: 0 9 10 9 2 3 10 5 6 4 7 8 1 3 1 5 10 11 0  R10: 0 3 9 0  R11: 0 11 7 0  R12: 0 7 3 0  R13: 0 4 8 1 5 1 3 6 2 6 4 6 10 0  
[89530.140625, 1656.0]	163207,275,157,10,1132,138,1335,0.7734068627450981	 50 R1: 0 3 1 4 3 11 9 7 8 10 11 7 3 4 3 6 0  R2: 0 1 3 7 1 8 2 5 9 2 9 10 3 1 6 10 11 8 1 8 3 6 4 0  R3: 0 7 2 5 9 7 2 10 6 1 5 0  R4: 0 10 6 0  R5: 0 2 5 6 1 6 10 0  R6: 0 9 7 0  R7: 0 8 1 0  R8: 0 7 3 0  R9: 0 5 2 10 5 8 1 6 8 5 7 2 8 1 9 10 6 3 4 10 6 10 1 0  R10: 0 2 9 0  
[77275.6015625, 1932.0]	163698,97,148,11,906,161,1347,0.8188011063011063	 50 R1: 0 3 9 1 4 3 11 7 8 6 10 7 3 1 7 8 5 10 1 2 6 4 3 10 6 10 0  R2: 0 11 9 11 3 2 9 4 6 8 1 8 3 0  R3: 0 6 9 10 8 1 9 7 0  R4: 0 1 8 0  R5: 0 7 2 5 9 2 1 5 7 2 5 6 1 7 10 1 8 1 5 4 0  R6: 0 6 10 0  R7: 0 2 5 8 1 9 8 6 0  R8: 0 7 3 0  R9: 0 5 10 6 0  R10: 0 9 2 0  R11: 0 4 3 0  
[74688.046875, 2616.0]	155052,124,138,6,941,218,1297,0.7233078649745317	 50 R1: 0 3 9 1 4 3 11 7 8 6 10 7 3 1 7 8 5 10 1 2 6 4 3 10 6 10 0  R2: 0 11 9 11 3 2 9 4 6 8 1 8 3 0  R3: 0 6 9 10 8 1 9 7 5 7 0  R4: 0 1 8 1 2 9 2 5 4 7 2 1 6 8 7 10 1 4 1 5 3 0  R5: 0 7 2 9 0  R6: 0 5 10 6 2 5 9 5 8 1 6 10 0  
[75458.296875, 1944.0]	164519,67,161,10,885,162,1328,0.8044003144186967	 50 R1: 0 3 9 1 4 3 11 7 8 6 10 7 3 1 7 8 5 10 1 2 6 4 3 10 6 10 0  R2: 0 11 9 11 3 2 9 4 6 8 1 8 1 3 5 0  R3: 0 6 9 10 8 1 9 7 5 7 0  R4: 0 1 8 1 2 9 2 6 4 10 2 8 5 3 10 1 0  R5: 0 10 6 0  R6: 0 7 2 9 0  R7: 0 6 4 0  R8: 0 7 3 0  R9: 0 5 7 1 0  R10: 0 5 2 5 9 5 1 8 6 10 0  
[75714.3359375, 2268.0]	162899,99,132,8,922,189,1306,0.7740728362051892	 50 R1: 0 3 9 1 4 3 11 7 8 6 10 7 3 1 7 8 5 10 1 2 6 4 3 10 6 10 0  R2: 0 11 9 11 3 2 9 4 6 8 1 8 1 3 5 0  R3: 0 6 9 10 8 1 9 7 5 7 0  R4: 0 1 8 1 2 9 2 6 4 10 2 8 5 3 10 1 0  R5: 0 10 6 5 2 5 9 5 1 8 5 7 1 6 10 0  R6: 0 7 2 9 0  R7: 0 6 4 0  R8: 0 7 3 0  
[76162.21875, 1776.0]	170686,82,164,11,869,148,1361,0.8157691311270772	 50 R1: 0 5 7 2 9 0  R2: 0 3 9 1 4 3 11 7 8 6 10 7 1 8 7 5 10 1 6 4 10 2 6 3 10 6 1 10 0  R3: 0 11 9 11 3 2 9 4 6 8 1 8 3 0  R4: 0 5 7 0  R5: 0 6 1 0  R6: 0 10 6 0  R7: 0 1 8 0  R8: 0 5 2 8 1 5 9 2 9 6 4 3 9 7 10 5 1 7 3 1 6 5 0  R9: 0 8 5 1 6 2 8 0  R10: 0 6 4 0  R11: 0 2 9 5 1 2 5 7 0  
[78719.3203125, 2028.0]	164435,120,162,9,955,169,1290,0.7819695311074621	 50 R1: 0 3 9 1 4 3 11 7 8 6 1 8 5 4 7 10 6 10 6 3 7 2 1 6 10 5 3 4 0  R2: 0 1 7 2 9 2 10 11 6 1 9 11 9 8 5 8 1 3 10 7 0  R3: 0 10 5 10 6 0  R4: 0 6 10 8 1 5 7 5 1 0  R5: 0 2 5 9 5 1 8 9 2 6 10 3 6 2 9 4 0  R6: 0 10 1 0  R7: 0 5 1 7 2 8 0  R8: 0 6 8 4 3 0  R9: 0 8 1 0  
[87334.953125, 1836.0]	175212,233,168,13,1030,153,1360,0.8012917694091783	 50 R1: 0 10 1 6 5 9 1 8 3 4 0  R2: 0 8 1 0  R3: 0 10 1 8 3 0  R4: 0 5 10 2 5 9 2 9 0  R5: 0 2 9 0  R6: 0 9 11 6 1 4 3 7 4 5 1 8 10 3 6 10 2 1 0  R7: 0 3 9 0  R8: 0 1 5 0  R9: 0 7 2 0  R10: 0 11 8 1 7 8 9 11 10 5 6 7 0  R11: 0 5 1 7 2 8 0  R12: 0 6 4 0  R13: 0 8 5 1 6 2 10 7 3 6 9 7 10 6 4 7 2 8 1 5 3 6 0  
[75781.9453125, 1836.0]	177519,173,154,11,827,153,1506,0.8326740370959739	 50 R1: 0 10 6 7 1 3 4 0  R2: 0 3 9 0  R3: 0 1 5 0  R4: 0 10 1 6 5 9 1 8 3 4 8 1 3 2 8 10 6 8 1 3 10 0  R5: 0 8 1 2 5 7 1 8 1 0  R6: 0 7 2 5 1 6 8 6 10 0  R7: 0 6 4 0  R8: 0 11 7 0  R9: 0 5 2 5 9 2 9 10 9 11 9 6 7 10 5 1 2 7 3 1 5 11 0  R10: 0 6 4 2 6 0  R11: 0 4 3 9 2 7 9 10 1 8 6 10 3 0  
[87403.0625, 1956.0]	161220,286,170,9,1100,163,1348,0.7721764346764347	 50 R1: 0 3 9 0  R2: 0 10 6 0  R3: 0 1 5 10 2 5 2 9 3 10 6 7 10 9 7 6 5 1 4 6 2 6 4 6 10 0  R4: 0 10 6 1 7 3 4 5 1 6 9 10 3 8 1 5 2 8 1 3 1 10 6 5 7 0  R5: 0 1 11 7 8 0  R6: 0 7 3 0  R7: 0 8 6 11 6 0  R8: 0 9 4 3 2 8 4 10 8 1 3 11 9 0  R9: 0 8 1 8 1 2 5 1 7 0  
[75241.2109375, 1956.0]	159900,164,148,8,896,163,1414,0.8035345441595442	 50 R1: 0 5 1 2 5 9 10 9 11 5 7 0  R2: 0 3 9 1 5 9 2 3 9 10 5 7 1 2 7 10 6 10 6 4 10 6 2 6 4 6 10 1 8 0  R3: 0 9 7 0  R4: 0 2 5 0  R5: 0 11 7 8 1 9 11 6 8 2 1 9 0  R6: 0 5 10 6 7 5 1 9 2 6 8 6 3 4 10 3 1 5 1 6 7 3 1 10 5 4 0  R7: 0 8 1 0  R8: 0 8 1 8 3 0  
[86859.140625, 2448.0]	159228,354,162,10,1064,204,1415,0.8062241200828157	 50 R1: 0 5 9 7 2 9 6 8 10 6 4 10 7 2 6 9 3 7 8 10 3 4 0  R2: 0 3 9 0  R3: 0 10 6 0  R4: 0 1 5 10 6 1 8 1 2 5 11 6 5 7 1 2 8 3 10 1 0  R5: 0 8 1 0  R6: 0 1 5 0  R7: 0 3 6 3 4 0  R8: 0 8 1 0  R9: 0 5 1 2 5 10 11 7 3 9 1 9 2 9 10 5 7 5 1 2 6 3 10 6 10 4 11 0  R10: 0 8 1 0  
[89507.796875, 1416.0]	172300,193,137,13,1096,118,1310,0.7989666224580018	 50 R1: 0 5 2 9 0  R2: 0 1 5 1 5 3 8 6 1 8 9 2 8 4 0  R3: 0 6 1 5 7 2 9 0  R4: 0 1 5 1 8 0  R5: 0 10 1 0  R6: 0 5 2 7 8 10 2 9 1 9 10 6 10 4 3 4 7 5 7 10 6 8 3 1 6 2 5 10 0  R7: 0 8 6 0  R8: 0 9 3 9 6 11 7 6 8 3 4 0  R9: 0 10 11 6 7 8 1 0  R10: 0 3 10 9 6 11 7 0  R11: 0 7 3 0  R12: 0 5 1 0  R13: 0 2 6 0  
[81876.8125, 1584.0]	177047,186,154,12,941,132,1421,0.7988516865079365	 50 R1: 0 9 5 7 8 1 5 1 10 2 6 4 7 6 10 0  R2: 0 5 9 7 2 8 6 8 2 8 1 0  R3: 0 3 9 1 5 0  R4: 0 10 1 4 6 3 0  R5: 0 2 10 5 7 0  R6: 0 6 11 6 3 4 10 2 9 0  R7: 0 11 7 0  R8: 0 7 3 0  R9: 0 5 2 1 5 1 8 9 5 1 3 6 9 2 6 4 8 1 8 7 1 5 10 3 0  R10: 0 9 4 7 10 3 10 6 10 1 3 11 10 0  R11: 0 8 1 0  R12: 0 2 9 0  
[90726.1484375, 1824.0]	190700,198,170,13,1074,152,1309,0.8045253241741537	 50 R1: 0 9 11 9 2 6 2 9 8 10 8 1 11 0  R2: 0 5 9 0  R3: 0 1 3 7 2 0  R4: 0 6 1 0  R5: 0 10 1 5 6 0  R6: 0 2 1 2 9 5 2 10 7 6 10 3 6 4 5 8 10 7 3 1 6 10 0  R7: 0 8 1 0  R8: 0 5 1 5 4 3 9 10 8 5 7 6 0  R9: 0 9 5 1 2 7 10 5 1 7 0  R10: 0 3 9 0  R11: 0 11 7 0  R12: 0 6 4 0  R13: 0 8 5 8 6 8 4 1 9 7 6 10 6 3 2 8 1 5 4 6 3 0  
[82427.1796875, 1572.0]	182713,173,161,13,927,131,1421,0.8204802142302142	 50 R1: 0 9 10 3 6 7 10 5 1 7 0  R2: 0 5 9 5 1 0  R3: 0 1 3 0  R4: 0 2 1 2 9 2 5 6 1 6 10 3 4 8 6 4 10 2 1 6 10 0  R5: 0 5 1 5 3 8 1 9 5 10 7 8 1 4 0  R6: 0 8 6 8 4 3 0  R7: 0 9 11 9 2 6 2 9 8 10 8 1 11 1 5 7 6 0  R8: 0 3 10 9 6 7 2 0  R9: 0 1 5 0  R10: 0 11 7 0  R11: 0 7 3 0  R12: 0 6 8 4 3 10 0  R13: 0 8 1 0  
[86302.5390625, 1824.0]	166091,209,159,11,1063,152,1301,0.7740727799384216	 50 R1: 0 9 5 1 2 9 10 6 8 4 10 1 6 10 7 0  R2: 0 5 9 7 2 0  R3: 0 3 9 1 5 3 11 7 2 5 0  R4: 0 7 10 0  R5: 0 10 6 0  R6: 0 2 1 2 5 1 6 8 9 3 4 11 10 6 0  R7: 0 7 3 0  R8: 0 5 1 3 8 1 8 4 6 11 8 2 9 1 6 10 0  R9: 0 9 10 6 7 3 10 5 1 7 5 1 2 6 3 1 5 10 4 0  R10: 0 8 1 8 3 0  R11: 0 4 3 0  
[79515.984375, 1224.0]	181114,49,157,14,885,102,1349,0.8385981577945864	 50 R1: 0 5 9 0  R2: 0 1 3 1 11 7 8 10 6 1 9 3 6 11 7 5 0  R3: 0 1 4 3 2 9 0  R4: 0 10 5 2 7 5 9 2 10 9 11 10 6 2 5 7 5 1 8 7 2 6 1 3 5 0  R5: 0 8 1 0  R6: 0 10 1 3 10 6 10 0  R7: 0 3 4 0  R8: 0 8 6 5 6 10 7 2 9 8 0  R9: 0 9 5 1 2 4 9 7 10 6 10 6 3 8 1 3 4 0  R10: 0 5 1 0  R11: 0 3 9 0  R12: 0 2 5 0  R13: 0 6 4 0  R14: 0 8 1 0  
[84296.4140625, 2004.0]	172469,181,145,14,975,167,1355,0.8324192176870748	 50 R1: 0 5 9 2 5 9 2 9 5 7 3 10 2 1 6 8 1 8 3 9 0  R2: 0 10 6 0  R3: 0 1 5 3 0  R4: 0 9 7 0  R5: 0 2 5 7 2 8 10 6 7 8 1 0  R6: 0 3 2 4 8 0  R7: 0 10 1 0  R8: 0 5 1 3 1 8 10 9 1 11 6 1 9 11 7 4 6 2 7 3 10 6 10 4 0  R9: 0 3 10 6 9 0  R10: 0 6 8 0  R11: 0 5 7 5 1 0  R12: 0 11 7 0  R13: 0 6 4 2 1 5 6 0  R14: 0 4 3 0  
[81837.453125, 1464.0]	177844,140,165,13,929,122,1408,0.8358428430543815	 50 R1: 0 1 3 1 8 5 1 0  R2: 0 1 3 11 7 8 1 10 6 7 4 3 1 0  R3: 0 10 6 0  R4: 0 10 1 0  R5: 0 5 2 5 9 2 9 10 9 5 7 3 2 1 6 9 8 1 8 3 10 4 0  R6: 0 6 10 0  R7: 0 6 2 5 9 8 1 7 5 7 10 6 11 2 6 3 1 10 5 4 0  R8: 0 3 9 0  R9: 0 11 6 0  R10: 0 2 8 0  R11: 0 5 1 0  R12: 0 7 8 2 8 1 6 10 3 9 7 4 0  R13: 0 7 3 0  
[76620.78125, 1272.0]	173622,193,164,12,829,106,1546,0.8607624831309042	 50 R1: 0 9 10 0  R2: 0 3 9 0  R3: 0 1 3 1 8 5 1 8 10 11 7 3 6 7 10 6 4 10 6 2 8 1 3 5 6 0  R4: 0 1 5 9 2 9 10 9 5 1 3 2 9 7 8 10 1 3 4 10 6 10 0  R5: 0 6 1 9 11 8 1 5 1 0  R6: 0 10 6 0  R7: 0 7 2 0  R8: 0 2 5 9 8 1 6 2 5 7 4 3 5 7 8 4 7 3 0  R9: 0 6 10 0  R10: 0 11 7 0  R11: 0 6 4 0  R12: 0 8 1 0  
[77663.015625, 1548.0]	171329,149,161,11,884,129,1427,0.8135199040090344	 50 R1: 0 3 9 1 3 4 11 5 1 7 2 5 6 10 1 2 8 6 7 10 1 4 0  R2: 0 1 3 1 8 1 8 6 5 6 1 3 7 6 5 10 1 8 2 6 1 5 0  R3: 0 10 6 2 5 9 0  R4: 0 9 2 9 7 0  R5: 0 7 2 9 0  R6: 0 7 3 0  R7: 0 5 10 0  R8: 0 8 6 11 6 8 1 0  R9: 0 6 4 8 3 0  R10: 0 9 10 9 10 3 11 5 7 10 8 1 3 6 4 10 2 0  R11: 0 4 3 0  
[69271.0, 2184.0]	156966,44,165,9,793,182,1345,0.7932336182336183	 50 R1: 0 3 9 1 3 4 11 5 1 7 2 5 6 10 1 2 8 7 9 6 10 1 4 1 5 0  R2: 0 6 8 6 9 3 5 7 10 6 11 2 6 4 0  R3: 0 11 6 0  R4: 0 1 2 9 8 9 2 1 4 7 10 3 0  R5: 0 10 6 0  R6: 0 9 7 0  R7: 0 3 8 1 6 5 1 7 8 3 6 10 1 4 0  R8: 0 5 2 7 5 9 10 2 10 9 7 10 0  R9: 0 8 1 0  
[70250.078125, 2124.0]	155514,40,149,9,823,177,1312,0.7747800402212167	 50 R1: 0 5 9 0  R2: 0 3 9 1 3 4 11 5 1 7 2 5 6 10 1 2 8 7 9 6 10 1 4 1 5 0  R3: 0 6 8 6 9 3 5 7 10 6 11 2 6 4 6 10 0  R4: 0 11 10 8 1 9 7 10 6 5 1 7 3 0  R5: 0 7 1 2 9 8 0  R6: 0 2 8 1 8 9 2 9 4 3 6 1 10 5 0  R7: 0 3 10 0  R8: 0 5 10 6 0  R9: 0 8 1 8 3 0  
[77171.359375, 1896.0]	158900,157,157,12,883,158,1429,0.8413938492063492	 50 R1: 0 10 7 0  R2: 0 3 9 1 3 4 11 5 1 7 2 5 6 10 1 2 7 9 10 6 8 1 6 1 5 3 10 0  R3: 0 2 5 0  R4: 0 7 3 0  R5: 0 10 1 0  R6: 0 3 4 0  R7: 0 5 10 6 5 9 7 1 2 6 9 10 11 8 7 10 5 7 1 2 6 3 10 0  R8: 0 8 6 0  R9: 0 9 11 3 6 0  R10: 0 8 1 8 1 0  R11: 0 2 9 0  R12: 0 4 8 9 6 7 4 6 2 6 1 3 4 0  
[88656.203125, 1560.0]	170088,179,157,12,1093,130,1299,0.8040674603174603	 50 R1: 0 5 2 8 9 8 6 10 1 8 1 0  R2: 0 3 9 0  R3: 0 10 6 0  R4: 0 1 5 10 2 1 5 1 2 6 10 7 4 3 5 6 1 8 7 3 1 5 4 0  R5: 0 10 1 3 7 4 2 6 9 11 10 3 2 9 7 5 7 5 1 10 1 6 8 0  R6: 0 3 10 0  R7: 0 11 7 0  R8: 0 5 7 1 2 8 0  R9: 0 6 2 6 4 0  R10: 0 9 11 7 10 0  R11: 0 8 1 0  R12: 0 8 1 8 6 3 10 0  
[92557.125, 1284.0]	167620,176,163,12,1182,107,1196,0.7638543823326432	 50 R1: 0 9 10 3 2 7 10 5 1 6 8 1 3 0  R2: 0 5 2 9 0  R3: 0 6 8 11 6 0  R4: 0 3 9 0  R5: 0 10 6 0  R6: 0 1 3 5 0  R7: 0 10 1 6 4 3 0  R8: 0 7 1 5 1 2 10 7 4 3 9 2 9 6 4 10 7 3 5 1 10 8 0  R9: 0 11 7 0  R10: 0 5 9 1 7 11 5 7 0  R11: 0 5 2 8 10 8 9 1 6 1 8 10 3 1 5 2 6 2 1 5 6 4 0  R12: 0 6 10 0  
[85579.6328125, 1728.0]	168440,180,134,10,1068,144,1240,0.7812723411256188	 50 R1: 0 5 1 0  R2: 0 8 3 0  R3: 0 3 1 3 5 1 9 8 2 6 9 5 2 1 11 8 10 7 3 1 6 10 0  R4: 0 2 8 11 1 6 9 10 3 6 9 5 1 7 8 6 4 0  R5: 0 6 10 8 1 0  R6: 0 5 7 0  R7: 0 5 10 1 7 2 9 6 8 11 5 1 6 2 9 4 0  R8: 0 2 6 0  R9: 0 9 10 2 7 3 5 6 10 6 4 8 1 3 1 5 10 7 0  R10: 0 4 3 7 10 0  
[83373.984375, 1956.0]	167338,249,162,11,989,163,1391,0.7941976584022039	 50 R1: 0 9 5 6 10 7 9 1 7 10 0  R2: 0 6 8 11 3 8 1 6 10 6 8 1 8 3 0  R3: 0 3 9 0  R4: 0 1 3 5 0  R5: 0 10 6 0  R6: 0 7 8 1 2 0  R7: 0 2 5 9 2 9 2 6 10 7 1 5 3 5 7 1 4 6 2 6 4 6 10 0  R8: 0 11 8 1 7 0  R9: 0 5 1 3 1 5 1 9 8 2 9 2 11 6 8 10 1 7 3 1 5 10 4 0  R10: 0 2 9 0  R11: 0 4 3 0  
[83119.453125, 1692.0]	174220,202,168,14,939,141,1416,0.8159084686506182	 50 R1: 0 5 9 0  R2: 0 1 5 1 3 11 7 10 4 0  R3: 0 1 5 1 8 0  R4: 0 10 6 0  R5: 0 9 2 9 7 0  R6: 0 3 10 0  R7: 0 10 1 0  R8: 0 9 5 6 10 9 1 7 10 6 11 10 7 3 1 6 10 5 2 4 0  R9: 0 3 9 2 7 2 9 5 2 10 5 3 7 3 6 4 0  R10: 0 2 8 0  R11: 0 11 6 0  R12: 0 6 8 1 4 0  R13: 0 8 1 8 6 8 9 8 1 10 6 5 7 1 2 8 3 6 0  R14: 0 4 3 0  
[76212.875, 1812.0]	171076,122,165,10,873,151,1404,0.8085449735449736	 50 R1: 0 5 1 0  R2: 0 3 9 0  R3: 0 5 9 0  R4: 0 2 8 6 4 8 1 8 3 0  R5: 0 1 5 2 7 2 9 5 2 5 1 3 7 6 0  R6: 0 10 6 0  R7: 0 11 8 1 6 8 7 8 1 0  R8: 0 5 1 5 9 1 3 10 4 8 11 6 10 7 9 5 1 7 10 2 6 3 1 10 5 4 0  R9: 0 8 6 1 4 3 0  R10: 0 9 10 9 7 10 11 3 2 9 10 6 7 10 1 6 3 10 4 0  
[89917.6484375, 1608.0]	173498,227,148,12,1107,134,1296,0.7793090062111802	 50 R1: 0 10 6 10 4 7 3 0  R2: 0 5 1 8 9 0  R3: 0 3 1 5 3 9 0  R4: 0 11 6 0  R5: 0 2 8 0  R6: 0 10 6 2 5 0  R7: 0 3 6 0  R8: 0 7 2 5 1 2 9 5 7 1 10 7 6 10 6 2 8 1 3 4 0  R9: 0 11 8 1 8 6 9 11 7 9 5 1 7 0  R10: 0 10 7 1 3 6 10 0  R11: 0 5 1 3 2 8 4 6 8 1 8 3 9 5 1 2 6 3 10 1 5 4 0  R12: 0 2 9 0  
[79738.046875, 1812.0]	159196,100,148,9,991,151,1293,0.7999081422692534	 50 R1: 0 10 7 0  R2: 0 3 9 2 5 2 5 1 2 9 6 3 6 7 10 6 1 5 2 8 3 6 4 0  R3: 0 2 8 5 1 0  R4: 0 1 3 5 0  R5: 0 1 3 4 0  R6: 0 10 6 5 10 7 1 8 1 6 9 2 9 4 3 11 5 8 10 6 7 3 1 5 10 4 0  R7: 0 8 1 0  R8: 0 11 7 8 1 8 11 6 5 7 9 7 2 10 6 9 8 1 6 10 0  R9: 0 5 1 0  
