[30106.970703125, 66940.0, 936.0]	175154,331,165,11,1233,78,1380,0.768595041322314	 50 R1: 0 9 5 3 2 8 6 7 8 1 10 6 10 0  R2: 0 5 8 1 8 1 9 0  R3: 0 3 9 0  R4: 0 1 3 7 2 9 5 8 6 1 4 3 2 9 7 5 1 0  R5: 0 10 6 1 3 11 7 4 0  R6: 0 2 1 5 1 2 6 5 11 9 3 7 4 8 2 10 6 11 0  R7: 0 6 10 0  R8: 0 7 8 3 0  R9: 0 5 10 0  R10: 0 6 4 0  R11: 0 9 5 10 7 8 1 5 6 10 2 10 1 3 1 4 7 5 10 6 0  
[26873.859375, 42580.0, 1332.0]	148663,63,111,7,839,166,1374,0.7402597402597403	 50 R1: 0 3 9 1 5 4 3 5 1 9 10 7 3 4 6 7 3 5 6 10 2 1 8 1 5 6 3 4 0  R2: 0 11 6 9 8 11 1 0  R3: 0 1 7 2 8 9 5 1 10 2 9 7 8 0  R4: 0 11 2 9 6 8 6 1 3 5 7 10 6 4 10 1 3 6 10 0  R5: 0 5 10 6 2 5 8 1 2 5 0  R6: 0 6 7 4 3 0  R7: 0 8 1 0  
[30142.4609375, 1956.0, 44150.0]	159314,83,163,9,883,174,1287,0.7676767676767677	 50 R1: 0 5 9 11 7 0  R2: 0 3 9 1 3 5 2 9 4 0  R3: 0 10 6 0  R4: 0 7 2 0  R5: 0 6 11 10 4 3 7 10 6 0  R6: 0 5 7 1 8 1 0  R7: 0 5 2 10 1 8 1 8 6 10 8 5 2 9 8 7 1 2 6 3 10 0  R8: 0 8 5 1 2 9 10 3 5 3 2 5 6 7 10 6 4 6 10 3 1 0  R9: 0 9 11 9 5 7 10 6 4 8 1 8 1 5 3 0  
[26409.0, 35066.0, 4958.677734375]	167550,50,143,11,657,128,1518,0.8264462809917356	 50 R1: 0 3 1 9 3 4 0  R2: 0 1 3 5 2 9 0  R3: 0 8 1 0  R4: 0 2 5 7 2 0  R5: 0 11 5 7 8 6 1 8 2 8 10 6 4 10 1 8 6 10 1 3 0  R6: 0 5 1 7 8 1 9 7 0  R7: 0 3 4 0  R8: 0 5 10 6 5 9 1 8 1 2 5 9 10 4 3 7 2 9 10 0  R9: 0 9 11 0  R10: 0 2 6 3 10 0  R11: 0 9 10 11 6 3 10 5 7 5 1 2 6 7 4 1 5 3 0  
[21843.400390625, 40896.0, 6404.72705078125]	156524,51,136,8,765,178,1391,0.7954545454545454	 50 R1: 0 3 1 9 3 4 1 5 1 6 8 3 4 6 2 8 3 2 8 6 10 3 9 0  R2: 0 2 5 9 8 1 2 5 9 10 7 9 10 6 11 10 1 7 3 1 5 0  R3: 0 11 7 8 1 10 5 6 10 1 7 3 5 6 4 7 6 1 3 4 10 0  R4: 0 8 1 0  R5: 0 5 10 6 7 2 9 0  R6: 0 8 6 0  R7: 0 9 2 11 6 0  R8: 0 8 1 0  
[20718.80078125, 41904.0, 8345.63671875]	147188,90,162,10,786,142,1438,0.8272727272727273	 50 R1: 0 9 10 8 7 1 10 0  R2: 0 3 9 1 3 4 2 9 5 1 8 10 7 6 3 2 9 10 4 7 6 3 6 10 8 4 0  R3: 0 10 6 2 5 9 1 8 2 5 11 5 6 7 9 1 5 1 7 0  R4: 0 7 2 0  R5: 0 1 5 0  R6: 0 11 8 1 6 7 6 1 4 3 5 6 4 7 10 1 8 3 1 0  R7: 0 5 10 0  R8: 0 9 11 0  R9: 0 2 6 0  R10: 0 9 2 0  
[15644.599609375, 60366.0, 13339.63671875]	139166,246,144,12,1119,163,1276,0.8106060606060606	 50 R1: 0 3 9 1 3 5 11 7 2 10 6 5 9 2 7 8 11 1 7 10 4 3 6 10 1 0  R2: 0 6 8 6 8 2 5 10 1 9 8 1 8 6 3 7 0  R3: 0 11 6 0  R4: 0 9 7 0  R5: 0 1 5 0  R6: 0 3 6 0  R7: 0 7 2 0  R8: 0 2 5 0  R9: 0 6 4 0  R10: 0 5 10 6 1 8 1 8 9 1 2 9 10 4 3 4 0  R11: 0 2 9 0  R12: 0 2 6 4 0  
[20666.380859375, 74348.0, 912.0]	127822,289,76,5,1385,184,1066,0.6363636363636364	 50 R1: 0 3 9 1 3 5 11 7 2 10 6 5 9 2 7 8 11 10 2 6 3 4 1 5 10 0  R2: 0 10 5 10 6 7 2 9 8 1 6 11 8 3 2 5 9 1 7 8 1 8 6 10 3 4 0  R3: 0 2 5 1 8 1 8 9 2 6 10 4 9 7 6 10 6 4 7 3 0  R4: 0 8 1 0  R5: 0 6 4 0  
[21778.681640625, 2700.0, 71504.0]	130055,270,76,5,1384,192,1043,0.6363636363636364	 50 R1: 0 3 9 1 3 5 11 7 2 10 6 5 9 2 7 8 11 10 2 6 3 4 1 5 10 0  R2: 0 10 5 10 6 7 2 9 8 1 6 11 8 3 2 5 9 1 7 8 1 8 6 10 3 4 0  R3: 0 2 5 1 8 1 8 9 2 6 10 4 9 7 6 10 3 6 4 7 3 0  R4: 0 8 1 0  R5: 0 6 4 0  
[16657.0, 36620.0, 12473.63671875]	151210,43,128,10,695,120,1510,0.8272727272727273	 50 R1: 0 5 1 0  R2: 0 3 9 5 10 5 9 2 9 2 5 11 6 3 7 1 5 7 10 6 10 6 3 4 1 5 10 0  R3: 0 1 5 1 3 4 8 1 6 10 5 7 8 9 1 6 7 4 8 1 8 3 0  R4: 0 10 6 2 5 7 2 8 9 10 4 3 6 2 8 9 0  R5: 0 1 8 0  R6: 0 11 7 0  R7: 0 7 3 0  R8: 0 9 11 3 4 0  R9: 0 6 10 0  R10: 0 2 6 0  
[17471.80078125, 61546.0, 5592.63623046875]	130678,228,67,6,1145,168,1229,0.7272727272727273	 50 R1: 0 3 9 1 3 5 11 7 2 10 6 5 9 2 7 8 11 10 2 6 3 4 1 5 10 0  R2: 0 11 6 8 1 2 9 0  R3: 0 5 7 5 1 0  R4: 0 10 6 5 10 7 2 9 8 6 1 8 4 3 6 3 4 6 10 6 4 7 8 1 6 10 3 0  R5: 0 2 5 1 8 1 8 9 10 2 6 9 7 0  R6: 0 6 4 0  
[20608.4921875, 74480.0, 912.0]	128604,270,76,5,1390,190,1039,0.6181818181818182	 50 R1: 0 3 9 1 3 5 11 7 2 10 6 5 9 2 7 8 11 10 2 6 3 4 1 5 10 0  R2: 0 10 5 10 6 7 2 9 8 1 6 11 8 3 2 5 9 1 7 8 1 8 6 10 3 4 0  R3: 0 2 5 1 8 1 8 9 2 6 10 4 9 7 6 10 3 6 4 0  R4: 0 8 1 0  R5: 0 7 6 4 3 0  
[16815.19921875, 73124.0, 4681.0908203125]	127552,273,81,5,1363,187,1060,0.6181818181818182	 50 R1: 0 3 9 1 3 5 11 7 2 10 6 5 9 2 7 8 11 10 2 6 3 4 1 5 10 0  R2: 0 10 6 4 7 6 3 6 10 4 0  R3: 0 10 5 10 6 7 2 9 8 1 6 11 8 3 2 5 9 1 6 8 1 7 3 4 0  R4: 0 2 5 1 8 1 8 9 2 10 8 9 7 1 6 0  R5: 0 4 3 0  
[20473.380859375, 75884.0, 1047.0]	127432,281,76,5,1419,177,1047,0.6363636363636364	 50 R1: 0 3 9 1 3 5 11 7 2 10 6 5 9 2 7 8 11 10 2 6 3 4 1 5 10 0  R2: 0 10 5 10 6 7 2 9 8 1 6 11 8 3 2 5 9 1 7 8 1 8 6 3 4 10 0  R3: 0 2 5 1 8 1 8 9 2 6 4 9 7 6 10 6 4 7 3 0  R4: 0 8 1 0  R5: 0 6 4 0  
[16559.400390625, 73601.6328125, 1333.0]	144834,337,139,12,1130,173,1333,0.8106060606060606	 50 R1: 0 3 5 2 5 10 2 9 0  R2: 0 10 6 4 7 3 0  R3: 0 11 6 0  R4: 0 7 10 0  R5: 0 10 1 3 7 8 1 9 5 10 7 4 3 9 5 7 6 4 10 8 1 3 2 5 0  R6: 0 1 8 5 1 6 8 9 10 11 2 9 6 8 2 6 3 10 6 10 0  R7: 0 2 5 6 1 0  R8: 0 6 10 0  R9: 0 8 1 0  R10: 0 11 7 0  R11: 0 5 7 0  R12: 0 6 4 0  
[26530.9453125, 35608.0, 1560.0]	155264,52,130,8,654,199,1500,0.7840909090909091	 50 R1: 0 3 9 5 10 5 9 2 9 2 5 11 5 6 2 5 7 1 10 6 8 3 1 10 5 0  R2: 0 6 8 10 7 3 6 7 10 4 6 4 2 8 3 6 0  R3: 0 1 5 1 3 5 1 4 9 2 6 1 8 1 5 1 0  R4: 0 10 6 2 7 5 1 8 1 2 9 10 4 3 2 9 7 0  R5: 0 11 7 0  R6: 0 7 10 1 3 6 10 0  R7: 0 6 4 0  R8: 0 9 11 0  
[22544.19921875, 36514.0, 7084.9091796875]	162842,49,127,8,690,187,1460,0.8068181818181819	 50 R1: 0 3 9 5 10 5 9 2 9 2 5 11 5 6 2 5 7 1 10 6 8 3 1 10 5 0  R2: 0 1 3 2 5 1 5 1 8 6 1 9 11 0  R3: 0 10 6 1 3 11 7 0  R4: 0 7 2 8 6 1 10 7 3 2 4 9 8 10 1 0  R5: 0 1 4 8 1 0  R6: 0 2 6 4 0  R7: 0 4 3 7 6 10 6 5 1 7 8 3 6 10 4 0  R8: 0 9 2 9 10 8 1 9 7 0  
[19349.599609375, 45000.36328125, 1516.0]	172976,23,157,12,611,171,1516,0.8560606060606061	 50 R1: 0 3 9 5 10 5 9 2 9 2 5 11 5 6 2 5 7 1 10 6 8 3 1 10 5 0  R2: 0 6 8 10 7 3 6 7 10 4 0  R3: 0 1 3 2 5 1 5 1 8 6 1 9 11 9 6 7 4 10 1 8 3 6 10 0  R4: 0 1 3 11 7 4 0  R5: 0 10 6 0  R6: 0 7 2 0  R7: 0 7 3 0  R8: 0 6 4 0  R9: 0 2 9 5 1 0  R10: 0 8 1 8 1 9 2 9 10 8 1 0  R11: 0 2 6 0  R12: 0 4 3 0  
[18030.19921875, 49502.18359375, 1476.0]	160502,70,157,10,718,165,1476,0.8363636363636364	 50 R1: 0 9 10 0  R2: 0 3 9 5 10 5 9 2 9 2 5 11 5 6 2 5 7 1 10 6 8 3 1 10 5 0  R3: 0 6 8 10 7 0  R4: 0 1 3 2 5 1 5 1 8 6 1 9 11 3 7 10 6 4 7 2 6 3 6 10 0  R5: 0 1 4 11 8 1 7 9 2 3 8 1 2 5 1 10 8 1 3 9 0  R6: 0 10 6 0  R7: 0 9 7 0  R8: 0 7 2 0  R9: 0 6 4 0  R10: 0 4 3 6 0  
[28432.884765625, 35720.0, 1344.0]	166874,52,112,9,656,200,1497,0.8080808080808081	 50 R1: 0 3 9 5 10 5 9 2 9 2 5 11 5 6 2 5 7 1 10 6 8 3 1 10 5 0  R2: 0 6 8 10 7 3 6 7 10 4 6 4 2 8 3 6 0  R3: 0 1 5 1 3 5 1 4 9 2 6 1 8 1 5 1 0  R4: 0 10 6 2 7 5 1 8 1 2 9 10 4 3 9 7 2 9 0  R5: 0 11 7 8 1 0  R6: 0 7 3 0  R7: 0 6 10 1 4 0  R8: 0 9 11 0  R9: 0 6 10 0  
[31805.05078125, 33120.0, 1512.0]	166802,97,156,11,643,126,1595,0.8429752066115702	 50 R1: 0 3 5 2 5 10 2 9 8 6 10 7 4 3 6 7 10 1 10 8 7 3 1 5 10 6 0  R2: 0 11 6 10 1 3 4 5 7 5 1 10 6 1 4 6 10 0  R3: 0 2 8 0  R4: 0 1 3 1 8 1 0  R5: 0 1 5 1 7 2 3 4 0  R6: 0 10 6 0  R7: 0 11 7 5 1 2 5 9 10 8 1 9 7 6 4 8 1 8 3 0  R8: 0 5 9 1 7 11 2 9 0  R9: 0 8 6 0  R10: 0 2 6 0  R11: 0 9 2 0  
[18452.5, 76095.8203125, 1174.0]	165805,261,142,8,1251,156,1174,0.7386363636363636	 50 R1: 0 3 5 10 1 3 8 1 2 5 1 6 9 7 4 10 6 4 7 8 3 6 10 0  R2: 0 5 1 2 8 6 11 9 8 3 2 9 6 10 1 4 0  R3: 0 2 8 0  R4: 0 1 3 7 2 5 1 8 6 1 6 10 0  R5: 0 2 5 11 7 0  R6: 0 2 6 0  R7: 0 9 10 9 3 10 5 7 5 1 6 8 3 10 1 5 2 11 0  R8: 0 4 8 9 7 3 10 1 6 4 0  
[18927.5, 44390.0, 10055.32421875]	147275,139,162,7,860,169,1408,0.7792207792207793	 50 R1: 0 3 9 1 3 4 2 9 5 1 8 10 7 6 3 2 9 10 4 7 6 3 6 10 8 4 0  R2: 0 1 7 2 8 6 11 9 1 6 7 10 5 11 1 2 6 7 1 5 8 0  R3: 0 10 6 2 5 11 7 9 2 5 9 5 10 1 7 2 9 7 6 4 10 1 8 1 3 0  R4: 0 8 1 0  R5: 0 5 10 0  R6: 0 8 1 8 1 0  R7: 0 4 3 0  
[31530.263671875, 28292.0, 1800.0]	176109,12,156,12,526,150,1583,0.8560606060606061	 50 R1: 0 10 7 5 1 9 11 0  R2: 0 3 9 5 10 5 9 2 9 2 5 11 6 5 7 1 10 2 9 10 6 8 1 3 10 0  R3: 0 1 3 1 8 1 5 9 2 9 10 2 7 10 5 1 8 6 4 0  R4: 0 1 4 11 7 3 6 8 6 8 1 0  R5: 0 10 6 0  R6: 0 8 1 0  R7: 0 2 7 2 5 1 0  R8: 0 3 4 0  R9: 0 10 1 0  R10: 0 6 10 0  R11: 0 2 6 0  R12: 0 4 3 9 5 7 6 4 7 8 3 1 5 0  
[27402.5078125, 2824.0, 40350.0]	148826,94,123,8,807,157,1403,0.8068181818181819	 50 R1: 0 3 9 1 3 4 2 9 5 1 8 10 7 6 3 2 9 10 4 7 6 3 10 6 10 8 4 0  R2: 0 6 8 9 10 8 1 11 6 4 10 1 8 3 1 0  R3: 0 5 7 1 2 9 2 6 5 1 7 8 0  R4: 0 1 5 0  R5: 0 11 7 8 1 0  R6: 0 5 10 6 2 8 1 5 9 11 2 6 9 7 5 7 5 10 1 0  R7: 0 2 6 0  R8: 0 4 3 0  
[23381.044921875, 42590.0, 3000.0]	147195,119,78,5,828,172,1407,0.7090909090909091	 50 R1: 0 3 9 1 3 4 2 9 5 1 8 10 7 6 3 2 9 10 4 7 6 3 10 6 10 8 4 0  R2: 0 5 11 9 7 2 5 6 5 9 7 1 11 7 6 10 4 0  R3: 0 10 6 5 10 7 2 8 6 8 11 4 3 1 6 0  R4: 0 2 1 8 1 5 9 2 9 10 8 1 9 7 5 1 10 2 1 6 1 7 5 0  R5: 0 8 1 8 3 0  
[24146.5078125, 57412.0, 1336.0]	144396,252,168,6,1058,166,1336,0.6818181818181819	 50 R1: 0 3 9 1 3 4 2 9 5 1 8 10 7 6 3 2 9 10 4 7 6 3 10 6 10 8 4 0  R2: 0 6 8 11 6 4 8 1 5 7 1 2 6 3 0  R3: 0 5 1 8 9 0  R4: 0 10 6 0  R5: 0 5 2 7 11 5 7 9 6 5 9 1 11 7 10 6 4 2 10 8 3 1 5 0  R6: 0 8 1 8 2 5 9 10 9 7 1 0  
[29713.78125, 34590.0, 1584.0]	171826,40,145,10,649,132,1513,0.8363636363636364	 50 R1: 0 3 9 5 10 5 9 2 9 2 5 11 6 5 7 1 3 10 4 6 8 7 1 3 6 10 0  R2: 0 8 3 0  R3: 0 1 3 1 8 1 8 1 5 10 7 4 3 6 9 7 6 4 0  R4: 0 1 3 4 7 2 0  R5: 0 10 6 2 5 0  R6: 0 11 7 5 1 6 9 2 10 2 7 5 7 8 2 10 3 1 5 6 10 0  R7: 0 8 6 5 1 8 1 0  R8: 0 6 4 0  R9: 0 2 5 1 9 10 1 0  R10: 0 9 11 0  
[30446.19140625, 1866.0, 35200.0]	171851,9,127,9,704,148,1428,0.8181818181818182	 50 R1: 0 9 10 0  R2: 0 3 9 5 10 5 9 2 9 2 5 11 6 5 7 1 3 10 4 6 8 7 1 3 6 10 0  R3: 0 1 3 1 8 1 8 1 5 10 7 4 3 9 2 7 6 10 8 1 9 3 0  R4: 0 10 1 3 6 4 0  R5: 0 7 2 5 1 6 8 6 8 7 10 1 5 1 2 6 3 10 4 0  R6: 0 1 5 0  R7: 0 2 5 11 7 0  R8: 0 5 1 9 2 5 7 6 4 11 8 0  R9: 0 9 2 0  
[27152.3671875, 38708.0, 960.0]	167012,44,80,7,726,164,1420,0.8051948051948052	 50 R1: 0 3 9 5 10 5 9 2 9 2 5 11 6 5 7 1 3 10 4 6 8 7 1 3 6 10 0  R2: 0 1 3 1 8 1 8 1 5 10 7 4 3 9 2 7 6 10 8 1 9 3 0  R3: 0 10 1 3 4 6 7 2 8 5 1 6 2 5 7 5 6 4 1 2 6 3 10 8 0  R4: 0 1 5 0  R5: 0 2 5 11 5 7 1 6 9 2 10 8 1 7 10 0  R6: 0 6 4 0  R7: 0 9 11 0  
[32287.625, 25280.0, 2124.0]	171936,18,147,11,502,177,1573,0.859504132231405	 50 R1: 0 10 7 5 1 8 1 0  R2: 0 3 9 5 10 5 9 2 9 2 5 11 6 5 7 1 7 10 6 4 10 6 8 1 3 1 5 10 0  R3: 0 8 3 0  R4: 0 1 3 5 11 7 5 1 0  R5: 0 1 3 0  R6: 0 10 1 4 2 6 5 0  R7: 0 7 1 8 1 8 1 9 2 10 3 4 6 5 7 5 1 10 7 3 1 6 10 0  R8: 0 8 6 8 4 3 9 7 0  R9: 0 6 4 2 6 0  R10: 0 9 11 2 8 0  R11: 0 2 9 0  
[24927.654296875, 44734.0, 1068.0]	154832,42,89,6,845,172,1299,0.7575757575757576	 50 R1: 0 3 9 5 10 5 9 2 9 2 5 11 6 5 7 1 3 10 4 6 8 7 1 3 6 10 0  R2: 0 1 10 1 3 8 1 5 10 7 4 3 9 2 7 6 10 1 8 1 9 3 5 0  R3: 0 7 1 2 8 6 5 1 8 7 10 5 7 1 0  R4: 0 2 5 11 5 1 7 9 2 9 10 2 8 6 4 0  R5: 0 6 2 6 3 10 4 0  R6: 0 9 11 0  
[27642.107421875, 33424.0, 1740.0]	165092,28,145,8,624,162,1492,0.8068181818181819	 50 R1: 0 9 10 4 3 2 9 7 8 0  R2: 0 3 9 5 10 5 9 2 9 2 5 11 6 5 7 1 3 10 4 6 8 7 1 3 6 10 0  R3: 0 1 3 1 7 5 1 2 6 8 9 11 8 1 5 7 1 6 4 2 6 0  R4: 0 10 1 3 6 0  R5: 0 2 5 0  R6: 0 1 4 11 7 0  R7: 0 8 10 6 7 0  R8: 0 8 1 8 1 9 5 1 3 7 10 2 6 4 10 8 3 1 10 5 0  
[25736.900390625, 31576.0, 5030.30322265625]	169029,9,161,9,593,153,1502,0.8383838383838383	 50 R1: 0 3 9 5 10 5 9 2 9 2 5 11 6 5 7 1 3 10 4 6 8 7 1 3 6 10 0  R2: 0 8 3 0  R3: 0 1 3 1 8 1 5 9 10 7 4 3 2 6 8 9 10 1 3 1 10 5 0  R4: 0 7 10 6 4 0  R5: 0 1 3 4 11 7 5 1 8 6 9 10 9 5 7 5 1 11 2 6 4 0  R6: 0 10 6 0  R7: 0 7 2 8 1 6 5 1 8 0  R8: 0 2 5 0  R9: 0 8 1 0  
[32005.896484375, 27546.0, 1824.0]	174381,0,152,13,513,158,1565,0.8671328671328671	 50 R1: 0 9 10 9 11 0  R2: 0 1 3 1 8 1 8 1 5 10 7 5 1 3 6 7 10 6 4 10 8 1 3 0  R3: 0 1 3 4 0  R4: 0 10 6 0  R5: 0 2 5 0  R6: 0 8 1 0  R7: 0 3 10 0  R8: 0 9 2 0  R9: 0 3 9 5 10 5 9 2 9 2 5 11 6 5 7 1 3 10 4 6 8 7 1 3 6 10 0  R10: 0 5 7 5 1 0  R11: 0 7 2 0  R12: 0 11 7 5 1 6 8 6 4 3 2 9 7 8 0  R13: 0 6 2 6 4 1 5 0  
[31337.02734375, 27370.0, 2136.0]	168763,7,156,10,546,178,1516,0.8454545454545455	 50 R1: 0 3 9 5 10 5 9 2 9 2 5 11 6 5 7 1 3 10 4 6 8 7 1 3 6 10 0  R2: 0 8 3 0  R3: 0 1 3 1 8 1 8 1 5 10 7 4 3 2 6 8 9 10 1 3 1 5 10 0  R4: 0 1 3 4 0  R5: 0 10 6 0  R6: 0 7 2 5 1 8 6 8 9 11 7 5 1 7 10 2 6 4 0  R7: 0 2 5 11 7 0  R8: 0 6 4 0  R9: 0 5 1 0  R10: 0 9 2 9 10 8 1 9 7 0  
[33575.46484375, 28650.0, 1680.0]	177561,20,161,12,569,140,1551,0.8560606060606061	 50 R1: 0 9 10 4 3 9 7 5 7 5 1 0  R2: 0 10 7 9 11 2 8 0  R3: 0 3 9 5 10 5 9 2 9 2 5 11 6 5 7 1 3 10 4 6 8 7 1 3 6 10 0  R4: 0 6 8 6 8 1 2 9 0  R5: 0 1 3 1 5 8 0  R6: 0 1 3 4 0  R7: 0 10 6 0  R8: 0 7 2 0  R9: 0 2 5 0  R10: 0 11 5 1 7 0  R11: 0 6 4 2 6 0  R12: 0 8 1 8 1 9 5 1 3 7 10 2 6 4 10 8 3 1 10 5 0  
[29299.52734375, 31976.0, 1752.0]	167118,11,146,10,603,143,1515,0.8454545454545455	 50 R1: 0 3 9 5 10 5 9 2 9 2 5 11 6 5 7 1 3 10 4 6 8 7 1 3 6 10 0  R2: 0 8 3 0  R3: 0 1 3 1 8 1 8 1 5 10 7 4 3 7 10 6 4 0  R4: 0 1 3 11 7 4 0  R5: 0 10 6 2 5 0  R6: 0 7 2 5 1 6 8 6 9 2 8 11 0  R7: 0 5 1 0  R8: 0 2 9 7 0  R9: 0 2 6 0  R10: 0 9 2 9 10 8 1 5 7 1 10 6 3 1 10 5 4 0  
[27640.0, 30254.0, 5107.43798828125]	176890,20,150,11,567,142,1551,0.8512396694214877	 50 R1: 0 9 10 8 1 5 7 5 1 0  R2: 0 10 7 4 3 2 9 0  R3: 0 3 9 5 10 5 9 2 9 2 5 11 6 5 7 1 3 10 4 6 8 7 1 3 6 10 0  R4: 0 6 8 6 9 11 9 7 0  R5: 0 2 8 0  R6: 0 1 3 1 8 5 1 0  R7: 0 1 3 0  R8: 0 10 6 2 7 5 2 0  R9: 0 1 4 11 7 0  R10: 0 6 2 6 4 0  R11: 0 8 1 8 1 9 5 1 3 7 10 2 6 4 10 8 3 1 10 5 0  
[27078.099609375, 31640.0, 5008.2646484375]	169901,28,160,11,596,130,1568,0.8347107438016529	 50 R1: 0 9 10 9 2 11 6 4 8 6 3 10 4 0  R2: 0 5 1 8 1 10 7 0  R3: 0 3 9 5 10 5 9 2 9 2 5 11 6 4 3 7 10 1 10 6 7 3 1 5 0  R4: 0 1 5 3 11 7 0  R5: 0 1 3 4 1 8 1 6 8 6 8 1 0  R6: 0 10 6 0  R7: 0 2 5 7 2 0  R8: 0 2 9 0  R9: 0 6 10 0  R10: 0 9 2 5 7 3 4 9 5 7 1 10 2 8 1 3 6 0  R11: 0 8 1 0  
[28986.291015625, 2300.0, 36300.0]	168912,44,80,8,726,155,1426,0.8181818181818181	 50 R1: 0 3 9 5 10 5 9 2 9 2 5 11 6 5 7 1 3 10 4 6 8 7 1 3 6 10 0  R2: 0 1 3 1 8 1 8 1 5 10 7 4 3 9 2 7 6 10 8 1 9 3 0  R3: 0 7 10 0  R4: 0 10 1 3 4 6 7 2 8 5 1 6 2 5 7 5 6 4 1 2 6 3 10 8 0  R5: 0 1 5 0  R6: 0 2 5 11 5 7 1 6 9 2 10 8 1 0  R7: 0 6 4 0  R8: 0 9 11 0  
[34475.60546875, 52446.0, 900.0]	178340,100,158,17,991,75,1340,0.8502673796791445	 50 R1: 0 1 3 5 9 1 8 0  R2: 0 10 6 0  R3: 0 6 10 0  R4: 0 5 1 3 5 1 2 4 9 10 8 3 1 4 10 8 6 1 6 10 5 0  R5: 0 8 6 0  R6: 0 2 9 0  R7: 0 9 11 9 3 2 9 6 4 7 10 1 3 11 8 10 0  R8: 0 10 7 0  R9: 0 3 9 2 8 1 8 6 5 6 1 4 3 7 8 10 0  R10: 0 5 7 0  R11: 0 5 1 0  R12: 0 7 2 0  R13: 0 11 7 0  R14: 0 7 3 0  R15: 0 5 1 7 0  R16: 0 6 8 3 4 0  R17: 0 2 6 0  
[28413.197265625, 30230.0, 1992.0]	165265,12,130,9,571,166,1517,0.8282828282828283	 50 R1: 0 9 10 8 1 0  R2: 0 5 1 0  R3: 0 10 7 9 11 9 7 0  R4: 0 3 9 5 10 5 9 2 9 2 9 2 5 7 1 3 6 5 10 4 6 8 1 3 6 10 0  R5: 0 1 3 1 8 1 8 1 5 11 6 1 3 7 5 10 6 7 0  R6: 0 1 4 3 7 2 8 6 8 4 3 2 8 9 10 1 8 1 5 3 0  R7: 0 10 6 2 5 11 7 0  R8: 0 6 7 4 3 0  R9: 0 2 6 0  
[24166.5625, 47660.0, 1303.0]	159302,43,154,6,869,161,1303,0.7727272727272727	 50 R1: 0 3 9 5 10 5 9 2 9 2 5 11 6 5 7 1 3 10 4 6 8 7 1 3 6 10 0  R2: 0 1 3 1 8 1 8 1 5 10 7 4 3 9 2 9 5 1 6 8 3 4 7 10 0  R3: 0 1 2 7 2 4 3 5 6 9 5 1 2 7 6 10 8 2 6 1 5 4 0  R4: 0 10 6 0  R5: 0 11 7 5 1 8 6 9 8 1 5 7 11 0  R6: 0 10 1 0  
[33634.1171875, 28360.0, 1569.0]	182403,7,120,14,537,151,1569,0.8636363636363636	 50 R1: 0 8 3 0  R2: 0 1 3 1 8 1 8 1 5 11 6 8 1 2 9 0  R3: 0 6 1 3 6 7 10 5 7 0  R4: 0 10 6 1 4 3 11 7 8 6 10 7 0  R5: 0 2 5 7 2 0  R6: 0 10 1 0  R7: 0 9 11 0  R8: 0 5 1 0  R9: 0 3 9 5 10 5 9 2 9 2 9 2 5 7 1 3 6 5 10 4 6 8 1 3 6 10 0  R10: 0 6 9 10 6 10 4 8 3 0  R11: 0 2 9 7 8 0  R12: 0 7 3 1 5 0  R13: 0 6 4 0  R14: 0 2 6 0  
[17087.5, 35438.0, 14447.0908203125]	170875,7,139,10,674,177,1414,0.8181818181818181	 50 R1: 0 3 9 5 10 5 9 2 9 2 9 2 5 7 1 3 6 5 10 4 6 8 1 3 6 10 0  R2: 0 6 9 10 6 10 8 1 5 7 0  R3: 0 11 6 9 11 9 7 0  R4: 0 1 5 1 3 4 0  R5: 0 10 6 2 7 1 2 8 10 5 6 7 0  R6: 0 11 5 1 8 1 6 1 3 6 7 10 0  R7: 0 10 1 0  R8: 0 8 1 0  R9: 0 2 6 8 3 0  R10: 0 4 3 2 8 9 6 7 4 1 3 5 0  
[25692.6015625, 36618.0, 2148.0]	155102,7,104,7,706,179,1385,0.7662337662337663	 50 R1: 0 3 9 5 10 5 9 2 9 2 9 2 5 7 1 3 6 5 10 4 6 8 1 3 6 10 0  R2: 0 6 9 10 6 10 8 1 5 7 0  R3: 0 8 3 0  R4: 0 1 3 1 8 5 1 8 6 11 6 4 3 2 9 7 6 8 10 7 3 1 5 0  R5: 0 10 1 4 6 3 8 1 10 7 9 11 7 10 0  R6: 0 2 7 11 7 2 5 0  R7: 0 6 4 2 6 0  
[17405.599609375, 33250.0, 15280.8515625]	174056,25,150,11,624,177,1499,0.8429752066115702	 50 R1: 0 3 9 5 10 5 9 2 9 2 9 2 5 7 1 3 6 5 10 4 6 8 1 3 6 10 0  R2: 0 6 9 10 6 10 8 1 5 7 0  R3: 0 11 6 0  R4: 0 1 5 1 4 1 3 8 10 7 4 3 0  R5: 0 10 6 0  R6: 0 3 2 6 7 10 8 2 8 3 6 0  R7: 0 7 2 0  R8: 0 2 5 0  R9: 0 11 7 5 1 8 6 9 11 9 1 2 7 9 10 6 4 1 5 0  R10: 0 7 3 0  R11: 0 8 1 8 1 0  
[30091.65234375, 29066.0, 1812.0]	168938,7,133,11,548,151,1540,0.8429752066115702	 50 R1: 0 3 9 5 10 5 9 2 9 2 9 2 5 7 1 3 6 5 10 4 6 8 1 3 6 10 0  R2: 0 6 9 10 6 10 8 1 5 7 0  R3: 0 1 3 1 8 5 1 8 6 11 6 4 3 2 8 9 10 1 8 3 0  R4: 0 1 4 3 11 7 0  R5: 0 10 6 2 5 0  R6: 0 7 2 0  R7: 0 1 5 0  R8: 0 6 7 3 4 0  R9: 0 8 1 8 1 6 10 1 3 6 7 10 0  R10: 0 9 11 9 7 0  R11: 0 2 6 0  
[16594.19921875, 42336.0, 13772.302734375]	165942,40,153,9,802,167,1338,0.8383838383838383	 50 R1: 0 5 1 0  R2: 0 3 9 5 10 5 9 2 9 2 5 11 6 5 7 1 3 10 4 6 8 7 1 3 6 10 0  R3: 0 2 8 0  R4: 0 1 3 1 8 1 8 1 5 10 7 4 3 9 2 9 5 1 6 8 3 4 7 10 0  R5: 0 1 2 7 2 4 3 5 6 9 5 2 8 6 4 10 1 2 6 1 5 0  R6: 0 10 6 0  R7: 0 11 7 0  R8: 0 10 1 0  R9: 0 8 6 9 11 7 10 5 7 0  
[25607.6796875, 37818.0, 2124.0]	155162,7,104,7,730,177,1372,0.7532467532467533	 50 R1: 0 3 9 5 10 5 9 2 9 2 9 2 5 7 1 3 6 5 10 4 6 8 1 3 6 10 0  R2: 0 6 9 10 6 10 8 1 5 7 0  R3: 0 1 3 1 8 5 1 8 6 11 6 4 3 2 9 7 6 8 10 7 3 1 5 0  R4: 0 10 1 4 6 3 8 1 10 7 9 11 7 10 0  R5: 0 2 7 11 7 2 5 0  R6: 0 6 4 0  R7: 0 2 8 3 6 0  
[32484.28125, 29766.0, 1692.0]	180224,7,133,13,562,141,1543,0.8531468531468531	 50 R1: 0 8 3 0  R2: 0 1 3 1 7 2 5 8 10 11 6 4 3 7 10 0  R3: 0 1 4 3 8 1 0  R4: 0 10 6 2 5 0  R5: 0 8 1 0  R6: 0 1 5 0  R7: 0 10 1 7 3 0  R8: 0 9 11 2 9 0  R9: 0 3 9 5 10 5 9 2 9 2 9 2 5 7 1 3 6 5 10 4 6 8 1 3 6 10 0  R10: 0 6 9 10 6 10 8 1 5 7 0  R11: 0 2 8 0  R12: 0 11 7 5 1 8 6 1 3 9 6 7 0  R13: 0 6 4 2 6 0  
[27302.06640625, 34668.0, 2328.0]	157814,40,139,9,652,194,1454,0.7777777777777778	 50 R1: 0 3 9 5 10 5 9 2 9 2 9 2 5 7 1 3 6 5 10 4 6 8 1 3 6 10 0  R2: 0 6 9 10 6 10 8 1 5 7 0  R3: 0 1 5 3 0  R4: 0 10 6 1 4 3 0  R5: 0 3 4 3 7 10 6 0  R6: 0 7 2 0  R7: 0 2 5 1 8 1 8 10 6 11 6 7 0  R8: 0 11 5 1 8 7 6 9 11 2 9 1 7 8 6 4 2 6 1 5 0  R9: 0 10 7 8 1 3 0  
[18152.599609375, 8039.45458984375, 54070.0]	145526,213,132,6,1013,153,1364,0.7575757575757576	 50 R1: 0 3 9 1 3 5 9 8 1 11 6 1 2 5 4 5 7 10 2 1 6 10 8 0  R2: 0 6 8 6 3 6 9 7 10 6 10 6 4 6 8 1 5 3 4 0  R3: 0 2 1 2 9 2 5 10 7 9 11 2 3 10 8 9 7 3 10 4 0  R4: 0 11 7 0  R5: 0 5 7 0  R6: 0 5 10 6 7 8 1 2 9 5 1 4 8 1 3 2 0  
[24430.80078125, 60072.0, 1224.0]	138868,157,121,8,1141,102,1244,0.75	 50 R1: 0 3 9 2 11 7 5 1 8 10 6 10 4 3 2 8 6 7 8 3 6 10 9 1 0  R2: 0 6 9 8 10 8 1 10 6 2 6 7 3 1 5 4 0  R3: 0 11 6 0  R4: 0 1 5 10 5 1 7 8 1 2 3 9 6 5 7 5 10 7 5 1 10 1 11 0  R5: 0 1 3 2 9 4 0  R6: 0 9 7 0  R7: 0 5 1 7 3 4 0  R8: 0 2 6 0  
[20685.80078125, 7363.72705078125, 41566.0]	158858,109,129,8,767,139,1501,0.7954545454545454	 50 R1: 0 6 8 5 7 2 8 1 6 8 3 1 5 10 0  R2: 0 3 9 1 3 7 2 5 4 10 7 9 11 8 1 6 4 10 2 8 6 10 3 0  R3: 0 1 8 1 8 1 6 1 3 6 2 5 9 1 7 6 10 1 4 0  R4: 0 9 7 0  R5: 0 6 10 0  R6: 0 11 7 0  R7: 0 5 10 2 5 6 5 1 2 5 9 4 3 0  R8: 0 9 11 2 6 3 7 10 4 10 6 7 3 0  
[31932.19921875, 33420.0, 1488.0]	163542,97,148,12,649,124,1602,0.8333333333333334	 50 R1: 0 6 8 5 7 2 8 1 6 8 3 1 5 10 0  R2: 0 3 9 1 3 7 2 5 4 10 7 9 11 8 1 6 4 10 2 8 6 10 3 0  R3: 0 10 6 0  R4: 0 11 6 0  R5: 0 1 8 1 8 1 6 1 3 6 2 5 9 1 7 6 4 0  R6: 0 10 5 10 6 0  R7: 0 9 7 0  R8: 0 2 5 9 5 1 2 5 6 10 4 3 7 10 0  R9: 0 11 7 0  R10: 0 10 7 1 3 0  R11: 0 3 4 0  R12: 0 9 2 0  
[27698.646484375, 34620.0, 1572.0]	156384,97,128,7,673,131,1571,0.7922077922077921	 50 R1: 0 6 8 5 7 2 8 1 6 8 3 1 5 10 0  R2: 0 3 9 1 3 7 2 5 4 10 7 9 11 8 1 6 4 10 2 8 6 10 3 0  R3: 0 1 8 1 8 1 6 1 3 6 2 5 9 1 7 6 10 1 4 0  R4: 0 2 5 11 7 0  R5: 0 3 9 7 10 4 6 7 3 0  R6: 0 5 10 6 5 9 5 1 2 5 11 6 0  R7: 0 9 2 6 10 4 3 7 10 0  
[30728.263671875, 34220.0, 1440.0]	159860,97,128,11,665,120,1598,0.8347107438016529	 50 R1: 0 6 8 5 7 2 8 1 6 8 3 1 5 10 0  R2: 0 3 9 1 3 7 2 5 4 10 7 9 11 8 1 6 4 10 2 8 6 10 3 0  R3: 0 10 6 0  R4: 0 1 8 1 8 1 6 1 3 6 2 5 9 1 7 6 10 1 4 0  R5: 0 2 5 0  R6: 0 2 5 11 7 0  R7: 0 7 3 0  R8: 0 3 4 0  R9: 0 5 10 6 5 9 5 1 0  R10: 0 9 11 6 10 2 7 10 0  R11: 0 4 3 9 7 0  
[30743.36328125, 33400.0, 1692.0]	157661,90,150,11,650,141,1569,0.8347107438016529	 50 R1: 0 6 8 5 7 2 8 1 6 8 3 1 5 10 0  R2: 0 3 9 1 3 7 2 5 4 10 7 9 10 7 11 6 4 10 6 8 3 6 10 0  R3: 0 1 8 1 2 5 6 1 3 6 2 9 7 5 1 7 10 1 7 3 0  R4: 0 10 6 0  R5: 0 8 1 0  R6: 0 6 10 0  R7: 0 11 7 0  R8: 0 8 1 0  R9: 0 5 2 5 10 5 1 9 0  R10: 0 2 6 4 0  R11: 0 9 11 2 6 4 3 4 0  
[24080.046875, 38718.0, 3494.0]	151268,97,129,7,724,167,1490,0.7922077922077921	 50 R1: 0 6 8 5 7 2 8 1 6 8 3 1 5 10 0  R2: 0 3 9 1 3 7 2 5 4 10 7 9 11 8 1 6 4 10 2 8 6 10 3 0  R3: 0 11 6 0  R4: 0 7 10 0  R5: 0 1 8 1 8 1 6 1 3 6 2 5 9 1 7 6 7 4 3 0  R6: 0 10 5 10 6 2 5 9 1 2 5 9 6 2 4 3 9 7 10 6 4 10 1 0  R7: 0 11 7 0  
[22797.30078125, 34972.0, 6553.69677734375]	155973,97,150,9,645,146,1584,0.8282828282828283	 50 R1: 0 6 8 5 7 2 8 1 6 8 3 1 5 10 0  R2: 0 3 9 1 3 7 2 5 4 10 7 9 11 8 1 6 4 10 2 8 6 10 3 0  R3: 0 1 8 1 8 1 6 1 3 6 2 5 9 1 7 6 7 4 3 0  R4: 0 2 5 9 5 1 2 5 11 6 10 4 3 7 10 0  R5: 0 11 7 0  R6: 0 3 4 9 7 10 6 0  R7: 0 10 1 0  R8: 0 5 10 6 0  R9: 0 9 2 0  
[22966.80078125, 35324.0, 6489.0908203125]	157908,97,148,9,653,142,1580,0.8181818181818182	 50 R1: 0 6 8 5 7 2 8 1 6 8 3 1 5 10 0  R2: 0 3 9 1 3 7 2 5 4 10 7 9 11 8 1 6 4 10 2 8 6 10 3 0  R3: 0 1 8 1 8 1 6 1 3 6 2 5 9 1 7 6 7 4 3 0  R4: 0 10 5 10 6 0  R5: 0 2 5 9 5 1 2 5 11 6 10 4 3 7 10 0  R6: 0 11 7 0  R7: 0 3 4 9 7 10 6 0  R8: 0 10 1 0  R9: 0 9 2 0  
[24041.599609375, 6937.181640625, 38420.0]	168416,64,150,12,700,135,1479,0.803030303030303	 50 R1: 0 6 8 5 7 2 8 1 6 8 3 1 5 10 0  R2: 0 3 9 1 3 7 2 5 4 10 7 0  R3: 0 11 9 8 1 11 6 4 0  R4: 0 10 6 0  R5: 0 1 8 0  R6: 0 11 2 9 7 2 5 9 10 3 7 10 4 10 6 7 3 0  R7: 0 10 1 8 3 0  R8: 0 5 2 5 9 5 1 10 0  R9: 0 8 1 8 1 0  R10: 0 6 10 0  R11: 0 9 2 6 1 10 0  R12: 0 4 3 2 9 5 1 7 6 2 4 6 0  
[19947.69921875, 7641.181640625, 52234.0]	151477,175,120,8,971,187,1323,0.7613636363636364	 50 R1: 0 6 8 5 7 2 8 1 6 8 3 1 5 10 0  R2: 0 3 9 1 3 7 2 5 4 10 7 9 11 8 1 6 4 10 2 6 8 3 4 0  R3: 0 6 1 6 10 4 3 2 9 0  R4: 0 1 8 5 1 0  R5: 0 11 8 1 2 9 11 3 9 5 6 10 5 1 7 3 2 6 10 0  R6: 0 3 7 10 4 0  R7: 0 10 1 0  R8: 0 5 10 2 5 6 9 0  
[22291.599609375, 6853.0908203125, 42890.0]	156916,57,136,11,793,134,1374,0.8181818181818181	 50 R1: 0 3 9 1 3 5 9 8 1 11 10 7 6 3 4 5 6 4 7 10 1 3 1 5 10 0  R2: 0 10 5 2 10 6 8 1 2 9 2 5 10 9 7 10 5 10 6 1 7 3 0  R3: 0 1 8 0  R4: 0 7 2 9 0  R5: 0 6 10 0  R6: 0 11 7 0  R7: 0 5 7 8 1 0  R8: 0 8 6 9 11 8 1 0  R9: 0 2 6 0  R10: 0 6 10 0  R11: 0 4 3 2 8 9 6 8 3 1 4 0  
[20646.400390625, 7966.48486328125, 44510.0]	152464,165,138,9,817,167,1468,0.8080808080808081	 50 R1: 0 3 9 1 3 5 9 8 1 11 6 1 2 5 4 5 7 10 2 1 6 10 8 0  R2: 0 6 8 6 3 6 9 7 10 6 10 4 8 1 8 1 5 3 6 0  R3: 0 2 5 7 2 9 2 10 9 10 7 2 9 5 0  R4: 0 11 7 0  R5: 0 7 6 4 3 10 0  R6: 0 3 4 0  R7: 0 5 10 6 1 8 1 0  R8: 0 9 11 8 1 0  R9: 0 9 2 5 4 3 7 1 0  
[27970.236328125, 540.0, 49400.0]	147946,54,136,7,988,143,1264,0.7272727272727273	 50 R1: 0 9 5 6 10 1 2 9 8 7 10 1 0  R2: 0 10 7 0  R3: 0 3 1 4 5 3 8 1 9 2 8 9 7 6 10 1 2 4 6 3 10 1 5 4 0  R4: 0 7 1 8 2 0  R5: 0 11 7 5 1 2 5 11 9 3 11 5 7 6 7 8 1 6 10 4 3 0  R6: 0 5 10 6 2 8 5 8 6 1 4 8 3 0  R7: 0 2 9 0  
[30970.41796875, 53560.0, 936.0]	162665,271,153,11,1017,78,1458,0.8016528925619835	 50 R1: 0 5 9 5 8 1 10 11 7 6 0  R2: 0 3 9 0  R3: 0 1 3 1 8 1 2 5 0  R4: 0 1 3 2 4 9 0  R5: 0 10 6 0  R6: 0 1 5 0  R7: 0 5 2 7 11 7 5 6 9 5 4 3 9 7 10 5 1 6 7 3 8 2 0  R8: 0 6 4 2 6 0  R9: 0 8 6 0  R10: 0 9 11 3 4 2 9 10 6 8 1 8 3 0  R11: 0 9 5 6 10 8 1 5 6 4 7 10 1 3 6 10 2 0  
[31257.0546875, 30496.0, 1752.0]	174556,14,138,12,574,146,1556,0.8409090909090909	 50 R1: 0 5 1 8 1 8 5 1 4 6 3 5 1 7 4 6 7 4 3 0  R2: 0 10 7 9 11 0  R3: 0 3 9 5 10 5 9 2 9 2 5 11 6 5 7 1 7 10 6 4 10 6 8 3 1 5 10 0  R4: 0 6 8 0  R5: 0 1 5 1 7 2 3 0  R6: 0 10 1 4 6 0  R7: 0 3 6 2 8 9 10 1 8 6 10 3 0  R8: 0 2 1 5 8 0  R9: 0 11 7 0  R10: 0 8 1 0  R11: 0 2 6 0  R12: 0 9 2 9 10 8 1 9 7 0  
[15298.400390625, 99674.0, 11616.5458984375]	152984,568,156,8,1841,162,990,0.6590909090909092	 50 R1: 0 3 9 1 3 8 5 8 1 11 6 8 2 9 10 6 1 7 3 10 0  R2: 0 6 2 10 6 7 1 5 7 8 10 0  R3: 0 10 5 1 7 11 8 3 9 5 9 2 3 1 8 6 8 1 8 10 6 4 7 3 10 11 0  R4: 0 1 8 0  R5: 0 9 5 6 5 1 10 2 1 7 1 5 6 4 0  R6: 0 3 4 3 6 0  R7: 0 2 5 2 9 0  R8: 0 6 4 0  
[30909.791015625, 20.0, 34288.0]	166197,2,158,10,662,99,1485,0.8181818181818181	 50 R1: 0 3 9 2 1 8 5 2 6 1 8 5 2 8 10 6 4 7 3 1 5 0  R2: 0 5 7 2 9 0  R3: 0 1 5 3 2 9 10 8 11 6 8 1 7 10 5 1 7 8 3 10 6 1 10 0  R4: 0 1 3 4 0  R5: 0 10 6 0  R6: 0 11 8 7 1 10 7 9 11 9 7 0  R7: 0 5 7 0  R8: 0 5 1 3 6 0  R9: 0 2 6 4 0  R10: 0 9 2 9 4 10 3 2 9 4 10 8 1 3 0  
[26042.80078125, 28628.0, 8479.796875]	182428,21,141,13,529,164,1585,0.8671328671328671	 50 R1: 0 9 10 9 11 0  R2: 0 1 5 3 8 1 8 9 2 5 1 8 7 10 6 1 4 10 1 3 10 0  R3: 0 10 6 1 7 3 2 0  R4: 0 1 5 0  R5: 0 2 5 1 8 0  R6: 0 1 4 0  R7: 0 2 9 0  R8: 0 3 9 5 10 5 9 2 9 2 5 11 6 5 7 1 3 10 4 6 8 7 1 3 6 10 0  R9: 0 2 8 0  R10: 0 11 7 5 1 6 8 10 3 6 7 9 7 5 7 1 0  R11: 0 6 4 8 3 0  R12: 0 2 6 0  R13: 0 4 3 0  
[21644.5, 35578.0, 8048.9091796875]	162445,44,125,9,661,174,1458,0.8484848484848485	 50 R1: 0 3 9 5 10 5 9 2 9 2 5 11 6 5 7 1 3 10 4 6 8 7 1 3 6 10 0  R2: 0 2 8 0  R3: 0 1 3 1 8 1 8 1 5 10 7 4 3 9 2 9 5 1 6 8 3 4 10 7 0  R4: 0 1 3 4 11 7 5 1 6 8 9 10 11 7 5 7 6 4 10 1 0  R5: 0 10 6 2 5 7 2 0  R6: 0 1 5 0  R7: 0 8 1 0  R8: 0 2 6 0  R9: 0 9 2 5 1 0  
[22165.0, 34228.0, 8012.30322265625]	167650,33,127,9,629,204,1458,0.8383838383838383	 50 R1: 0 10 7 0  R2: 0 3 9 5 10 5 9 2 9 2 5 11 6 5 7 1 3 10 4 6 8 7 1 3 6 10 0  R3: 0 7 10 6 4 0  R4: 0 1 3 2 5 1 8 6 8 5 6 1 2 9 7 5 7 8 2 6 1 5 0  R5: 0 1 3 8 1 0  R6: 0 10 6 1 4 11 7 0  R7: 0 7 2 5 8 9 2 9 11 8 1 10 5 1 10 8 3 1 10 0  R8: 0 3 4 6 3 0  R9: 0 6 4 0  
[30502.9921875, 1816.0, 31500.0]	170109,4,142,9,630,148,1479,0.8181818181818181	 50 R1: 0 5 1 0  R2: 0 3 9 5 10 5 9 2 9 2 5 11 6 5 7 1 3 10 4 6 8 7 1 3 6 10 0  R3: 0 2 8 0  R4: 0 1 3 1 8 1 8 6 8 1 5 8 7 10 1 0  R5: 0 1 4 3 0  R6: 0 10 6 2 7 11 7 5 2 9 2 9 10 11 9 7 0  R7: 0 5 1 0  R8: 0 8 10 6 7 3 4 3 6 5 7 6 4 10 1 8 1 3 5 0  R9: 0 2 5 1 9 6 2 4 3 6 10 0  
[33820.69921875, 1788.0, 30500.0]	175179,0,153,13,610,149,1464,0.8671328671328671	 50 R1: 0 1 3 1 8 1 8 1 5 10 7 4 3 9 2 9 5 1 6 8 3 4 7 10 0  R2: 0 7 10 6 4 0  R3: 0 1 3 4 0  R4: 0 10 6 0  R5: 0 1 5 0  R6: 0 2 5 11 7 0  R7: 0 8 6 8 2 5 7 8 10 1 0  R8: 0 9 2 9 10 8 1 0  R9: 0 5 1 0  R10: 0 3 9 5 10 5 9 2 9 2 5 11 6 5 7 1 3 10 4 6 8 7 1 3 6 10 0  R11: 0 7 2 0  R12: 0 5 1 9 11 0  R13: 0 2 6 0  
[15595.5, 48316.0, 13363.060546875]	155955,205,157,9,891,143,1473,0.7676767676767677	 50 R1: 0 9 10 0  R2: 0 3 9 2 1 8 5 2 6 1 8 5 2 8 10 6 4 7 3 0  R3: 0 1 5 1 5 9 2 3 10 8 11 6 8 1 7 10 4 9 10 1 8 1 3 0  R4: 0 10 6 0  R5: 0 9 7 0  R6: 0 7 2 8 1 10 5 7 9 11 2 9 0  R7: 0 11 7 0  R8: 0 3 10 0  R9: 0 9 5 6 4 3 10 3 4 5 7 1 6 2 6 4 1 6 10 5 0  
[27629.208984375, 2010.0, 39736.0]	166483,9,153,8,758,160,1340,0.8068181818181819	 50 R1: 0 3 9 5 10 5 9 2 9 2 5 11 6 5 7 1 3 10 4 6 8 7 1 3 6 10 0  R2: 0 1 3 1 8 1 8 1 5 10 7 4 3 9 2 9 5 1 6 8 3 4 7 10 0  R3: 0 5 7 0  R4: 0 1 2 7 2 4 3 8 6 5 1 2 7 10 6 8 10 1 4 1 5 0  R5: 0 10 6 0  R6: 0 11 7 5 1 6 8 9 8 1 11 10 0  R7: 0 2 6 0  R8: 0 9 2 0  
[23079.482421875, 4290.0, 67084.0]	145683,243,107,6,1316,155,1093,0.6363636363636365	 50 R1: 0 3 1 3 1 8 1 8 6 10 11 9 5 1 11 7 4 10 7 3 1 6 10 5 8 0  R2: 0 5 11 7 5 1 2 5 9 0  R3: 0 10 5 10 2 7 2 9 5 9 6 9 3 7 5 10 6 4 7 2 6 2 4 6 0  R4: 0 8 1 0  R5: 0 3 2 5 1 9 8 4 8 3 0  R6: 0 5 6 4 10 9 1 7 3 10 6 8 1 0  
[27033.0078125, 2186.0, 44036.0]	160811,29,153,8,844,158,1311,0.8068181818181819	 50 R1: 0 5 1 0  R2: 0 3 9 5 10 5 9 2 9 2 5 11 6 5 7 1 3 10 4 6 8 7 1 3 6 10 0  R3: 0 1 3 1 8 1 8 1 5 10 7 4 3 9 2 9 5 1 6 8 3 4 7 10 0  R4: 0 1 2 7 2 4 3 5 6 9 5 1 2 7 6 10 8 2 6 4 1 5 0  R5: 0 10 6 0  R6: 0 11 7 0  R7: 0 10 1 0  R8: 0 8 6 9 8 11 5 7 1 0  
[25096.6796875, 3876.0, 55000.0]	143082,198,70,7,1100,158,1229,0.7532467532467533	 50 R1: 0 3 1 3 1 8 1 8 6 10 11 9 5 1 11 7 4 10 7 3 1 6 10 5 8 0  R2: 0 5 2 11 7 9 2 5 1 7 3 5 6 4 7 0  R3: 0 2 9 7 8 0  R4: 0 10 5 10 2 7 5 1 6 9 2 9 10 4 7 3 10 6 4 8 1 8 3 0  R5: 0 5 1 0  R6: 0 6 10 8 1 2 9 0  R7: 0 2 6 4 0  
[32741.837890625, 1828.0, 28700.0]	177944,4,143,11,574,149,1524,0.8512396694214877	 50 R1: 0 3 9 5 10 5 9 2 9 2 5 11 6 5 7 1 3 10 4 6 8 7 1 3 6 10 0  R2: 0 1 3 1 8 1 8 6 8 1 5 8 7 10 1 0  R3: 0 5 7 5 1 0  R4: 0 1 3 4 0  R5: 0 10 6 2 7 2 5 0  R6: 0 11 7 5 1 8 10 6 7 3 4 3 6 2 9 6 4 10 1 8 1 3 5 0  R7: 0 5 1 0  R8: 0 6 4 0  R9: 0 9 11 9 7 0  R10: 0 2 6 3 10 0  R11: 0 9 2 9 10 2 8 0  
[26326.30078125, 7494.72705078125, 31400.0]	170853,25,147,10,628,181,1477,0.8454545454545455	 50 R1: 0 3 9 5 10 5 9 2 9 2 5 11 6 5 7 1 3 10 4 6 8 7 1 3 6 10 0  R2: 0 1 3 1 8 1 8 1 10 7 9 4 3 10 6 11 5 1 10 8 1 3 5 0  R3: 0 1 3 0  R4: 0 10 6 1 4 11 7 0  R5: 0 7 2 5 1 8 6 8 2 7 6 4 10 8 2 6 0  R6: 0 2 5 0  R7: 0 3 10 0  R8: 0 6 4 0  R9: 0 2 9 0  R10: 0 9 2 5 1 8 1 9 7 5 7 0  
[29830.400390625, 910.0, 44914.0]	158374,91,152,10,869,122,1369,0.8	 50 R1: 0 3 9 2 1 8 5 2 6 1 8 3 7 10 6 10 4 6 7 2 3 6 10 5 0  R2: 0 1 3 0  R3: 0 1 4 3 0  R4: 0 1 5 0  R5: 0 10 6 5 10 5 9 2 9 0  R6: 0 8 1 0  R7: 0 7 11 7 8 6 1 4 3 2 3 4 5 7 1 10 1 8 3 1 0  R8: 0 6 10 0  R9: 0 5 11 1 7 6 9 7 0  R10: 0 9 10 9 8 7 2 9 11 10 1 6 4 1 8 5 0  
