[1569237.75, 11040.0]	556952,1285,170,22,5681,920,6948,0.18181818181818177	 250 R1: 0 6 5 6 1 9 0  R2: 0 2 7 9 10 9 10 6 10 5 0  R3: 0 10 1 3 1 8 1 10 6 8 1 4 3 6 11 1 10 8 1 10 2 9 1 5 8 3 6 0  R4: 0 8 4 7 1 5 2 0  R5: 0 1 3 5 8 5 10 7 1 6 5 11 2 1 9 7 2 6 3 4 8 3 10 11 0  R6: 0 10 4 10 11 4 3 1 9 0  R7: 0 3 9 2 10 11 2 5 9 10 4 10 11 8 3 4 6 4 7 3 2 3 5 10 9 0  R8: 0 1 5 2 5 7 2 9 8 2 5 6 11 4 8 10 5 1 5 3 4 6 0  R9: 0 7 1 4 5 6 7 2 6 9 0  R10: 0 8 2 4 0  R11: 0 7 9 7 5 11 0  R12: 0 2 5 2 9 2 1 9 2 5 6 11 10 6 5 3 1 6 5 7 9 1 7 2 9 11 6 0  R13: 0 9 4 5 0  R14: 0 10 2 5 1 2 4 5 2 3 1 8 1 5 9 3 10 4 1 8 6 11 9 7 0  R15: 0 1 3 5 9 2 4 9 11 7 6 3 8 10 0  R16: 0 1 5 8 2 3 9 0  R17: 0 2 7 3 11 5 1 4 6 1 4 5 2 9 7 1 8 2 8 3 1 11 6 7 4 0  R18: 0 1 5 11 4 5 8 1 3 11 6 9 11 0  R19: 0 7 3 0  R20: 0 4 3 0  R21: 0 4 1 8 3 2 5 1 7 5 9 1 2 8 7 4 8 1 6 2 4 8 10 0  R22: 0 2 3 9 4 10 3 10 5 4 10 8 7 3 4 9 1 11 6 5 2 8 6 5 4 11 9 0  
[1608097.75, 12012.0]	577707,1241,175,25,5797,1001,6767,0.16000000000000003	 250 R1: 0 4 2 3 1 9 11 6 10 0  R2: 0 7 4 0  R3: 0 5 1 10 3 5 0  R4: 0 10 4 7 10 5 4 9 1 7 2 5 11 2 1 5 3 9 11 0  R5: 0 3 5 1 4 3 2 9 0  R6: 0 2 5 9 5 2 1 6 9 11 5 1 6 10 1 4 9 5 9 6 3 8 0  R7: 0 8 4 0  R8: 0 6 9 0  R9: 0 2 5 9 2 9 7 1 2 5 11 9 1 3 10 1 6 5 9 11 7 0  R10: 0 7 10 6 4 1 3 0  R11: 0 2 7 5 11 7 2 6 10 0  R12: 0 10 11 6 4 0  R13: 0 10 1 6 1 3 8 10 1 10 8 1 2 4 5 1 3 10 1 2 7 2 1 9 11 0  R14: 0 8 1 8 5 3 8 6 1 4 1 5 6 8 10 3 5 4 2 6 10 11 4 9 0  R15: 0 1 3 11 8 1 10 0  R16: 0 6 5 9 1 2 3 7 6 8 9 10 5 1 10 6 9 4 11 3 10 6 9 5 7 11 0  R17: 0 9 10 0  R18: 0 1 5 7 3 5 11 0  R19: 0 7 3 10 3 9 2 10 11 5 1 10 8 3 11 6 2 5 3 10 4 9 8 3 6 0  R20: 0 7 2 7 5 1 2 9 2 7 5 2 7 2 6 3 7 5 8 1 10 6 3 7 8 0  R21: 0 1 3 5 0  R22: 0 9 1 3 5 11 0  R23: 0 4 2 5 11 5 6 9 2 5 3 4 8 1 7 1 11 1 8 2 3 6 0  R24: 0 5 1 3 7 2 9 10 0  R25: 0 2 8 2 4 5 6 5 4 1 10 6 8 7 9 11 4 10 4 6 3 4 9 5 1 9 8 0  
[1550535.75, 11400.0]	554839,1173,165,21,5628,950,6699,0.15476190476190477	 250 R1: 0 2 5 2 9 11 1 5 9 11 2 3 10 1 11 4 3 10 6 1 4 8 3 0  R2: 0 1 3 1 2 8 1 11 8 1 8 1 5 11 1 9 10 1 4 6 2 4 8 7 0  R3: 0 2 9 0  R4: 0 10 3 10 7 3 4 3 10 1 4 6 1 2 10 6 8 5 4 5 1 2 9 11 9 1 11 7 8 0  R5: 0 8 4 8 3 5 0  R6: 0 7 2 0  R7: 0 1 5 3 9 11 2 10 9 6 10 11 5 7 10 7 1 8 9 5 11 3 10 2 4 0  R8: 0 7 2 5 1 9 4 6 4 5 10 3 11 8 9 0  R9: 0 2 9 7 11 0  R10: 0 1 5 1 3 4 0  R11: 0 6 1 3 5 1 10 11 6 2 3 10 9 6 5 1 8 10 4 10 6 3 7 0  R12: 0 8 2 3 1 0  R13: 0 3 9 11 5 10 11 9 8 6 10 6 7 8 3 5 3 7 3 2 5 11 4 0  R14: 0 1 5 1 3 2 9 7 5 10 8 2 6 3 5 11 4 9 0  R15: 0 7 5 7 11 2 10 2 5 10 9 3 1 7 2 1 10 1 5 6 3 10 4 5 9 0  R16: 0 8 4 3 0  R17: 0 2 5 9 7 2 6 9 8 11 6 10 6 4 3 0  R18: 0 7 2 9 0  R19: 0 1 3 5 8 1 6 0  R20: 0 4 2 6 3 7 1 9 5 1 7 5 9 1 2 10 9 6 4 11 9 1 5 9 11 8 0  R21: 0 5 2 5 10 5 9 2 9 5 7 3 4 3 4 6 9 1 6 7 4 2 6 5 9 6 10 6 5 8 0  
[1655290.875, 11832.0]	605969,1403,194,25,5959,986,6686,0.22999999999999998	 250 R1: 0 6 1 2 11 8 5 0  R2: 0 1 3 11 10 2 5 1 2 9 6 1 4 3 4 1 11 10 8 10 4 7 1 2 1 11 5 6 0  R3: 0 9 7 2 9 11 0  R4: 0 4 6 0  R5: 0 5 9 0  R6: 0 6 10 0  R7: 0 10 9 4 10 5 7 11 9 1 2 5 9 1 4 6 0  R8: 0 3 1 3 5 11 9 2 10 3 10 3 6 1 5 1 7 4 8 3 10 9 11 7 0  R9: 0 8 4 3 0  R10: 0 2 5 9 2 9 4 10 5 1 7 2 6 4 6 3 9 6 5 11 3 8 4 0  R11: 0 1 5 3 4 5 8 9 1 0  R12: 0 9 1 9 7 0  R13: 0 2 8 5 9 7 11 2 1 10 3 7 2 7 10 4 11 9 8 6 5 0  R14: 0 10 2 7 3 4 5 1 10 3 8 4 7 11 1 10 11 8 1 2 3 5 9 4 6 0  R15: 0 8 7 1 5 4 3 7 8 6 2 5 11 10 1 10 9 2 5 3 9 8 0  R16: 0 6 8 2 5 9 11 6 10 5 1 3 6 5 4 8 3 10 2 9 0  R17: 0 1 3 9 2 5 4 8 0  R18: 0 9 10 7 2 9 0  R19: 0 7 1 3 2 5 2 9 4 7 5 0  R20: 0 1 5 1 3 7 10 6 5 9 5 0  R21: 0 9 11 1 2 5 9 4 0  R22: 0 11 5 6 7 3 7 11 2 1 4 5 7 2 1 9 8 0  R23: 0 4 1 8 1 4 5 8 1 8 1 2 9 3 7 3 6 1 4 8 3 5 9 0  R24: 0 5 10 0  R25: 0 2 5 2 1 5 10 3 9 2 6 11 8 9 11 1 3 10 8 11 9 11 6 0  
[1438981.75, 11604.0]	566197,1104,151,25,5124,967,7210,0.20999999999999996	 250 R1: 0 1 5 7 5 10 3 11 4 10 7 2 3 1 11 8 1 9 1 11 2 4 6 4 6 10 11 9 1 11 8 0  R2: 0 7 3 11 0  R3: 0 5 9 3 7 9 5 2 3 4 3 5 7 6 0  R4: 0 3 10 3 7 1 10 0  R5: 0 6 5 10 4 11 3 0  R6: 0 10 7 3 9 2 4 5 9 3 7 3 5 10 11 9 0  R7: 0 10 5 0  R8: 0 3 9 11 8 2 9 0  R9: 0 11 9 0  R10: 0 6 9 0  R11: 0 10 9 10 5 9 7 2 6 5 10 3 9 1 2 11 1 7 4 5 1 2 11 4 8 3 0  R12: 0 1 5 2 7 5 9 2 9 3 11 10 6 11 0  R13: 0 1 5 2 5 7 2 9 3 0  R14: 0 6 1 2 8 1 11 3 5 9 11 1 10 6 4 2 8 2 3 5 4 6 9 0  R15: 0 1 5 2 5 3 11 5 0  R16: 0 8 1 8 3 0  R17: 0 1 5 1 4 5 9 3 0  R18: 0 7 8 2 4 7 8 2 10 4 10 5 7 1 11 9 4 10 5 7 3 4 7 2 0  R19: 0 7 9 2 5 2 9 0  R20: 0 4 2 9 7 10 6 0  R21: 0 9 5 10 1 9 2 4 7 1 4 6 5 1 3 10 6 3 5 8 9 4 9 6 5 6 5 1 11 0  R22: 0 8 3 5 1 8 6 8 1 11 10 4 3 6 1 10 9 3 6 1 7 0  R23: 0 6 1 0  R24: 0 4 2 8 1 2 6 9 10 3 4 1 5 7 3 9 7 2 9 1 5 11 6 0  R25: 0 2 5 9 8 2 9 5 11 6 10 2 9 7 10 2 8 5 3 9 10 11 0  
[1558592.75, 11004.0]	600949,1048,170,28,5550,917,6710,0.2589285714285714	 250 R1: 0 1 5 10 3 7 11 7 10 2 5 1 4 3 8 1 11 6 9 11 4 6 10 4 1 11 9 8 5 0  R2: 0 6 5 0  R3: 0 3 9 10 5 9 11 7 10 3 9 10 6 9 11 9 7 10 1 9 11 9 4 1 8 0  R4: 0 5 1 3 9 4 5 10 11 7 2 4 3 1 4 7 2 9 7 2 9 6 8 0  R5: 0 4 8 0  R6: 0 8 4 3 0  R7: 0 1 4 8 2 6 4 0  R8: 0 11 4 0  R9: 0 8 10 1 0  R10: 0 8 1 8 1 0  R11: 0 9 2 5 1 8 0  R12: 0 8 6 8 5 3 4 2 8 1 11 1 5 10 4 0  R13: 0 10 4 6 9 1 0  R14: 0 6 10 8 1 6 11 8 0  R15: 0 1 3 2 5 9 2 8 10 4 1 2 7 10 9 5 1 5 7 9 7 2 6 0  R16: 0 5 4 3 1 9 5 2 10 5 10 1 4 6 1 4 7 2 9 6 11 0  R17: 0 8 2 3 0  R18: 0 7 2 5 11 0  R19: 0 7 5 1 3 5 2 9 0  R20: 0 7 1 3 5 9 0  R21: 0 11 2 5 9 7 2 6 11 10 9 11 8 1 6 3 2 4 6 11 1 5 8 3 4 7 0  R22: 0 1 3 4 6 5 2 9 0  R23: 0 1 3 5 2 9 0  R24: 0 2 7 5 9 3 7 6 2 3 10 3 4 5 7 11 3 7 3 10 2 6 5 9 1 4 8 0  R25: 0 3 5 1 8 2 0  R26: 0 7 5 0  R27: 0 5 10 5 2 5 9 2 3 7 2 3 5 9 2 5 9 10 1 6 5 3 11 9 4 8 0  R28: 0 2 1 7 3 11 5 4 6 1 11 9 8 3 7 5 3 10 4 11 3 10 9 11 1 0  
[1619548.0, 11700.0]	581166,1159,178,23,5868,975,6488,0.17391304347826086	 250 R1: 0 5 9 2 9 5 6 7 2 1 11 4 6 5 6 8 2 1 3 2 8 0  R2: 0 1 5 10 3 7 11 7 10 2 5 1 4 3 8 1 11 6 9 11 4 6 10 4 1 11 9 8 5 0  R3: 0 8 2 8 4 8 6 1 11 8 1 6 4 9 8 2 5 10 2 4 7 6 0  R4: 0 10 6 0  R5: 0 1 5 10 1 4 3 2 9 5 8 6 11 3 1 11 7 4 8 3 10 0  R6: 0 3 1 3 7 5 2 9 10 0  R7: 0 1 3 2 10 7 5 7 1 9 10 4 7 6 10 5 0  R8: 0 6 5 9 8 1 10 3 5 7 5 9 1 2 10 3 9 10 6 7 1 5 11 9 11 2 8 0  R9: 0 6 2 5 9 6 0  R10: 0 5 2 5 9 0  R11: 0 10 3 0  R12: 0 3 9 2 5 9 2 9 0  R13: 0 1 5 1 2 4 2 1 6 8 2 7 2 9 7 5 1 2 5 9 7 1 9 1 8 3 0  R14: 0 7 9 7 9 4 5 2 1 4 9 5 4 1 5 10 4 1 6 4 11 3 10 9 6 5 7 0  R15: 0 8 4 3 0  R16: 0 9 11 10 4 6 9 2 9 4 8 9 11 4 3 1 7 4 8 10 4 3 1 8 3 6 10 0  R17: 0 8 1 8 11 3 9 2 5 10 9 10 7 3 5 1 8 2 10 6 11 0  R18: 0 11 4 11 5 9 6 3 5 8 7 3 2 9 5 0  R19: 0 1 3 5 0  R20: 0 2 5 2 9 0  R21: 0 3 1 5 3 8 10 0  R22: 0 10 4 6 9 1 11 0  R23: 0 2 7 3 11 5 0  
[1584385.0, 12516.0]	583960,1183,193,24,5705,1043,6718,0.22916666666666663	 250 R1: 0 2 9 0  R2: 0 7 2 0  R3: 0 4 11 7 3 11 1 11 10 3 4 8 6 0  R4: 0 5 2 5 9 2 9 2 9 5 7 5 7 2 1 7 1 7 4 10 4 2 9 6 7 11 0  R5: 0 8 2 8 4 8 6 11 5 8 1 6 8 4 9 4 6 2 5 6 4 1 5 8 11 7 0  R6: 0 10 1 6 2 3 2 11 4 3 7 10 5 1 10 2 8 10 7 3 10 4 9 1 6 5 0  R7: 0 1 3 10 7 3 7 10 5 2 9 5 1 8 6 3 10 1 9 5 7 2 3 11 4 0  R8: 0 5 2 5 9 0  R9: 0 2 9 0  R10: 0 6 5 6 1 9 0  R11: 0 3 9 1 5 3 0  R12: 0 1 5 1 4 3 5 1 8 1 6 8 10 4 1 3 5 8 10 1 3 10 8 6 0  R13: 0 6 8 0  R14: 0 7 5 11 0  R15: 0 7 1 5 9 3 2 5 9 6 9 1 5 8 1 6 2 7 2 9 3 6 11 0  R16: 0 10 6 10 9 10 11 8 5 1 6 9 3 10 4 11 0  R17: 0 8 4 0  R18: 0 7 1 8 7 6 3 5 0  R19: 0 4 1 8 3 11 5 8 3 7 2 10 11 6 8 5 9 1 2 3 0  R20: 0 2 5 9 2 9 4 8 5 9 4 9 10 2 1 8 3 6 2 7 0  R21: 0 11 4 0  R22: 0 1 5 0  R23: 0 5 9 7 5 11 8 1 2 10 9 2 3 6 4 8 6 3 7 11 10 6 4 3 5 8 9 10 3 0  R24: 0 2 1 2 1 5 1 7 6 1 4 1 2 9 8 5 6 4 11 1 5 11 9 11 7 3 0  
[1597342.625, 11736.0]	584071,1196,183,27,5716,978,6724,0.2685185185185185	 250 R1: 0 4 3 7 10 5 10 3 7 10 3 5 1 4 1 6 4 8 9 3 1 10 4 0  R2: 0 1 5 3 1 3 10 8 6 7 9 11 1 3 5 8 10 6 1 5 11 9 4 0  R3: 0 11 9 10 5 6 0  R4: 0 5 2 5 2 9 10 9 6 11 6 1 6 4 1 7 2 8 3 7 2 4 0  R5: 0 3 10 1 5 3 6 0  R6: 0 5 9 2 9 11 7 0  R7: 0 6 5 6 4 6 9 0  R8: 0 3 1 3 8 3 10 11 8 6 9 1 10 6 0  R9: 0 2 5 9 7 2 9 6 2 9 5 3 9 5 1 8 2 5 3 8 10 7 11 0  R10: 0 6 4 0  R11: 0 2 11 3 9 0  R12: 0 10 4 7 3 0  R13: 0 2 9 0  R14: 0 8 7 9 2 9 4 0  R15: 0 1 5 3 5 9 2 5 1 6 8 1 6 7 9 1 10 3 8 1 8 6 10 4 7 0  R16: 0 5 11 5 1 7 2 5 3 4 3 1 0  R17: 0 1 5 1 4 7 2 5 3 0  R18: 0 7 11 7 5 2 8 7 1 4 6 5 11 8 4 7 2 5 1 4 11 3 7 6 10 5 9 0  R19: 0 10 8 0  R20: 0 8 5 8 1 0  R21: 0 1 5 0  R22: 0 9 11 0  R23: 0 2 7 5 9 2 8 6 1 8 1 2 9 7 8 2 1 2 4 8 6 10 3 0  R24: 0 3 5 0  R25: 0 7 2 0  R26: 0 4 6 2 8 2 5 10 4 1 2 5 7 10 6 3 10 1 9 8 6 1 11 0  R27: 0 2 9 7 3 2 1 4 10 7 3 6 11 8 4 5 11 9 5 9 11 5 9 4 10 6 11 0  
[1601023.5, 10212.0]	596043,967,181,29,5720,851,6629,0.19827586206896552	 250 R1: 0 4 3 2 9 5 11 7 3 9 5 1 8 4 6 10 1 7 3 8 10 4 0  R2: 0 2 8 0  R3: 0 3 2 5 2 5 8 9 1 7 9 10 5 1 2 1 7 3 10 4 7 4 6 11 9 0  R4: 0 3 2 3 9 5 9 10 2 5 1 7 9 7 2 9 3 1 6 5 6 3 2 9 4 1 11 0  R5: 0 10 5 0  R6: 0 5 2 1 4 9 2 5 3 4 10 6 3 0  R7: 0 2 5 2 9 0  R8: 0 1 3 5 1 3 8 4 5 11 6 1 5 7 5 1 9 2 8 3 10 0  R9: 0 10 4 10 6 11 4 0  R10: 0 7 2 0  R11: 0 1 4 0  R12: 0 2 9 0  R13: 0 10 1 3 5 9 7 4 10 6 1 5 8 1 9 2 10 6 5 1 11 9 1 5 11 9 7 3 0  R14: 0 8 5 2 5 7 1 4 6 5 7 11 2 7 10 1 4 8 1 8 7 10 9 2 0  R15: 0 1 5 2 8 1 3 5 0  R16: 0 10 4 2 9 11 6 7 0  R17: 0 6 9 11 2 3 5 9 6 8 2 7 9 11 6 5 9 11 4 8 0  R18: 0 9 10 0  R19: 0 7 5 8 5 11 3 0  R20: 0 7 5 1 7 9 8 6 3 10 8 1 11 8 0  R21: 0 1 3 2 5 0  R22: 0 9 10 11 5 4 3 0  R23: 0 10 5 9 5 2 10 6 1 11 8 6 4 7 10 2 1 2 6 9 6 5 8 10 0  R24: 0 7 2 1 5 0  R25: 0 9 11 8 0  R26: 0 1 3 5 0  R27: 0 1 3 5 0  R28: 0 3 8 5 3 4 2 0  R29: 0 4 3 5 1 7 10 6 8 10 3 4 3 4 1 6 3 7 4 3 10 11 5 9 1 8 3 6 11 0  
[1636331.5, 10332.0]	608515,1483,173,25,5879,861,6924,0.22999999999999998	 250 R1: 0 6 8 11 4 2 5 9 0  R2: 0 1 3 1 2 9 2 5 4 10 4 1 5 4 1 4 1 3 1 2 4 11 9 6 10 8 0  R3: 0 9 6 0  R4: 0 10 1 2 11 3 0  R5: 0 8 4 0  R6: 0 3 2 8 3 4 5 9 5 8 1 2 3 4 1 6 4 9 2 6 4 11 7 2 1 6 8 11 0  R7: 0 5 2 5 9 8 1 6 1 10 11 5 11 4 3 0  R8: 0 2 5 9 2 9 11 10 11 9 10 3 5 6 8 5 1 8 3 10 0  R9: 0 9 10 0  R10: 0 2 9 0  R11: 0 10 5 7 10 7 9 3 1 2 3 9 7 2 5 7 2 9 6 5 7 10 8 5 9 6 11 0  R12: 0 10 4 0  R13: 0 1 5 2 5 9 7 3 11 5 7 4 8 1 7 1 5 10 4 7 1 8 6 3 0  R14: 0 1 5 3 6 2 0  R15: 0 9 2 5 10 1 9 11 6 7 5 9 8 1 6 5 6 11 3 2 9 7 2 9 11 8 6 0  R16: 0 1 5 3 0  R17: 0 8 3 1 0  R18: 0 7 5 2 9 3 8 6 10 11 0  R19: 0 1 5 1 5 8 3 4 6 0  R20: 0 7 8 4 7 8 1 7 1 2 5 11 3 11 10 8 6 9 5 4 9 6 0  R21: 0 11 8 9 8 0  R22: 0 9 3 1 10 2 9 1 2 4 9 2 3 5 10 9 7 10 5 1 7 5 1 3 5 4 6 10 8 3 11 0  R23: 0 2 5 2 4 9 10 3 5 2 5 1 2 9 3 7 5 3 9 1 5 10 6 5 8 0  R24: 0 6 1 9 0  R25: 0 4 3 5 11 7 1 2 5 10 8 9 6 1 10 7 4 8 3 10 9 6 11 0  
[1736324.25, 11304.0]	620468,1655,182,27,6239,942,6738,0.2685185185185185	 250 R1: 0 6 5 3 10 0  R2: 0 1 5 3 1 2 9 7 1 9 5 6 1 5 11 8 6 3 2 6 5 3 10 4 0  R3: 0 9 5 9 7 0  R4: 0 3 10 0  R5: 0 10 3 0  R6: 0 3 9 1 5 3 2 9 0  R7: 0 5 7 6 7 10 9 0  R8: 0 2 5 9 2 9 2 11 5 1 10 2 7 10 7 6 5 7 5 9 11 3 8 4 0  R9: 0 8 4 0  R10: 0 6 9 0  R11: 0 10 11 0  R12: 0 1 5 3 7 1 8 1 8 6 10 6 9 8 1 7 2 4 9 8 11 6 9 3 1 10 0  R13: 0 2 3 5 9 0  R14: 0 6 8 2 5 9 3 11 2 4 3 6 1 10 11 8 10 1 2 9 5 9 6 11 7 0  R15: 0 9 2 8 1 11 5 9 2 3 7 5 1 11 6 3 9 2 8 1 5 10 4 0  R16: 0 1 4 5 3 0  R17: 0 1 3 0  R18: 0 1 5 2 10 5 9 2 3 8 6 11 4 10 5 1 0  R19: 0 7 11 3 5 0  R20: 0 7 5 8 2 5 2 9 10 1 11 8 4 3 0  R21: 0 7 9 5 8 3 9 7 0  R22: 0 11 9 11 5 1 10 7 3 5 9 1 6 5 7 1 3 10 4 7 10 6 8 6 5 0  R23: 0 9 10 3 6 4 3 2 9 4 11 5 1 2 9 3 5 4 10 4 2 4 6 11 8 3 10 7 0  R24: 0 2 5 9 2 9 10 3 10 7 9 5 10 11 10 5 1 3 7 4 9 8 3 6 0  R25: 0 1 5 0  R26: 0 4 1 5 1 4 8 4 1 2 8 1 4 5 1 8 2 4 3 1 6 11 8 0  R27: 0 2 1 2 5 9 6 5 4 2 5 3 8 9 1 6 8 1 7 2 11 9 8 4 0  
[1570620.375, 11892.0]	598648,896,176,27,5622,991,6517,0.2222222222222222	 250 R1: 0 9 7 6 9 0  R2: 0 2 6 1 8 0  R3: 0 3 1 3 5 9 11 5 4 2 5 7 11 5 2 10 8 4 11 9 7 2 10 6 0  R4: 0 3 5 9 10 5 9 5 6 1 9 7 3 6 3 2 6 3 7 3 5 3 11 9 1 8 11 0  R5: 0 2 5 4 3 2 9 2 5 10 11 0  R6: 0 11 8 11 6 0  R7: 0 2 5 0  R8: 0 4 3 7 2 0  R9: 0 6 5 4 0  R10: 0 3 1 5 9 5 8 1 8 11 9 10 7 4 9 7 1 10 9 11 3 6 4 0  R11: 0 2 5 2 9 2 10 6 1 9 11 3 8 1 3 10 1 8 2 4 0  R12: 0 9 11 2 9 5 4 6 5 1 10 8 9 1 6 1 2 7 3 10 6 0  R13: 0 10 5 2 5 9 2 9 10 2 7 10 9 7 3 5 6 7 4 1 8 4 3 6 5 8 2 3 0  R14: 0 8 4 8 3 0  R15: 0 10 4 2 9 7 0  R16: 0 1 5 3 1 3 8 0  R17: 0 6 5 2 9 3 10 3 1 7 5 9 1 8 1 11 6 2 5 1 10 6 4 7 5 9 10 2 11 8 0  R18: 0 8 1 3 2 0  R19: 0 6 9 2 3 11 10 8 1 11 6 9 5 2 9 6 1 11 7 0  R20: 0 7 11 3 5 0  R21: 0 7 1 5 3 7 9 10 8 6 4 3 2 9 1 10 0  R22: 0 1 5 3 8 1 6 0  R23: 0 9 7 5 1 11 8 3 7 1 10 4 10 5 1 6 8 9 5 9 3 10 1 4 8 5 7 0  R24: 0 7 1 0  R25: 0 1 5 3 4 2 5 4 9 0  R26: 0 1 5 3 2 9 0  R27: 0 4 5 7 2 9 8 6 0  
[1539135.5, 10344.0]	599714,885,174,26,5509,862,6630,0.21153846153846156	 250 R1: 0 6 11 6 1 5 3 0  R2: 0 1 3 7 5 7 10 6 2 0  R3: 0 4 10 5 0  R4: 0 9 1 6 9 8 11 7 0  R5: 0 7 11 0  R6: 0 10 8 1 3 9 10 2 6 8 9 5 4 0  R7: 0 1 4 5 8 6 0  R8: 0 5 9 8 2 3 1 7 3 5 6 1 7 1 4 8 3 1 7 11 0  R9: 0 5 11 5 10 2 4 5 6 4 6 11 9 10 11 8 7 2 1 9 5 1 10 2 4 1 11 6 8 0  R10: 0 3 10 2 5 9 5 8 1 6 2 3 5 10 4 3 5 0  R11: 0 3 9 3 2 5 3 10 7 9 5 1 4 3 9 1 10 6 7 2 6 3 1 5 4 8 11 0  R12: 0 11 7 0  R13: 0 2 1 2 3 9 11 6 5 7 11 9 8 11 6 8 2 4 0  R14: 0 2 5 2 8 11 9 6 2 11 10 2 6 4 9 3 5 3 7 1 9 2 8 0  R15: 0 9 6 0  R16: 0 10 7 2 5 9 2 9 2 10 5 6 7 4 1 2 9 10 8 4 6 10 11 8 3 0  R17: 0 8 4 0  R18: 0 10 8 3 4 0  R19: 0 1 3 5 8 3 7 1 5 8 10 1 6 4 0  R20: 0 1 3 5 2 9 0  R21: 0 6 7 3 9 3 11 3 5 3 10 4 7 2 9 11 9 8 1 0  R22: 0 1 5 1 3 7 10 5 4 0  R23: 0 9 7 9 6 2 5 9 8 1 6 1 11 2 10 8 3 5 7 3 10 4 5 9 11 6 1 8 0  R24: 0 1 5 3 2 9 0  R25: 0 2 11 0  R26: 0 5 2 7 3 4 5 10 11 5 3 2 3 9 1 5 6 7 2 9 4 11 9 8 6 5 1 0  
[1686381.125, 11268.0]	590018,1627,192,28,6045,939,6859,0.2232142857142857	 250 R1: 0 5 9 5 9 5 1 10 4 10 7 2 3 4 3 5 3 8 3 10 6 11 7 4 10 0  R2: 0 4 3 0  R3: 0 9 1 7 8 0  R4: 0 11 9 5 11 8 7 0  R5: 0 7 5 2 11 2 5 10 9 8 1 6 1 2 5 3 10 4 7 2 9 1 6 0  R6: 0 1 4 0  R7: 0 3 9 2 5 9 8 2 1 7 10 9 3 2 9 7 8 2 1 5 11 0  R8: 0 6 11 3 9 5 0  R9: 0 5 7 3 0  R10: 0 3 1 3 5 9 2 9 11 2 3 11 1 5 7 8 11 6 2 6 8 4 10 0  R11: 0 2 5 2 9 1 4 0  R12: 0 11 4 0  R13: 0 2 5 0  R14: 0 2 9 0  R15: 0 8 4 8 5 2 8 4 3 6 4 1 5 1 7 4 9 10 1 8 5 4 0  R16: 0 6 10 9 6 7 2 1 10 4 3 5 6 11 0  R17: 0 1 3 7 2 5 1 0  R18: 0 6 1 11 3 7 6 1 5 2 3 6 1 10 6 4 5 8 10 1 7 5 11 9 11 2 6 0  R19: 0 1 3 0  R20: 0 1 3 2 5 7 10 0  R21: 0 11 2 5 8 9 2 6 5 2 7 11 1 11 6 3 2 9 5 10 4 6 11 0  R22: 0 9 7 10 7 5 8 3 10 9 8 1 8 6 9 2 4 9 4 1 7 5 3 11 5 8 3 10 2 9 0  R23: 0 8 10 7 2 8 9 10 5 9 6 0  R24: 0 1 3 2 5 2 9 4 11 6 7 5 0  R25: 0 1 5 0  R26: 0 5 9 0  R27: 0 6 9 1 0  R28: 0 5 1 7 3 5 11 5 6 4 6 1 8 4 10 6 1 11 7 4 8 9 1 2 4 6 5 1 11 8 3 0  
[1589917.25, 12468.0]	580502,1349,194,24,5724,1039,6799,0.20833333333333337	 250 R1: 0 1 3 6 10 7 1 5 7 1 2 11 6 10 1 11 5 6 7 9 10 1 2 4 9 8 1 0  R2: 0 9 8 3 4 11 7 0  R3: 0 8 4 8 5 1 8 6 4 1 10 5 4 6 1 3 9 2 10 6 4 8 9 0  R4: 0 10 9 6 4 0  R5: 0 2 5 9 2 9 2 11 2 3 4 5 2 9 1 10 7 4 1 2 3 4 6 11 0  R6: 0 1 3 5 7 3 7 10 0  R7: 0 5 10 4 5 9 8 1 10 2 3 7 5 9 8 7 10 1 4 6 5 7 11 3 11 9 1 4 8 11 0  R8: 0 1 3 2 5 0  R9: 0 10 9 7 2 11 8 5 1 6 9 5 3 10 5 9 4 0  R10: 0 1 3 0  R11: 0 3 9 2 5 11 2 7 9 5 6 7 11 10 8 6 2 8 3 10 1 5 2 0  R12: 0 1 5 1 5 2 1 8 1 4 8 1 3 0  R13: 0 7 1 11 4 5 0  R14: 0 11 9 0  R15: 0 7 3 2 5 9 2 9 11 7 11 8 3 5 1 3 4 7 3 6 10 6 5 0  R16: 0 7 2 5 9 1 11 3 6 5 2 5 1 2 7 2 11 6 3 5 1 8 0  R17: 0 11 3 7 5 4 3 11 8 4 5 2 7 2 0  R18: 0 6 9 0  R19: 0 8 5 2 9 4 8 4 0  R20: 0 1 5 0  R21: 0 1 5 0  R22: 0 4 1 0  R23: 0 5 9 10 5 9 5 1 4 7 3 10 3 8 4 6 3 11 2 7 4 9 8 3 11 2 6 0  R24: 0 2 5 2 9 7 2 3 5 10 7 1 3 1 8 9 1 5 1 2 6 11 2 1 8 4 0  
[1585902.375, 11964.0]	568867,1561,185,28,5647,997,7132,0.2767857142857143	 250 R1: 0 1 3 6 10 7 5 2 9 7 1 11 2 8 1 5 7 3 10 1 7 6 10 4 8 3 2 0  R2: 0 9 11 0  R3: 0 6 5 8 3 4 0  R4: 0 10 4 7 0  R5: 0 3 8 7 2 5 4 3 9 0  R6: 0 2 5 8 1 6 0  R7: 0 11 1 7 10 11 9 5 2 5 9 1 3 10 11 7 9 5 3 9 1 6 0  R8: 0 2 5 0  R9: 0 2 9 0  R10: 0 10 6 0  R11: 0 9 10 0  R12: 0 2 9 0  R13: 0 10 6 9 10 4 5 2 9 6 5 1 10 6 4 11 4 9 1 3 10 4 7 2 9 6 11 5 9 8 0  R14: 0 10 6 10 9 6 4 0  R15: 0 1 5 3 5 9 2 9 11 4 5 9 11 8 6 3 4 8 1 3 7 2 10 0  R16: 0 1 5 2 3 7 2 8 9 0  R17: 0 1 5 1 5 3 2 4 9 4 11 6 10 5 4 3 0  R18: 0 11 1 9 1 4 8 6 9 8 1 11 8 4 5 1 4 9 4 6 1 5 8 9 2 3 0  R19: 0 8 3 5 0  R20: 0 9 11 0  R21: 0 10 2 7 3 7 2 8 1 5 7 1 3 10 8 6 0  R22: 0 1 5 3 5 9 0  R23: 0 1 7 5 2 5 2 4 9 0  R24: 0 3 5 0  R25: 0 6 1 0  R26: 0 4 3 2 5 11 5 8 6 10 9 2 1 7 10 8 1 8 2 4 11 9 10 0  R27: 0 5 2 5 7 1 5 3 7 2 3 11 9 7 6 8 10 4 2 9 11 8 7 6 0  R28: 0 2 7 5 2 5 2 10 9 8 4 1 3 4 3 5 7 4 6 5 11 3 10 9 1 11 4 0  
[1554203.875, 11184.0]	557444,1039,181,24,5605,932,6710,0.19791666666666663	 250 R1: 0 1 3 6 10 7 5 2 9 7 1 11 2 8 1 5 7 3 10 1 7 6 10 4 8 3 2 0  R2: 0 1 4 5 7 2 1 3 0  R3: 0 8 7 5 9 2 11 5 6 4 10 7 5 1 10 5 1 6 11 6 9 4 3 10 2 4 1 11 8 0  R4: 0 10 6 3 5 9 3 10 9 6 5 2 9 11 3 5 4 10 1 9 5 3 10 7 4 11 0  R5: 0 2 5 9 2 9 5 4 11 8 1 5 1 9 6 3 4 8 3 4 10 7 6 0  R6: 0 6 10 9 6 8 3 1 2 8 6 11 9 0  R7: 0 1 5 3 1 4 8 1 3 11 8 2 9 7 10 6 5 9 2 9 7 2 11 6 0  R8: 0 10 4 0  R9: 0 9 2 10 2 5 1 9 10 2 9 7 2 4 9 11 9 8 10 6 9 1 6 5 4 7 0  R10: 0 3 1 5 2 3 5 2 9 0  R11: 0 1 5 1 3 5 4 9 10 8 1 11 8 10 0  R12: 0 8 4 2 3 0  R13: 0 7 5 0  R14: 0 9 11 5 8 3 10 8 6 2 3 4 5 4 3 4 9 7 1 7 11 2 6 1 5 9 11 3 4 0  R15: 0 2 5 2 7 10 9 7 3 0  R16: 0 1 3 5 2 1 9 0  R17: 0 9 5 1 3 10 8 4 9 5 1 6 2 9 8 7 0  R18: 0 7 5 3 0  R19: 0 7 3 5 0  R20: 0 5 1 11 3 8 9 0  R21: 0 2 5 11 7 6 0  R22: 0 6 4 5 0  R23: 0 8 1 0  R24: 0 4 5 8 9 2 5 8 4 10 7 10 6 0  
[1559528.0, 11604.0]	567851,968,179,23,5634,967,6567,0.2282608695652174	 250 R1: 0 7 2 9 0  R2: 0 1 3 6 10 7 5 2 9 7 1 11 2 8 1 5 7 3 10 1 7 6 10 4 8 3 2 0  R3: 0 8 5 9 8 6 8 11 6 5 2 9 2 9 7 10 3 4 2 11 10 6 2 1 4 8 3 0  R4: 0 10 6 0  R5: 0 10 11 9 0  R6: 0 1 5 7 3 4 8 1 2 9 2 11 6 7 10 6 3 5 4 2 6 4 8 5 1 11 9 6 0  R7: 0 1 4 0  R8: 0 10 5 10 5 1 3 9 1 8 5 10 6 5 4 11 9 3 6 5 1 0  R9: 0 1 3 5 2 5 0  R10: 0 10 4 10 4 0  R11: 0 1 3 11 7 5 11 5 0  R12: 0 5 7 1 6 8 9 0  R13: 0 3 9 2 7 1 2 9 5 0  R14: 0 1 5 1 3 1 8 5 3 9 4 10 5 4 9 1 11 8 2 3 9 1 11 10 0  R15: 0 7 3 7 5 7 11 6 10 0  R16: 0 7 5 10 5 6 1 2 4 3 9 7 3 10 3 8 1 11 10 4 6 5 9 11 9 1 3 11 7 0  R17: 0 2 5 9 2 9 5 6 8 1 4 0  R18: 0 8 3 4 0  R19: 0 9 11 2 5 9 2 9 2 10 5 7 4 5 7 10 6 3 9 4 1 5 8 11 9 0  R20: 0 8 2 5 9 6 3 4 5 1 8 11 4 10 8 1 6 9 7 5 7 2 0  R21: 0 4 5 0  R22: 0 9 6 2 5 2 9 10 1 8 3 5 4 3 10 7 11 0  R23: 0 2 9 2 5 9 10 4 10 4 6 1 4 3 4 1 11 9 8 7 2 9 3 1 10 0  
[1670465.625, 11160.0]	595546,1207,185,24,6045,930,6496,0.22916666666666663	 250 R1: 0 2 5 2 9 7 10 4 6 4 1 6 10 3 6 4 1 5 11 10 6 4 11 3 10 11 9 7 8 0  R2: 0 5 4 5 9 2 9 5 8 10 9 11 6 5 1 4 3 11 3 10 4 2 7 4 8 0  R3: 0 9 6 10 0  R4: 0 1 3 5 9 1 5 1 5 1 2 3 1 10 11 10 5 1 9 2 3 5 9 11 4 8 0  R5: 0 7 2 5 0  R6: 0 2 9 0  R7: 0 1 4 0  R8: 0 1 3 11 5 9 2 9 11 9 4 3 2 10 7 1 7 4 5 8 3 2 1 7 0  R9: 0 6 10 2 8 1 6 5 10 4 3 6 10 7 3 8 4 1 2 11 9 11 6 5 8 0  R10: 0 1 5 7 3 0  R11: 0 9 10 2 5 2 9 0  R12: 0 5 9 8 2 5 6 5 11 6 4 1 0  R13: 0 3 10 7 5 6 7 9 7 11 5 7 3 1 5 2 10 9 1 6 10 3 7 2 4 8 10 0  R14: 0 7 2 8 3 10 7 9 5 1 2 9 7 1 11 6 8 2 10 6 1 5 4 1 8 9 11 0  R15: 0 7 3 7 2 9 2 10 3 5 2 9 7 4 2 8 10 11 1 8 6 8 5 3 9 0  R16: 0 9 5 6 5 9 1 4 3 0  R17: 0 1 5 8 5 2 9 3 8 10 5 11 4 1 6 3 0  R18: 0 9 8 4 11 4 3 8 7 2 5 3 4 3 0  R19: 0 1 4 0  R20: 0 1 3 5 8 6 0  R21: 0 7 8 4 2 3 9 0  R22: 0 1 5 0  R23: 0 7 5 8 1 0  R24: 0 5 1 5 3 1 3 10 9 5 6 5 11 7 1 2 1 6 5 1 9 7 4 8 6 0  
[1658612.5, 11808.0]	594394,1368,199,26,5966,984,6682,0.23076923076923073	 250 R1: 0 8 5 2 9 6 0  R2: 0 1 5 2 5 3 7 9 11 2 5 3 10 1 7 1 9 5 7 1 5 3 4 0  R3: 0 5 9 7 2 4 5 9 10 4 5 7 2 10 3 5 1 3 10 4 2 6 10 4 8 0  R4: 0 2 6 8 9 0  R5: 0 3 10 0  R6: 0 3 8 2 5 9 2 3 4 0  R7: 0 8 4 10 6 0  R8: 0 11 10 8 0  R9: 0 2 5 11 7 0  R10: 0 10 11 6 3 11 0  R11: 0 10 9 11 3 10 5 1 4 11 8 4 3 1 11 9 6 10 1 4 3 10 4 1 11 8 0  R12: 0 1 5 8 5 9 8 1 6 5 3 10 5 6 4 3 6 3 8 9 7 2 11 3 0  R13: 0 1 5 1 4 8 1 3 0  R14: 0 6 4 6 4 5 3 8 6 1 11 2 8 10 11 4 6 5 4 7 9 1 5 11 9 2 8 6 0  R15: 0 1 3 0  R16: 0 1 5 8 2 9 3 0  R17: 0 7 5 7 10 9 2 5 2 10 3 6 10 9 7 1 11 7 6 8 1 2 10 11 4 0  R18: 0 9 5 10 3 5 9 11 5 10 7 3 9 6 11 4 9 1 11 2 6 5 9 8 6 8 3 0  R19: 0 1 4 5 3 2 9 0  R20: 0 2 5 9 1 7 3 2 5 2 3 9 1 2 9 1 10 1 6 4 7 2 9 11 8 0  R21: 0 7 2 1 5 6 9 8 3 1 9 7 2 10 9 5 2 9 4 0  R22: 0 1 5 0  R23: 0 4 1 0  R24: 0 3 5 11 3 9 0  R25: 0 6 1 0  R26: 0 2 5 2 10 9 1 7 1 4 10 5 7 8 5 2 6 4 3 1 8 3 10 6 5 9 11 2 7 0  
[1478667.625, 11340.0]	567916,946,166,27,5260,945,6924,0.25	 250 R1: 0 6 5 2 9 0  R2: 0 9 1 11 7 8 0  R3: 0 3 7 5 7 3 9 5 1 5 7 10 7 5 9 3 4 1 10 3 8 6 11 4 8 3 7 1 0  R4: 0 4 1 3 11 5 4 5 8 11 1 5 7 6 4 2 6 5 10 2 9 1 6 7 4 0  R5: 0 6 8 3 9 0  R6: 0 2 11 5 7 10 1 9 10 9 11 5 1 6 3 9 11 4 5 7 2 0  R7: 0 7 8 4 3 0  R8: 0 8 10 0  R9: 0 2 9 0  R10: 0 7 10 0  R11: 0 8 5 2 1 9 5 6 2 5 1 4 3 6 8 7 9 11 1 2 4 6 10 5 1 9 8 11 0  R12: 0 10 3 10 4 5 8 1 11 9 8 4 1 6 3 1 5 4 1 6 1 5 8 2 7 0  R13: 0 1 3 7 1 11 2 3 9 5 0  R14: 0 8 1 6 0  R15: 0 10 8 11 10 6 11 10 5 11 4 9 1 3 10 3 11 3 4 10 8 0  R16: 0 6 8 3 5 2 9 2 3 10 9 2 9 7 0  R17: 0 1 5 1 4 3 7 6 5 0  R18: 0 11 2 5 9 2 9 7 1 6 10 3 11 8 1 5 0  R19: 0 1 3 5 7 2 0  R20: 0 9 11 9 10 8 1 0  R21: 0 1 3 5 0  R22: 0 2 5 8 9 2 4 10 3 10 4 2 8 5 1 6 2 8 6 2 4 6 5 7 0  R23: 0 3 5 3 9 10 0  R24: 0 1 4 5 0  R25: 0 7 2 0  R26: 0 5 1 3 2 5 2 9 10 0  R27: 0 2 5 9 2 4 3 9 5 2 5 10 3 10 8 6 10 4 11 9 8 11 1 9 6 7 0  
[1610390.625, 10932.0]	574823,1306,181,26,5778,911,6811,0.27884615384615385	 250 R1: 0 4 11 1 8 0  R2: 0 1 3 10 3 11 5 1 6 11 4 10 5 8 1 6 3 8 3 9 10 1 7 0  R3: 0 9 5 0  R4: 0 5 7 9 2 5 1 6 11 8 5 7 10 2 9 7 10 8 7 5 1 2 6 4 3 6 5 11 0  R5: 0 6 10 2 5 9 4 0  R6: 0 3 1 3 5 9 2 9 7 1 10 9 11 8 10 4 0  R7: 0 2 5 2 9 0  R8: 0 2 5 0  R9: 0 2 9 0  R10: 0 6 5 1 7 4 3 5 0  R11: 0 10 8 10 5 8 1 8 4 10 6 1 2 1 7 3 11 5 9 10 6 11 7 0  R12: 0 6 5 2 9 11 9 8 1 5 9 1 8 7 1 11 3 10 6 4 1 5 9 11 6 2 0  R13: 0 9 10 0  R14: 0 11 3 0  R15: 0 1 5 1 3 2 1 4 9 2 5 3 10 6 8 0  R16: 0 7 3 7 5 3 7 10 3 7 8 4 3 5 7 4 1 3 5 6 10 4 8 2 9 3 0  R17: 0 9 4 0  R18: 0 1 3 2 5 7 6 0  R19: 0 9 2 5 9 1 8 2 6 4 11 9 3 1 5 1 7 4 11 9 6 7 0  R20: 0 8 5 3 0  R21: 0 1 3 5 7 2 0  R22: 0 2 5 9 2 9 2 9 5 2 3 4 1 11 10 8 2 6 5 9 7 2 8 4 0  R23: 0 1 5 7 5 0  R24: 0 6 9 1 7 0  R25: 0 4 5 8 3 6 2 5 1 10 9 1 3 1 5 8 1 8 10 4 7 0  R26: 0 5 11 1 7 5 4 8 1 5 9 6 10 11 3 7 6 4 9 10 4 8 2 11 9 1 11 4 3 0  
[1625980.5, 10656.0]	568704,1354,181,23,5893,888,6909,0.14130434782608692	 250 R1: 0 6 5 0  R2: 0 6 1 8 1 11 4 0  R3: 0 8 3 10 1 8 1 5 8 3 6 7 2 9 11 6 5 1 2 4 7 2 5 9 6 11 8 0  R4: 0 10 8 4 2 3 0  R5: 0 7 5 9 7 2 9 5 1 7 3 6 4 3 4 3 1 3 7 4 7 3 11 10 0  R6: 0 1 3 7 1 5 9 7 10 9 4 6 5 8 1 6 8 10 2 9 4 6 8 0  R7: 0 4 10 5 9 6 1 7 10 6 5 11 9 1 3 5 2 6 4 5 0  R8: 0 6 1 2 9 2 3 11 10 6 5 1 10 8 7 4 3 6 5 1 10 8 0  R9: 0 9 1 10 8 3 7 9 1 11 9 11 2 5 1 4 9 5 3 10 8 0  R10: 0 1 5 11 8 3 0  R11: 0 3 9 2 5 9 2 8 6 9 7 5 11 8 4 3 9 2 6 1 5 10 0  R12: 0 1 5 2 5 0  R13: 0 8 3 0  R14: 0 2 5 9 2 9 0  R15: 0 1 5 1 4 3 5 1 0  R16: 0 9 2 5 9 2 4 8 10 5 2 5 9 1 8 5 2 10 1 7 10 6 1 5 3 11 8 0  R17: 0 1 4 8 5 3 0  R18: 0 2 5 8 11 5 2 3 6 10 3 9 11 6 0  R19: 0 7 4 2 3 9 1 11 0  R20: 0 1 5 0  R21: 0 8 11 6 10 1 9 0  R22: 0 4 11 8 1 10 3 1 5 6 3 4 1 10 8 5 6 9 11 3 11 7 1 9 11 4 0  R23: 0 5 10 7 5 10 7 2 9 3 1 5 2 3 10 5 9 7 1 2 5 9 6 10 4 7 8 3 11 0  
[1541324.75, 11076.0]	578493,1010,152,24,5550,923,6739,0.17708333333333337	 250 R1: 0 1 5 8 5 3 9 11 5 2 9 11 8 10 0  R2: 0 10 3 6 1 8 6 7 10 8 4 5 3 4 7 1 11 7 6 4 7 2 11 9 1 10 11 0  R3: 0 8 3 2 5 2 11 9 3 5 9 2 1 4 8 9 10 3 4 8 7 6 11 0  R4: 0 6 10 9 3 5 1 5 4 6 5 9 1 8 7 11 9 0  R5: 0 3 10 0  R6: 0 1 5 1 3 8 1 0  R7: 0 6 5 8 1 11 5 8 6 1 8 1 2 9 3 4 8 1 7 11 6 5 2 9 0  R8: 0 3 7 1 5 9 7 4 8 6 5 1 9 2 4 3 5 7 1 11 6 10 1 8 9 4 1 7 0  R9: 0 1 5 8 2 3 2 1 9 5 6 10 11 8 4 0  R10: 0 7 5 3 11 0  R11: 0 2 5 9 2 9 2 5 2 5 3 10 11 6 4 0  R12: 0 6 9 0  R13: 0 9 5 1 3 5 9 2 10 8 1 4 1 5 2 3 5 9 5 11 9 6 10 7 4 0  R14: 0 1 3 5 11 4 3 7 10 0  R15: 0 7 1 7 6 0  R16: 0 2 5 10 8 3 7 11 6 7 5 7 2 0  R17: 0 2 5 9 2 9 11 10 4 10 6 10 5 1 8 6 1 3 10 5 11 3 7 4 6 0  R18: 0 1 5 11 8 3 0  R19: 0 1 9 10 5 2 9 4 0  R20: 0 2 9 0  R21: 0 4 5 6 8 0  R22: 0 6 10 6 3 2 6 5 1 5 8 3 9 0  R23: 0 10 4 7 4 2 3 4 6 0  R24: 0 2 5 2 9 5 1 4 10 7 3 4 3 7 6 4 9 3 8 3 10 8 3 2 0  
[1510573.625, 10248.0]	570544,1232,188,27,5374,854,7221,0.2407407407407407	 250 R1: 0 1 5 3 8 11 5 10 8 6 5 10 3 1 2 9 11 8 6 10 4 5 7 1 9 11 6 2 0  R2: 0 5 9 5 1 9 2 11 2 3 9 10 6 0  R3: 0 3 10 0  R4: 0 5 9 7 6 10 4 6 11 4 5 2 10 6 0  R5: 0 6 5 1 8 0  R6: 0 3 7 5 7 5 2 5 2 11 3 2 5 10 11 10 5 9 0  R7: 0 10 4 10 6 0  R8: 0 8 4 0  R9: 0 6 11 3 2 4 9 0  R10: 0 2 5 2 9 0  R11: 0 11 1 3 9 5 6 11 8 1 6 8 10 2 4 3 5 7 6 1 8 3 11 10 0  R12: 0 7 3 9 6 0  R13: 0 3 10 0  R14: 0 8 4 7 1 8 3 7 3 7 2 5 1 10 8 4 8 3 10 11 9 7 6 0  R15: 0 10 6 2 5 2 1 9 0  R16: 0 1 5 3 9 8 5 1 8 1 9 7 5 9 7 8 1 2 1 7 4 11 8 2 10 0  R17: 0 2 9 2 11 7 0  R18: 0 1 5 1 3 2 4 7 1 10 3 7 11 10 9 0  R19: 0 6 5 9 4 3 6 8 5 2 4 1 11 1 7 1 5 1 9 4 3 11 10 0  R20: 0 9 10 0  R21: 0 8 1 3 2 0  R22: 0 1 2 5 10 8 3 0  R23: 0 1 5 1 3 7 2 9 2 5 9 11 8 6 4 9 5 2 10 2 9 8 4 7 0  R24: 0 11 2 5 9 2 9 11 8 4 9 3 4 3 5 1 6 10 4 11 9 1 5 6 5 9 7 0  R25: 0 9 3 2 10 11 5 0  R26: 0 1 5 7 5 8 3 5 0  R27: 0 6 3 9 5 1 3 7 8 9 0  
[1542121.875, 9672.0]	553803,1193,177,23,5562,806,6992,0.2065217391304348	 250 R1: 0 2 5 2 8 4 6 11 1 6 11 10 3 8 3 10 1 8 6 10 4 9 1 11 0  R2: 0 1 5 3 8 11 5 10 8 6 5 10 3 1 2 9 11 8 6 10 4 5 7 1 9 11 6 2 0  R3: 0 5 4 5 2 9 3 8 10 4 3 10 6 9 10 6 4 5 1 2 11 8 3 7 9 0  R4: 0 11 10 2 5 10 6 1 9 6 7 10 4 1 8 3 7 11 4 0  R5: 0 10 2 4 6 11 5 7 10 6 2 5 2 3 11 1 5 8 5 1 3 10 2 11 4 9 7 0  R6: 0 8 7 11 9 4 5 0  R7: 0 9 6 5 0  R8: 0 5 9 7 6 2 8 7 3 7 2 9 3 5 3 10 7 5 3 8 4 0  R9: 0 1 4 0  R10: 0 3 1 3 5 2 10 3 9 5 7 9 11 4 3 4 9 10 8 1 2 3 0  R11: 0 1 5 7 3 0  R12: 0 5 9 1 5 8 1 2 8 1 7 2 7 1 3 2 9 11 7 10 4 0  R13: 0 1 5 3 0  R14: 0 3 1 3 7 1 10 9 4 10 8 1 11 5 8 6 3 10 2 9 1 4 6 0  R15: 0 1 5 2 5 2 9 0  R16: 0 2 5 2 9 5 9 11 6 10 8 5 1 7 1 6 2 11 3 1 5 9 0  R17: 0 8 4 5 3 0  R18: 0 4 5 0  R19: 0 1 4 0  R20: 0 7 3 0  R21: 0 1 7 5 0  R22: 0 4 1 0  R23: 0 5 9 11 10 5 9 2 10 3 1 7 5 9 1 6 8 3 2 9 6 4 7 6 5 9 8 0  
[1548762.625, 11964.0]	575478,1191,193,27,5531,997,6850,0.2129629629629629	 250 R1: 0 1 3 5 2 9 5 1 2 3 2 3 5 9 7 2 4 9 0  R2: 0 10 6 3 2 11 7 9 6 10 4 7 5 8 7 2 6 5 3 1 0  R3: 0 3 9 5 9 2 9 5 10 2 11 5 2 1 11 1 4 8 10 9 4 11 6 0  R4: 0 5 9 1 3 2 7 3 10 5 7 8 1 7 1 10 1 8 2 4 6 0  R5: 0 6 5 8 3 4 0  R6: 0 3 10 3 10 3 8 10 6 10 3 1 9 11 8 6 10 4 5 1 9 6 5 2 4 3 11 9 8 1 7 0  R7: 0 5 2 9 7 10 0  R8: 0 2 5 0  R9: 0 11 9 5 2 9 8 5 7 4 7 3 5 10 1 6 8 3 0  R10: 0 2 6 2 5 0  R11: 0 2 8 6 0  R12: 0 2 5 9 7 2 9 7 1 4 5 7 3 4 1 8 3 10 4 9 7 3 10 6 0  R13: 0 6 5 9 10 0  R14: 0 8 4 7 1 5 0  R15: 0 1 3 5 8 3 1 5 11 8 4 3 6 0  R16: 0 2 6 2 11 9 0  R17: 0 1 5 7 3 9 0  R18: 0 1 5 3 7 2 9 0  R19: 0 11 3 0  R20: 0 8 1 3 0  R21: 0 5 1 0  R22: 0 1 5 1 3 4 5 2 9 0  R23: 0 7 5 0  R24: 0 11 1 7 11 4 3 11 5 4 10 7 5 8 2 1 10 3 10 1 4 6 5 9 11 8 0  R25: 0 9 11 0  R26: 0 5 2 10 4 6 9 2 3 8 6 10 11 7 10 4 3 5 2 9 6 5 1 9 6 10 4 8 2 0  R27: 0 2 5 2 8 1 4 6 10 8 1 5 11 6 8 11 6 4 11 9 1 8 1 11 5 2 7 0  
[1642288.875, 11760.0]	597709,1496,179,25,5910,980,6910,0.19999999999999996	 250 R1: 0 1 3 5 9 2 9 2 10 3 5 7 1 2 9 3 7 5 7 3 10 6 8 11 9 10 0  R2: 0 5 2 8 5 3 7 5 10 3 4 2 6 8 6 1 5 4 7 9 3 4 8 1 6 11 0  R3: 0 11 7 5 9 0  R4: 0 3 8 5 9 1 3 11 5 9 6 4 1 5 1 11 9 3 8 2 5 10 0  R5: 0 11 9 0  R6: 0 8 4 0  R7: 0 6 1 2 8 9 0  R8: 0 2 5 9 2 3 2 5 2 9 10 4 7 3 7 8 10 5 7 4 1 2 0  R9: 0 1 3 4 5 0  R10: 0 10 9 5 2 9 4 1 11 0  R11: 0 10 1 3 10 6 2 9 5 8 1 4 3 9 7 10 5 11 1 2 9 7 2 9 6 5 11 0  R12: 0 2 3 11 6 11 8 10 0  R13: 0 1 3 5 0  R14: 0 1 4 3 5 0  R15: 0 6 9 8 5 10 3 1 4 1 7 8 6 5 2 1 0  R16: 0 8 3 11 3 0  R17: 0 7 5 4 5 8 1 11 0  R18: 0 7 1 5 2 5 9 7 10 0  R19: 0 7 9 10 2 4 3 9 0  R20: 0 1 3 5 7 5 11 7 11 8 1 2 6 11 4 1 10 4 9 4 1 5 8 11 6 0  R21: 0 9 5 11 7 3 2 9 5 8 10 9 11 8 5 7 1 6 2 3 8 3 1 4 10 11 0  R22: 0 8 3 5 0  R23: 0 2 5 7 1 2 8 6 1 5 10 6 10 9 3 1 6 4 5 3 8 3 9 11 7 0  R24: 0 2 5 0  R25: 0 2 6 4 2 5 6 7 1 4 5 1 8 3 1 4 9 2 10 3 4 6 2 5 9 11 10 4 0  
[1543011.375, 10764.0]	567514,1205,179,25,5535,897,7012,0.20999999999999996	 250 R1: 0 1 3 5 9 2 9 2 10 3 5 7 1 2 9 3 7 5 7 3 10 6 8 11 9 10 0  R2: 0 3 9 5 2 1 8 1 11 7 3 5 8 1 7 2 9 10 1 5 3 2 4 0  R3: 0 2 5 9 2 9 2 8 4 3 1 5 1 11 5 2 1 10 4 8 7 6 0  R4: 0 8 4 0  R5: 0 2 5 9 2 3 9 10 4 9 5 4 3 1 11 1 2 8 7 2 4 6 5 0  R6: 0 2 9 0  R7: 0 6 4 5 10 4 0  R8: 0 9 1 0  R9: 0 9 2 5 3 10 0  R10: 0 2 5 9 11 8 6 5 1 3 6 9 2 3 5 11 8 1 6 9 1 5 9 11 2 10 7 0  R11: 0 10 1 3 2 9 1 5 1 11 8 11 4 1 11 8 10 6 9 3 5 10 4 0  R12: 0 8 4 7 1 8 3 2 6 5 6 11 10 5 6 0  R13: 0 2 1 9 8 6 0  R14: 0 5 7 10 1 11 7 5 9 11 8 5 7 1 6 4 9 11 3 10 9 8 0  R15: 0 1 5 1 3 4 3 5 0  R16: 0 8 3 2 0  R17: 0 7 5 7 5 11 2 9 0  R18: 0 11 6 7 3 2 5 8 11 10 9 11 6 3 0  R19: 0 1 5 8 10 8 3 5 0  R20: 0 1 3 5 0  R21: 0 1 4 5 0  R22: 0 6 1 9 0  R23: 0 4 3 5 11 9 8 4 5 2 1 7 10 6 9 3 5 9 4 8 3 7 10 6 0  R24: 0 2 11 0  R25: 0 5 2 5 8 3 7 5 10 4 6 8 1 3 6 5 4 7 9 4 8 3 1 11 7 10 0  
[1560976.25, 10596.0]	583057,1331,188,26,5577,883,7066,0.2596153846153846	 250 R1: 0 8 6 7 10 0  R2: 0 1 3 5 9 2 9 2 10 3 5 7 1 2 9 3 7 5 7 3 10 6 8 11 9 10 0  R3: 0 5 1 3 9 0  R4: 0 3 9 5 2 11 7 5 1 8 10 1 8 1 5 3 4 9 5 1 3 8 7 2 9 5 11 6 0  R5: 0 5 7 11 2 5 9 8 2 3 5 3 4 3 0  R6: 0 2 5 9 2 9 5 4 10 9 5 9 6 5 1 8 2 6 11 3 9 10 8 4 0  R7: 0 6 9 0  R8: 0 2 3 5 9 5 1 9 2 3 10 5 11 8 1 10 9 6 5 9 3 4 7 6 5 0  R9: 0 10 1 8 4 2 0  R10: 0 6 5 7 5 6 10 4 1 0  R11: 0 10 1 6 2 8 5 7 1 7 9 10 6 11 8 1 7 1 11 3 8 4 1 5 3 2 6 0  R12: 0 8 7 3 5 4 1 0  R13: 0 1 3 1 2 1 8 11 4 11 8 1 10 6 1 5 2 9 11 6 4 3 0  R14: 0 1 5 3 0  R15: 0 8 1 3 0  R16: 0 7 5 0  R17: 0 1 5 3 7 2 9 0  R18: 0 4 6 1 7 8 0  R19: 0 8 3 5 0  R20: 0 4 5 8 0  R21: 0 1 4 5 4 6 2 3 0  R22: 0 2 5 9 3 2 4 8 4 7 9 1 5 6 4 1 3 10 2 11 4 8 1 6 11 7 0  R23: 0 1 5 0  R24: 0 11 5 0  R25: 0 5 11 10 5 9 8 7 6 8 3 10 5 1 6 7 4 9 5 2 9 8 1 4 0  R26: 0 2 1 2 4 3 2 9 2 5 1 2 1 7 10 2 8 4 10 4 11 5 8 9 3 6 0  
[1606829.625, 10980.0]	581933,1180,163,23,5816,915,6663,0.17391304347826086	 250 R1: 0 6 4 7 5 0  R2: 0 2 9 0  R3: 0 5 9 5 8 1 5 2 9 5 9 8 5 7 3 2 1 2 9 8 6 5 10 0  R4: 0 9 2 9 7 6 11 0  R5: 0 8 6 7 1 2 3 9 2 3 10 7 2 3 8 5 9 1 6 4 10 9 5 11 9 1 11 6 0  R6: 0 10 6 1 3 7 4 8 6 1 5 1 5 7 1 2 8 3 1 10 7 0  R7: 0 4 8 6 1 0  R8: 0 2 8 0  R9: 0 1 3 5 9 1 3 7 6 1 2 5 4 3 8 6 3 8 4 2 4 3 10 0  R10: 0 3 1 3 4 8 6 5 11 8 4 11 3 2 9 1 4 5 1 11 8 9 10 0  R11: 0 1 5 8 5 2 3 11 5 7 9 5 3 0  R12: 0 10 7 10 6 10 5 0  R13: 0 3 9 1 5 9 5 3 5 2 5 7 5 6 1 10 4 9 1 8 6 5 7 1 8 7 11 2 0  R14: 0 7 5 7 10 3 5 9 2 10 3 9 1 8 7 10 1 11 3 7 3 10 1 5 8 3 6 0  R15: 0 2 5 0  R16: 0 1 5 1 7 5 4 3 2 9 11 6 11 6 11 8 4 6 4 9 5 2 3 10 9 0  R17: 0 11 5 2 5 2 9 4 5 8 6 4 1 3 5 3 11 9 10 4 11 8 6 0  R18: 0 9 2 5 9 2 9 5 1 9 4 5 2 3 6 9 10 7 8 10 4 3 6 10 11 0  R19: 0 2 11 2 9 7 5 0  R20: 0 2 8 7 5 0  R21: 0 1 5 7 5 2 5 9 10 8 10 4 11 9 3 0  R22: 0 3 5 0  R23: 0 10 4 6 11 3 9 1 0  
[1620779.5, 11172.0]	582700,1219,191,24,5846,931,6715,0.26041666666666663	 250 R1: 0 1 3 1 7 1 3 5 2 3 4 8 1 3 6 4 5 3 9 10 1 5 11 7 9 6 0  R2: 0 6 1 6 5 8 6 8 1 6 1 10 4 6 7 2 6 5 8 11 9 0  R3: 0 8 4 8 5 3 0  R4: 0 7 2 5 11 0  R5: 0 1 3 2 8 2 3 4 5 4 8 1 4 3 1 3 5 4 8 3 7 6 0  R6: 0 2 8 0  R7: 0 5 9 2 9 10 3 10 2 5 1 11 6 3 8 1 11 4 8 9 10 0  R8: 0 1 5 7 5 3 4 3 9 0  R9: 0 10 4 0  R10: 0 6 4 5 2 9 7 8 1 5 2 9 1 5 7 2 5 9 6 1 8 5 9 2 11 4 0  R11: 0 5 2 5 9 10 8 11 7 5 7 2 9 7 8 7 1 10 1 5 3 10 6 4 0  R12: 0 9 10 11 8 0  R13: 0 6 5 2 9 11 0  R14: 0 3 9 0  R15: 0 8 2 3 0  R16: 0 1 5 1 2 5 10 11 5 1 10 7 3 4 10 3 5 1 8 3 9 5 9 1 6 0  R17: 0 7 2 7 3 2 9 2 5 9 11 10 7 8 9 5 7 3 2 8 1 10 9 11 0  R18: 0 7 3 7 11 6 2 9 5 6 10 3 11 4 2 9 11 8 2 6 2 4 9 10 0  R19: 0 4 11 3 7 0  R20: 0 8 4 0  R21: 0 9 10 6 2 5 2 11 9 0  R22: 0 1 5 3 5 11 2 9 7 0  R23: 0 1 5 3 2 9 1 7 10 0  R24: 0 5 3 10 9 8 7 5 6 9 2 8 3 1 10 6 9 5 9 11 6 8 3 10 4 0  
[1556271.0, 10152.0]	576284,863,185,29,5554,846,6603,0.18965517241379315	 250 R1: 0 4 2 9 2 1 9 2 4 3 7 9 5 7 11 1 8 10 6 7 2 4 11 9 3 0  R2: 0 1 3 1 5 1 7 8 6 1 10 3 11 6 3 5 4 8 2 3 1 9 10 11 0  R3: 0 9 11 3 0  R4: 0 5 9 5 2 9 4 5 11 10 6 11 4 10 6 0  R5: 0 10 1 0  R6: 0 5 2 5 8 7 10 8 9 5 1 5 7 10 6 2 5 2 8 9 1 0  R7: 0 3 9 2 5 9 2 9 10 11 9 10 11 9 1 10 0  R8: 0 5 1 5 9 7 2 8 10 7 11 8 6 10 6 4 7 3 9 6 0  R9: 0 2 5 2 9 0  R10: 0 2 1 3 5 0  R11: 0 2 9 0  R12: 0 10 6 5 4 0  R13: 0 2 9 0  R14: 0 6 5 6 10 11 0  R15: 0 10 6 0  R16: 0 1 3 5 7 2 1 0  R17: 0 1 4 3 5 0  R18: 0 1 3 5 0  R19: 0 7 2 11 5 7 0  R20: 0 7 8 6 8 5 2 1 7 3 5 4 3 4 2 6 5 1 2 9 5 3 4 8 1 10 11 6 0  R21: 0 7 2 9 7 3 11 5 0  R22: 0 4 1 8 11 7 0  R23: 0 1 3 5 0  R24: 0 11 9 8 3 10 11 2 5 7 1 3 1 4 5 8 1 6 7 2 0  R25: 0 8 3 8 7 2 5 2 3 8 1 9 3 8 10 11 4 2 9 7 4 0  R26: 0 1 3 5 0  R27: 0 6 9 1 7 0  R28: 0 4 3 5 9 6 5 6 8 1 7 4 1 2 6 4 1 6 3 11 6 5 9 8 3 4 10 0  R29: 0 5 1 10 8 1 5 3 5 9 7 10 5 2 4 9 8 3 6 5 1 9 1 5 6 5 11 10 0  
[1643801.625, 11316.0]	574585,1534,183,26,5908,943,6884,0.23076923076923073	 250 R1: 0 5 2 0  R2: 0 10 7 0  R3: 0 3 10 5 9 10 2 6 3 7 5 8 9 1 5 2 5 7 10 1 2 11 6 10 8 3 4 0  R4: 0 11 6 0  R5: 0 5 8 0  R6: 0 2 5 9 1 2 3 11 9 2 7 5 4 1 2 11 7 1 3 10 8 0  R7: 0 2 5 9 2 3 8 4 5 6 11 8 9 10 0  R8: 0 9 10 9 6 10 3 5 11 2 10 6 9 1 4 8 0  R9: 0 2 9 0  R10: 0 8 4 0  R11: 0 2 4 7 2 9 0  R12: 0 1 3 7 5 2 9 8 1 4 6 10 11 0  R13: 0 10 5 10 2 8 5 9 7 10 1 10 5 1 9 11 3 10 6 5 4 0  R14: 0 10 4 8 4 2 0  R15: 0 8 1 3 0  R16: 0 1 3 5 4 0  R17: 0 7 1 3 10 8 1 7 1 6 5 1 8 3 6 2 9 11 4 6 4 11 9 1 5 9 1 11 8 0  R18: 0 7 11 7 1 11 7 3 11 8 6 11 9 4 1 7 8 9 6 4 6 10 0  R19: 0 1 3 7 5 7 2 6 0  R20: 0 9 3 2 10 2 5 6 2 5 9 11 1 2 6 3 5 2 6 5 3 7 8 0  R21: 0 1 3 5 8 6 0  R22: 0 8 3 5 0  R23: 0 1 3 5 4 0  R24: 0 4 2 5 9 2 1 9 2 3 4 8 1 11 7 10 6 9 4 7 2 11 9 3 5 11 4 0  R25: 0 5 1 3 6 5 2 4 3 9 6 5 1 10 5 4 7 2 1 3 5 8 3 4 9 10 0  R26: 0 2 9 2 5 9 11 5 9 10 7 8 11 6 5 7 1 6 5 7 9 4 7 8 0  
[1505321.875, 11004.0]	550693,902,174,26,5391,917,6760,0.22115384615384615	 250 R1: 0 1 5 2 5 9 7 6 8 3 10 9 4 1 10 6 4 10 1 2 3 1 5 11 0  R2: 0 10 4 10 1 5 3 8 10 1 8 5 7 6 0  R3: 0 10 5 8 1 7 10 6 8 1 2 4 5 3 7 9 6 2 0  R4: 0 3 8 5 2 4 3 9 8 2 5 0  R5: 0 5 1 9 8 0  R6: 0 11 6 0  R7: 0 2 5 9 2 9 7 2 7 1 3 2 5 8 11 10 4 6 11 3 2 4 9 8 7 3 11 0  R8: 0 8 4 0  R9: 0 11 1 7 3 11 9 8 11 4 7 10 5 1 3 6 5 6 9 1 10 0  R10: 0 2 9 6 0  R11: 0 2 9 0  R12: 0 7 2 0  R13: 0 2 8 5 8 6 1 6 5 3 1 11 9 8 2 8 3 4 6 5 11 9 8 0  R14: 0 2 9 0  R15: 0 10 5 10 2 6 2 1 10 5 9 2 8 4 2 9 1 4 9 7 2 9 4 6 11 3 0  R16: 0 1 3 11 8 10 11 5 4 9 1 9 6 11 8 4 7 1 7 9 4 1 8 10 5 0  R17: 0 1 3 5 4 9 0  R18: 0 1 3 5 0  R19: 0 8 2 3 1 0  R20: 0 1 5 7 3 11 5 0  R21: 0 5 1 9 7 10 6 0  R22: 0 7 9 11 2 5 2 4 9 4 2 3 5 3 4 10 0  R23: 0 7 1 3 8 5 1 11 8 4 9 1 0  R24: 0 1 5 4 0  R25: 0 4 6 5 8 6 0  R26: 0 5 2 10 7 5 9 2 3 10 3 10 7 5 8 9 7 1 2 5 7 10 11 3 10 6 5 4 1 11 9 10 0  
[1582885.25, 11244.0]	575152,948,180,25,5700,937,6530,0.24	 250 R1: 0 4 3 2 9 0  R2: 0 1 5 3 2 10 5 4 9 1 7 6 1 8 2 9 3 1 6 4 11 3 10 5 7 1 9 11 0  R3: 0 1 4 0  R4: 0 3 10 0  R5: 0 6 5 10 6 0  R6: 0 10 7 10 6 0  R7: 0 3 2 3 5 9 8 3 2 5 1 4 2 8 5 7 1 9 5 7 9 3 9 11 4 10 0  R8: 0 2 5 9 2 9 2 9 10 9 4 6 7 2 9 8 7 1 10 4 5 4 8 3 2 0  R9: 0 8 4 3 0  R10: 0 11 1 11 5 1 11 9 3 9 1 5 7 1 5 1 8 3 7 10 6 0  R11: 0 10 5 10 4 6 10 8 1 10 8 7 5 1 10 5 10 6 8 1 8 2 4 6 7 2 6 5 8 10 0  R12: 0 8 11 8 2 9 10 6 8 5 9 4 1 10 6 11 10 4 8 2 7 1 3 0  R13: 0 6 10 0  R14: 0 1 5 2 3 2 9 2 9 6 5 7 6 1 2 6 1 11 8 6 5 2 9 1 4 3 0  R15: 0 1 3 7 2 0  R16: 0 6 5 2 8 11 3 4 8 6 3 2 9 7 2 11 4 9 10 0  R17: 0 7 5 7 9 5 9 11 0  R18: 0 1 5 1 3 2 9 0  R19: 0 9 1 5 9 2 5 9 2 3 11 2 5 7 2 10 0  R20: 0 4 8 5 7 1 4 5 11 10 3 11 3 5 6 0  R21: 0 1 4 1 8 5 3 0  R22: 0 2 8 7 3 11 8 1 11 5 11 4 7 6 3 5 9 1 6 8 5 3 4 0  R23: 0 1 5 7 5 1 9 0  R24: 0 7 3 7 2 0  R25: 0 1 6 9 1 8 0  
[1463095.875, 11520.0]	578498,1035,178,28,5178,960,7028,0.2410714285714286	 250 R1: 0 8 6 2 9 7 1 7 3 11 1 6 8 11 6 2 8 3 10 6 0  R2: 0 5 1 5 3 2 4 0  R3: 0 1 5 7 11 3 0  R4: 0 9 5 9 7 3 0  R5: 0 3 10 0  R6: 0 3 1 4 9 0  R7: 0 2 5 9 2 9 2 4 2 7 10 1 5 10 6 0  R8: 0 6 9 0  R9: 0 11 10 0  R10: 0 6 1 2 11 4 5 0  R11: 0 9 4 11 5 11 3 9 10 8 1 10 1 4 11 9 1 6 3 0  R12: 0 8 6 2 5 4 2 9 6 10 6 10 5 1 2 9 7 1 10 8 10 11 2 4 0  R13: 0 7 10 0  R14: 0 1 3 2 5 2 9 4 9 5 1 2 4 1 6 0  R15: 0 2 9 0  R16: 0 2 7 2 1 11 5 11 7 3 4 9 6 0  R17: 0 1 5 3 11 7 0  R18: 0 1 5 3 7 2 0  R19: 0 7 2 5 2 5 3 7 2 3 9 7 9 2 5 9 7 4 8 3 10 2 6 5 1 0  R20: 0 7 9 0  R21: 0 1 5 11 8 3 0  R22: 0 9 10 9 2 10 9 2 8 3 4 3 11 8 7 2 5 1 9 4 6 4 7 8 3 2 0  R23: 0 8 5 9 8 1 3 6 10 6 5 6 8 3 5 8 7 2 11 3 9 0  R24: 0 4 5 0  R25: 0 1 8 0  R26: 0 4 3 5 1 2 10 3 9 6 2 11 5 4 9 1 7 3 6 1 5 9 1 11 8 0  R27: 0 5 1 5 7 5 10 1 8 1 10 8 10 4 5 9 7 10 6 1 7 10 4 7 5 9 11 3 0  R28: 0 2 3 10 7 1 5 1 4 6 1 8 9 4 3 10 6 5 3 10 4 10 6 10 1 11 9 0  
[1569152.0, 10908.0]	563900,1008,177,25,5657,909,6508,0.16000000000000003	 250 R1: 0 1 3 0  R2: 0 10 6 10 5 0  R3: 0 9 5 10 6 1 9 0  R4: 0 5 9 8 1 0  R5: 0 6 5 1 8 0  R6: 0 5 8 9 6 0  R7: 0 3 5 9 7 5 10 1 3 2 7 3 5 9 10 1 10 6 3 4 10 1 2 9 8 3 1 0  R8: 0 11 10 3 1 5 4 6 11 0  R9: 0 2 7 3 2 5 9 7 3 5 2 8 7 4 3 5 3 6 10 6 5 0  R10: 0 11 4 0  R11: 0 8 3 0  R12: 0 2 7 2 9 4 11 9 11 1 2 9 7 2 7 3 1 8 5 6 0  R13: 0 2 9 2 9 10 8 7 4 1 5 7 1 5 8 3 2 4 7 0  R14: 0 2 9 7 10 0  R15: 0 8 6 2 1 8 7 1 9 6 2 3 7 5 11 8 6 1 6 2 4 11 3 10 5 7 1 11 9 6 0  R16: 0 10 1 3 2 5 6 10 5 10 11 3 2 5 9 7 10 1 7 1 9 4 2 9 6 8 11 9 10 0  R17: 0 1 3 7 5 4 3 8 11 0  R18: 0 1 3 4 0  R19: 0 1 5 7 9 0  R20: 0 7 1 3 4 5 0  R21: 0 11 1 11 5 4 2 3 6 1 9 5 6 8 6 1 11 10 4 10 2 7 2 4 9 11 8 0  R22: 0 9 3 9 8 5 1 8 6 9 11 4 3 4 1 10 11 5 8 3 4 1 6 10 0  R23: 0 1 5 4 6 0  R24: 0 2 5 7 1 2 9 4 2 3 1 5 1 6 3 7 2 5 9 7 1 5 10 8 0  R25: 0 2 5 2 9 11 2 5 6 5 10 9 4 3 4 9 1 11 6 10 4 9 11 4 8 2 7 0  
[1611717.875, 12672.0]	561893,1379,180,23,5832,1056,6709,0.19565217391304346	 250 R1: 0 4 8 1 3 0  R2: 0 1 3 10 6 5 9 10 8 5 6 1 10 5 9 8 9 8 7 3 10 1 6 5 1 9 2 11 0  R3: 0 5 1 5 2 1 10 3 10 7 5 7 4 1 8 10 6 3 10 2 9 11 4 1 8 6 0  R4: 0 8 7 3 7 6 2 4 6 7 3 8 1 2 6 5 1 8 1 8 11 9 4 0  R5: 0 10 1 6 5 2 4 5 9 0  R6: 0 10 4 2 11 0  R7: 0 4 8 3 2 0  R8: 0 7 2 1 7 10 2 10 5 6 10 11 10 6 3 5 9 2 5 9 6 10 4 8 0  R9: 0 1 3 2 8 5 1 9 2 3 10 3 11 4 1 6 3 9 4 10 5 6 7 0  R10: 0 1 11 0  R11: 0 1 3 0  R12: 0 3 7 3 5 9 3 5 2 3 5 11 2 7 10 7 1 8 3 9 5 7 11 9 0  R13: 0 11 2 5 9 2 9 8 0  R14: 0 1 5 2 5 2 9 3 0  R15: 0 8 11 8 1 3 5 6 2 5 9 7 0  R16: 0 7 1 2 9 7 1 11 9 3 1 5 7 11 5 1 7 1 8 6 0  R17: 0 1 4 5 0  R18: 0 1 5 0  R19: 0 4 5 9 11 5 2 4 5 11 4 3 9 1 6 7 1 8 10 4 6 11 3 7 9 0  R20: 0 5 9 7 5 10 5 9 1 2 9 6 8 3 1 6 4 11 3 2 6 4 7 2 9 8 3 4 6 11 0  R21: 0 2 5 2 9 2 5 1 4 9 10 3 4 3 7 2 1 6 1 2 9 5 11 0  R22: 0 3 10 0  R23: 0 5 3 0  
[1549764.75, 10548.0]	590853,1411,177,29,5495,879,7230,0.2155172413793104	 250 R1: 0 4 10 0  R2: 0 8 1 0  R3: 0 9 4 6 11 0  R4: 0 5 9 2 1 7 1 9 5 2 7 2 7 10 0  R5: 0 5 9 2 9 2 8 7 5 11 6 8 4 0  R6: 0 6 5 6 11 3 9 0  R7: 0 3 1 3 1 5 7 10 9 11 9 11 10 5 7 2 8 5 3 7 2 9 6 10 0  R8: 0 2 5 0  R9: 0 2 5 0  R10: 0 10 1 9 7 8 4 0  R11: 0 4 3 0  R12: 0 8 9 8 5 1 10 9 2 3 5 8 1 9 11 4 8 1 2 10 1 6 11 9 0  R13: 0 10 7 6 7 2 4 5 6 2 10 5 1 10 11 8 1 10 1 4 7 1 11 3 10 6 5 9 8 0  R14: 0 3 1 3 5 7 1 9 5 2 9 6 4 0  R15: 0 1 3 5 11 7 11 5 6 1 5 9 1 4 3 0  R16: 0 7 5 2 5 1 0  R17: 0 4 7 2 6 10 5 4 1 9 6 3 2 10 6 10 4 8 11 0  R18: 0 3 11 4 9 7 4 8 3 2 4 0  R19: 0 9 10 0  R20: 0 1 5 1 3 5 9 4 0  R21: 0 11 1 7 3 11 8 9 4 10 3 6 10 6 0  R22: 0 1 5 3 7 1 3 2 0  R23: 0 9 1 5 3 11 2 3 9 0  R24: 0 2 8 5 7 0  R25: 0 1 5 0  R26: 0 4 8 1 3 10 3 1 6 5 9 8 10 6 7 5 1 10 6 1 5 9 11 7 4 0  R27: 0 5 3 10 5 7 2 8 6 8 1 2 8 3 7 3 5 3 4 8 9 3 0  R28: 0 9 1 0  R29: 0 2 5 2 10 2 5 9 10 4 6 1 5 2 1 9 1 6 4 7 2 11 8 11 9 4 0  
[1504190.125, 11664.0]	567921,1026,181,24,5394,972,6966,0.25	 250 R1: 0 10 11 5 3 4 9 6 3 10 1 8 3 4 0  R2: 0 4 3 5 1 6 8 1 4 9 1 3 5 0  R3: 0 1 5 3 11 7 2 6 9 5 11 6 10 5 1 6 1 11 2 5 3 10 8 6 0  R4: 0 5 1 4 7 5 2 9 4 3 4 11 1 2 9 7 10 5 4 3 8 3 10 2 0  R5: 0 9 2 5 11 8 1 10 7 4 6 9 7 10 1 5 1 2 9 3 7 6 5 0  R6: 0 6 1 5 0  R7: 0 2 5 9 1 8 10 3 11 2 9 11 10 1 10 4 3 7 9 10 4 6 3 4 10 8 0  R8: 0 1 3 10 6 5 9 2 0  R9: 0 1 5 8 4 5 3 0  R10: 0 1 3 8 3 0  R11: 0 6 5 0  R12: 0 3 9 3 10 5 9 8 5 1 7 3 6 2 8 9 10 4 8 1 2 11 9 4 0  R13: 0 1 5 1 5 3 0  R14: 0 11 3 9 0  R15: 0 7 2 7 5 9 2 9 2 5 3 7 10 6 8 5 1 6 11 9 7 1 5 9 11 2 4 0  R16: 0 4 7 10 6 1 9 0  R17: 0 11 7 9 3 7 1 5 2 10 9 11 4 3 5 8 3 1 2 9 5 8 0  R18: 0 2 5 2 9 4 0  R19: 0 1 5 0  R20: 0 2 5 0  R21: 0 8 2 10 11 0  R22: 0 4 10 8 1 4 6 9 5 2 11 1 10 8 9 5 9 11 7 2 1 6 4 11 0  R23: 0 5 10 2 5 7 8 3 10 3 5 1 8 1 5 6 7 1 2 6 4 9 5 8 6 1 3 0  R24: 0 2 9 0  
[1586147.625, 9660.0]	600902,1117,184,27,5676,805,6846,0.19444444444444442	 250 R1: 0 5 3 5 11 7 10 2 5 7 5 2 4 3 4 1 10 9 6 4 7 3 10 9 11 8 0  R2: 0 4 11 9 4 3 7 10 1 5 8 3 1 6 0  R3: 0 1 3 2 5 2 9 4 0  R4: 0 11 10 11 10 8 7 4 8 2 6 0  R5: 0 6 11 0  R6: 0 1 4 0  R7: 0 3 10 8 9 4 5 3 8 1 9 10 5 1 4 9 11 5 3 6 10 4 7 0  R8: 0 5 9 2 9 11 2 3 5 1 5 9 7 1 2 5 9 7 6 9 5 8 0  R9: 0 3 2 5 2 5 1 10 9 10 4 7 3 1 5 1 6 1 2 11 4 8 1 3 11 0  R10: 0 11 3 9 0  R11: 0 8 4 0  R12: 0 2 8 1 5 0  R13: 0 6 3 4 0  R14: 0 7 2 0  R15: 0 3 5 8 9 2 3 8 10 3 1 2 9 11 8 6 1 5 7 2 8 10 0  R16: 0 8 3 0  R17: 0 10 5 6 11 10 4 8 3 9 1 5 1 8 1 11 3 5 4 7 4 3 2 9 6 5 9 11 10 8 0  R18: 0 1 3 5 2 1 9 5 0  R19: 0 1 7 11 7 2 3 0  R20: 0 7 5 9 5 10 2 9 7 1 4 6 10 5 10 9 10 1 3 6 3 10 2 4 1 5 6 7 0  R21: 0 7 2 9 2 5 11 5 8 7 3 2 11 4 9 8 10 4 10 4 6 0  R22: 0 1 3 5 6 2 9 0  R23: 0 9 1 11 5 7 5 2 9 3 1 6 10 0  R24: 0 1 5 3 4 0  R25: 0 1 5 0  R26: 0 3 5 9 1 7 6 11 0  R27: 0 4 1 3 6 5 1 6 1 3 6 1 6 8 5 2 1 2 4 9 11 9 8 6 0  
[1588656.375, 11988.0]	575387,1321,161,23,5737,999,6856,0.19565217391304346	 250 R1: 0 8 6 0  R2: 0 2 9 0  R3: 0 10 7 4 9 5 9 2 3 7 3 10 11 8 4 1 11 6 4 10 1 3 10 11 7 1 11 9 0  R4: 0 8 1 8 5 9 8 1 10 3 10 3 11 4 9 8 5 2 1 7 4 8 0  R5: 0 1 3 11 2 5 2 9 8 1 9 3 2 9 11 8 3 2 5 2 11 9 4 0  R6: 0 6 10 0  R7: 0 7 5 1 3 9 0  R8: 0 4 9 2 3 4 3 4 5 11 1 11 10 6 9 4 9 5 7 2 8 6 11 0  R9: 0 5 4 10 4 8 2 3 6 10 8 5 1 9 5 7 3 8 10 1 5 6 5 2 7 0  R10: 0 10 5 4 8 7 2 1 5 1 4 3 7 3 10 6 8 3 10 0  R11: 0 5 7 11 2 7 1 5 2 5 6 10 3 7 10 6 3 5 9 7 2 9 11 4 0  R12: 0 9 2 5 9 7 10 5 1 6 1 5 11 10 8 0  R13: 0 3 9 2 5 9 2 9 0  R14: 0 1 5 1 3 7 10 6 10 3 5 11 7 1 4 3 5 2 8 3 9 1 6 0  R15: 0 11 9 3 0  R16: 0 1 5 6 1 2 1 3 8 10 5 10 7 2 6 0  R17: 0 6 9 0  R18: 0 9 1 5 3 5 9 5 8 11 9 10 9 2 8 1 4 2 6 5 3 1 4 0  R19: 0 1 5 3 7 2 9 0  R20: 0 1 5 2 5 0  R21: 0 7 5 0  R22: 0 5 3 7 10 5 1 11 2 5 2 3 9 6 8 7 4 1 8 4 3 5 9 11 6 2 0  R23: 0 10 4 10 4 0  
[1569468.75, 11328.0]	568337,1143,181,24,5656,944,6783,0.20833333333333337	 250 R1: 0 4 3 5 7 5 6 7 3 10 9 2 1 10 5 1 7 3 6 10 8 0  R2: 0 1 5 3 1 3 2 3 9 8 10 6 11 9 6 3 9 5 1 9 11 8 7 0  R3: 0 5 2 5 2 9 8 6 1 5 0  R4: 0 7 4 0  R5: 0 8 6 2 4 5 8 1 9 10 7 2 9 6 3 1 11 8 1 5 9 3 11 9 1 2 6 0  R6: 0 1 3 5 2 9 0  R7: 0 2 3 2 5 2 9 0  R8: 0 3 10 2 5 9 8 3 8 4 1 5 1 6 4 2 8 7 3 10 2 11 9 0  R9: 0 10 6 4 11 10 6 5 3 0  R10: 0 9 10 0  R11: 0 3 7 1 3 2 9 11 2 5 1 8 4 3 7 2 3 1 9 4 2 9 8 3 7 6 0  R12: 0 1 5 1 3 5 2 9 0  R13: 0 7 10 3 10 11 7 8 4 5 4 10 4 3 6 11 8 9 1 10 8 10 1 4 9 11 8 5 0  R14: 0 11 2 5 9 2 9 11 9 5 9 11 10 8 10 3 10 4 11 9 5 6 1 11 5 9 7 0  R15: 0 9 1 5 1 4 3 11 0  R16: 0 8 5 3 0  R17: 0 7 1 7 2 0  R18: 0 4 5 8 6 5 1 4 5 2 3 10 5 7 10 1 7 1 4 8 3 10 9 0  R19: 0 1 5 7 5 7 5 3 11 0  R20: 0 3 5 0  R21: 0 6 1 9 2 6 4 0  R22: 0 2 7 2 11 0  R23: 0 2 9 2 8 7 9 6 0  R24: 0 5 7 2 5 10 2 9 7 10 3 11 6 11 7 10 5 7 5 1 2 4 5 8 3 4 7 0  
[1514057.25, 10392.0]	579082,1013,166,25,5420,866,6827,0.24	 250 R1: 0 5 2 5 9 11 8 11 9 4 3 5 1 10 1 10 4 9 11 3 7 6 0  R2: 0 1 3 5 4 3 7 1 4 6 5 7 5 6 11 7 10 6 3 8 3 10 4 6 0  R3: 0 4 5 10 0  R4: 0 9 5 2 9 7 0  R5: 0 2 8 2 0  R6: 0 3 8 4 1 3 10 11 8 11 10 8 1 11 5 9 4 11 9 6 7 0  R7: 0 3 10 2 6 5 9 2 3 9 10 2 5 9 4 9 1 7 3 6 5 3 10 4 0  R8: 0 8 4 0  R9: 0 7 3 0  R10: 0 8 3 0  R11: 0 6 10 0  R12: 0 1 3 5 2 9 5 4 0  R13: 0 1 3 5 7 2 9 1 0  R14: 0 9 10 5 9 8 5 1 5 2 11 4 3 8 10 0  R15: 0 1 3 5 0  R16: 0 1 5 1 3 2 9 4 0  R17: 0 7 11 5 3 0  R18: 0 7 3 10 6 9 5 6 10 3 9 8 2 3 5 8 3 1 8 3 4 8 10 3 0  R19: 0 11 2 8 5 2 1 9 7 3 1 5 10 7 2 8 10 4 6 7 2 0  R20: 0 9 5 7 9 11 7 6 2 8 10 9 3 5 7 1 11 2 6 5 9 6 4 7 10 0  R21: 0 8 5 0  R22: 0 2 5 2 9 3 8 6 1 3 11 6 8 5 4 1 2 8 11 9 4 7 0  R23: 0 6 1 9 0  R24: 0 4 3 5 6 7 10 1 5 1 8 7 3 2 9 1 8 10 1 2 11 5 6 5 9 1 11 4 0  R25: 0 2 1 5 9 2 9 6 2 3 1 9 1 5 1 2 3 8 1 2 9 1 5 4 10 7 0  
[1627669.0, 11400.0]	599395,1261,183,24,5876,950,6611,0.17708333333333337	 250 R1: 0 1 3 7 2 9 0  R2: 0 8 5 2 5 7 4 8 9 10 11 6 10 7 8 7 10 1 2 9 6 4 0  R3: 0 2 5 7 2 9 1 4 11 7 5 6 5 9 10 7 2 8 2 8 11 1 0  R4: 0 1 3 5 2 5 9 5 9 6 1 10 3 1 10 7 8 5 3 10 2 1 0  R5: 0 1 4 0  R6: 0 3 11 10 2 5 9 3 1 11 9 7 3 4 3 8 10 4 2 6 1 9 5 1 11 0  R7: 0 5 2 5 2 9 8 1 6 5 10 9 11 4 9 6 3 8 3 7 4 10 0  R8: 0 1 3 1 3 8 0  R9: 0 3 1 3 5 11 7 6 5 6 10 7 3 6 4 1 9 4 3 9 4 7 3 10 5 8 3 11 9 0  R10: 0 1 5 8 3 2 3 9 0  R11: 0 7 3 11 5 11 5 4 5 0  R12: 0 11 3 9 0  R13: 0 8 2 0  R14: 0 7 9 6 2 5 9 7 10 2 8 4 3 1 5 10 5 1 4 9 5 9 7 2 4 11 6 0  R15: 0 7 1 3 5 2 9 4 2 3 5 10 5 0  R16: 0 1 10 6 2 5 4 3 0  R17: 0 6 1 8 2 9 0  R18: 0 9 5 10 4 8 2 1 11 9 8 7 1 8 6 0  R19: 0 1 4 5 8 5 0  R20: 0 7 9 8 4 3 7 0  R21: 0 1 6 0  R22: 0 3 10 3 10 4 5 8 0  R23: 0 4 5 8 9 5 2 1 8 1 2 8 10 5 4 6 4 7 2 5 11 6 9 5 8 0  R24: 0 5 2 5 9 8 1 4 10 3 11 7 11 6 9 8 5 1 10 4 7 6 9 11 10 2 0  
[1445817.125, 10668.0]	564521,874,169,25,5159,889,6947,0.22999999999999998	 250 R1: 0 1 3 7 5 9 8 10 2 5 8 1 2 7 9 8 4 11 2 9 5 9 1 11 8 0  R2: 0 1 4 0  R3: 0 5 9 7 2 9 4 5 2 3 4 3 9 1 10 6 0  R4: 0 6 5 2 9 3 6 0  R5: 0 3 1 3 11 9 3 7 6 1 8 3 6 1 11 10 5 9 4 10 4 5 6 10 0  R6: 0 11 6 0  R7: 0 2 1 3 5 10 3 8 4 0  R8: 0 2 6 10 1 9 4 0  R9: 0 10 4 2 8 0  R10: 0 8 4 8 5 0  R11: 0 10 7 9 6 0  R12: 0 6 10 11 0  R13: 0 1 5 3 2 5 1 5 6 1 10 7 10 8 3 5 1 4 10 1 11 3 7 8 3 6 0  R14: 0 3 4 3 7 11 8 1 9 11 2 4 7 10 6 0  R15: 0 6 10 7 2 4 9 7 2 10 7 5 7 2 6 8 6 4 5 7 1 2 3 10 9 11 9 0  R16: 0 9 1 4 3 10 2 9 0  R17: 0 7 5 2 5 9 2 9 8 2 5 10 5 9 7 6 0  R18: 0 1 3 5 8 3 2 7 3 10 0  R19: 0 9 5 11 5 9 8 2 3 9 1 5 9 11 10 5 7 4 8 3 2 1 6 0  R20: 0 1 3 7 3 5 0  R21: 0 2 5 9 2 9 4 9 5 8 1 7 10 6 3 5 3 1 5 1 7 5 2 0  R22: 0 1 5 7 5 11 0  R23: 0 5 8 3 4 7 2 9 0  R24: 0 4 1 5 8 6 11 9 8 11 4 8 0  R25: 0 2 5 10 2 1 11 5 9 2 3 10 11 8 4 1 9 3 6 4 1 10 11 4 6 5 8 7 0  
[1520691.75, 10392.0]	558072,1064,166,24,5467,866,6940,0.21875	 250 R1: 0 9 10 0  R2: 0 6 5 6 1 9 0  R3: 0 6 2 10 5 9 1 3 5 6 1 10 2 9 3 11 6 4 0  R4: 0 2 5 2 9 8 0  R5: 0 1 3 7 5 9 8 10 2 5 8 1 2 7 9 8 4 11 2 9 5 9 1 11 8 0  R6: 0 11 9 7 5 0  R7: 0 8 4 0  R8: 0 1 5 7 9 4 3 2 9 4 5 10 6 7 2 4 3 1 8 9 10 1 2 9 6 5 4 0  R9: 0 7 5 2 5 0  R10: 0 5 9 2 9 1 0  R11: 0 1 4 8 3 5 0  R12: 0 1 3 5 7 2 8 7 3 6 11 10 5 0  R13: 0 5 9 5 7 10 9 5 2 1 11 8 10 4 8 3 1 5 10 0  R14: 0 1 3 5 8 1 6 0  R15: 0 3 9 6 3 11 3 10 3 6 1 2 3 6 8 1 11 4 5 6 1 4 6 10 11 9 8 7 0  R16: 0 8 3 0  R17: 0 11 6 0  R18: 0 1 5 1 3 4 11 3 11 8 10 4 11 6 7 10 7 1 6 1 8 2 4 5 3 8 0  R19: 0 7 2 5 9 2 9 7 5 9 2 10 1 8 1 6 3 7 2 9 5 3 10 7 8 6 0  R20: 0 10 1 2 8 5 6 3 5 4 10 8 1 10 7 3 5 3 6 9 0  R21: 0 11 7 11 2 9 7 1 2 3 10 9 5 9 7 6 4 7 4 10 8 11 7 2 4 0  R22: 0 2 5 0  R23: 0 3 5 9 7 10 0  R24: 0 5 10 5 2 6 10 9 2 3 10 8 4 3 1 4 5 9 4 6 11 5 10 6 8 3 7 0  
[1524547.75, 11640.0]	563148,1072,176,24,5489,970,6776,0.14583333333333337	 250 R1: 0 5 9 5 8 5 8 1 5 10 9 1 5 3 5 6 3 8 2 4 8 5 7 0  R2: 0 1 5 3 6 2 9 2 5 9 2 8 1 2 9 7 1 7 4 8 1 2 11 9 4 3 10 0  R3: 0 11 7 3 9 7 0  R4: 0 8 10 8 7 5 6 4 0  R5: 0 2 6 5 9 0  R6: 0 2 1 2 3 4 0  R7: 0 3 11 1 5 4 3 11 8 6 10 7 5 11 1 11 4 6 9 6 1 8 3 4 10 0  R8: 0 3 1 3 11 10 3 10 9 6 1 6 11 8 6 3 4 8 10 6 1 7 0  R9: 0 1 5 2 8 3 5 7 10 9 3 10 6 4 11 0  R10: 0 8 3 2 9 0  R11: 0 11 3 9 0  R12: 0 7 5 7 9 7 5 2 9 1 0  R13: 0 9 7 2 8 5 3 4 0  R14: 0 2 5 9 2 9 7 1 4 6 5 10 3 6 11 4 3 0  R15: 0 1 3 7 5 7 2 9 11 3 11 6 10 5 4 1 0  R16: 0 9 10 6 5 2 10 9 5 6 2 5 1 11 8 6 9 1 10 6 3 8 3 9 4 10 11 0  R17: 0 1 4 3 1 8 3 5 0  R18: 0 9 2 5 9 3 5 7 1 11 2 10 4 9 1 7 2 6 5 0  R19: 0 5 9 5 9 8 7 2 6 11 8 1 7 2 8 5 1 10 4 7 5 9 1 6 5 9 1 11 10 0  R20: 0 1 3 5 0  R21: 0 2 8 1 5 0  R22: 0 1 5 0  R23: 0 4 2 5 9 4 9 8 4 3 6 7 2 1 5 4 5 3 1 7 8 3 10 0  R24: 0 2 9 11 7 0  
[1504092.625, 11904.0]	580609,1080,175,26,5369,992,6824,0.20192307692307687	 250 R1: 0 7 3 5 11 5 0  R2: 0 2 5 2 9 10 8 11 9 5 9 1 7 9 7 3 7 3 5 3 6 10 11 0  R3: 0 1 4 0  R4: 0 5 7 5 9 8 3 7 5 7 3 7 2 4 1 3 5 1 6 4 9 11 8 6 10 0  R5: 0 3 1 3 10 11 4 3 8 6 10 7 6 5 1 6 1 7 1 4 8 11 3 10 6 5 1 0  R6: 0 6 1 5 8 0  R7: 0 5 9 7 5 1 2 10 3 5 7 11 10 0  R8: 0 3 8 3 8 9 2 4 11 8 1 2 8 5 1 10 1 2 6 4 9 8 3 11 0  R9: 0 2 5 9 2 9 7 1 2 3 11 10 6 11 5 7 4 10 8 3 1 10 5 4 0  R10: 0 9 8 10 4 3 0  R11: 0 8 3 0  R12: 0 10 6 0  R13: 0 10 6 11 2 8 5 0  R14: 0 2 4 10 11 6 9 0  R15: 0 3 4 5 7 6 3 2 9 8 4 2 4 5 6 0  R16: 0 6 1 3 2 6 2 5 1 8 2 0  R17: 0 1 5 3 0  R18: 0 1 5 8 3 8 1 5 4 5 10 9 0  R19: 0 7 5 1 3 2 9 2 3 9 6 10 11 10 3 11 4 5 11 6 8 9 1 2 7 11 0  R20: 0 4 5 9 7 2 9 0  R21: 0 1 5 1 3 4 5 8 6 0  R22: 0 7 1 2 9 0  R23: 0 1 4 2 5 7 2 3 0  R24: 0 6 9 1 0  R25: 0 5 9 10 5 8 1 5 9 6 1 8 2 7 1 2 5 9 4 6 7 2 5 9 11 10 0  R26: 0 2 3 2 5 7 6 5 1 4 9 8 3 6 10 4 9 6 3 10 4 11 8 11 1 11 5 9 0  
[1555280.75, 11520.0]	574800,1147,181,27,5554,960,6881,0.2592592592592593	 250 R1: 0 4 3 5 1 11 8 1 0  R2: 0 3 1 5 3 8 5 1 5 7 5 10 11 2 4 3 1 10 8 3 9 1 10 8 3 0  R3: 0 5 2 5 2 7 10 5 8 11 9 11 4 8 4 6 3 5 3 2 4 9 1 0  R4: 0 5 7 3 10 6 0  R5: 0 6 5 1 8 0  R6: 0 9 2 0  R7: 0 3 10 8 3 4 6 7 10 6 4 6 7 3 1 8 1 11 3 6 3 10 1 7 6 10 5 9 1 11 2 0  R8: 0 2 5 2 4 2 9 0  R9: 0 6 9 7 6 11 0  R10: 0 7 2 9 0  R11: 0 2 5 0  R12: 0 10 6 0  R13: 0 10 4 10 4 0  R14: 0 1 3 2 5 9 0  R15: 0 1 5 1 4 3 2 5 9 10 4 0  R16: 0 7 3 2 5 9 10 7 9 11 1 10 1 7 1 6 1 8 11 0  R17: 0 7 3 5 9 11 10 5 8 2 7 2 3 6 5 7 1 4 9 8 3 10 11 9 11 1 2 4 0  R18: 0 10 8 11 2 6 10 3 10 5 10 6 7 9 5 11 6 2 6 5 2 1 10 9 7 0  R19: 0 1 3 5 0  R20: 0 11 8 0  R21: 0 8 5 9 2 9 6 1 8 4 3 11 7 2 5 1 8 6 4 10 8 1 6 0  R22: 0 7 6 1 3 8 9 5 6 2 9 1 0  R23: 0 4 8 2 5 4 6 5 2 5 1 5 1 9 8 2 8 9 10 11 0  R24: 0 4 2 3 6 10 3 5 11 6 3 4 9 2 11 3 5 9 0  R25: 0 1 3 5 0  R26: 0 1 4 5 0  R27: 0 5 9 7 9 5 9 3 7 1 5 1 11 8 3 5 10 7 6 4 7 5 1 7 5 6 11 5 9 2 0  
[1713873.125, 10092.0]	622471,1464,178,25,6204,841,6750,0.06999999999999995	 250 R1: 0 11 8 0  R2: 0 3 5 8 10 4 7 6 3 8 1 3 7 9 6 2 3 6 4 3 5 3 6 11 5 7 0  R3: 0 5 9 2 5 7 10 9 1 10 9 10 5 9 7 11 8 1 3 10 2 6 8 0  R4: 0 10 9 10 4 3 5 1 7 1 4 5 1 2 6 11 0  R5: 0 2 5 1 2 3 9 11 6 0  R6: 0 8 4 3 0  R7: 0 11 2 5 11 10 8 3 4 9 7 5 6 1 8 3 9 0  R8: 0 6 7 6 10 5 9 1 11 0  R9: 0 2 5 8 6 9 0  R10: 0 10 1 6 2 7 2 9 2 10 5 9 11 3 1 10 6 3 9 4 6 2 4 7 11 8 0  R11: 0 10 6 5 3 10 1 4 0  R12: 0 1 3 1 5 9 2 7 3 5 7 4 1 9 2 10 4 11 2 8 3 9 0  R13: 0 4 2 4 5 3 6 1 2 7 1 10 4 8 6 7 1 9 11 2 0  R14: 0 9 1 10 5 2 3 9 0  R15: 0 8 9 7 9 6 1 3 0  R16: 0 1 5 3 0  R17: 0 1 5 2 8 2 5 1 9 5 0  R18: 0 11 1 11 2 7 6 9 6 1 10 6 8 5 1 5 2 7 8 9 4 0  R19: 0 1 3 5 7 1 8 1 2 0  R20: 0 8 2 5 1 3 8 4 9 0  R21: 0 9 7 5 11 7 3 5 11 9 0  R22: 0 1 4 3 5 0  R23: 0 4 3 5 1 11 8 5 1 8 1 7 10 3 5 3 2 10 6 1 5 11 1 9 10 11 0  R24: 0 5 3 7 5 2 4 3 5 10 8 3 1 2 8 5 8 9 11 5 4 8 3 9 10 6 0  R25: 0 2 5 9 2 1 5 8 11 9 4 11 4 3 0  
[1686930.625, 10416.0]	584688,1481,160,22,6138,868,6800,0.1477272727272727	 250 R1: 0 1 8 3 2 4 0  R2: 0 6 10 6 9 5 2 9 1 4 7 11 2 10 6 10 9 6 5 4 11 0  R3: 0 2 8 1 2 3 7 3 10 5 10 6 7 1 5 3 4 10 4 8 5 9 6 11 0  R4: 0 1 3 1 2 1 7 9 2 3 2 1 9 7 4 8 4 7 3 10 2 4 9 5 8 0  R5: 0 2 9 7 4 11 5 1 8 11 8 5 1 9 8 1 2 3 10 6 0  R6: 0 3 2 8 5 3 6 8 11 7 4 1 3 6 10 5 9 11 2 5 8 9 1 11 3 4 0  R7: 0 5 9 2 9 0  R8: 0 1 3 5 10 8 0  R9: 0 8 1 3 0  R10: 0 3 10 5 10 3 7 6 11 10 5 4 2 3 1 9 2 6 1 8 1 5 10 4 11 9 1 11 5 7 6 9 0  R11: 0 1 5 1 2 10 8 1 5 9 8 1 8 1 6 3 7 8 4 9 6 10 0  R12: 0 11 6 0  R13: 0 7 3 6 4 5 9 2 9 5 10 3 7 5 7 9 1 11 10 2 5 1 9 6 7 8 9 4 2 0  R14: 0 7 9 7 1 4 3 10 0  R15: 0 2 5 9 1 2 3 2 9 6 10 6 3 5 1 7 1 8 6 5 9 11 7 4 0  R16: 0 11 8 3 5 4 8 6 10 3 1 6 7 8 3 2 6 5 3 9 11 10 1 8 0  R17: 0 1 5 2 7 2 3 9 4 5 7 11 2 10 8 11 10 1 4 8 6 0  R18: 0 9 1 3 2 5 9 11 0  R19: 0 1 3 5 11 7 4 0  R20: 0 4 5 8 0  R21: 0 11 4 3 0  R22: 0 1 5 7 3 5 11 0  
[1445563.375, 11244.0]	553914,931,184,25,5153,937,7004,0.28	 250 R1: 0 6 9 7 10 6 5 11 0  R2: 0 1 3 8 10 2 9 5 2 8 1 2 9 7 2 4 9 6 4 11 3 6 10 6 5 11 9 0  R3: 0 5 9 2 9 5 11 6 1 5 1 5 8 9 8 2 1 8 9 0  R4: 0 3 8 10 8 5 3 9 2 3 11 8 1 7 10 6 1 3 10 4 9 1 6 0  R5: 0 11 6 0  R6: 0 11 7 0  R7: 0 7 3 11 3 0  R8: 0 8 1 11 5 0  R9: 0 10 1 4 0  R10: 0 8 3 0  R11: 0 2 8 2 9 5 0  R12: 0 10 6 1 4 3 2 6 10 8 7 3 10 6 10 11 3 5 1 4 9 4 8 9 1 11 6 0  R13: 0 1 3 1 5 8 10 3 6 10 11 6 9 1 6 11 7 4 6 5 2 9 7 8 11 0  R14: 0 1 3 6 2 5 7 6 9 4 10 4 3 6 5 0  R15: 0 9 10 0  R16: 0 8 3 2 1 0  R17: 0 1 5 7 3 5 9 7 10 1 10 2 5 9 11 0  R18: 0 7 5 10 5 2 7 2 9 2 10 7 5 1 7 2 1 8 3 2 7 1 8 4 11 8 3 2 6 0  R19: 0 4 7 0  R20: 0 11 5 9 2 8 1 10 11 9 3 4 3 1 10 5 8 1 8 10 11 7 4 0  R21: 0 9 1 2 5 7 9 1 3 5 9 10 5 11 10 11 4 0  R22: 0 7 2 1 5 0  R23: 0 4 9 4 5 1 4 8 3 10 5 7 1 11 4 9 5 6 1 2 5 9 4 0  R24: 0 1 3 2 5 2 9 0  R25: 0 3 5 3 7 2 0  
[1559792.125, 10656.0]	589769,971,180,28,5565,888,6731,0.2321428571428571	 250 R1: 0 1 5 10 6 3 9 7 6 11 8 1 2 10 9 8 1 7 4 6 4 5 11 3 9 11 8 7 0  R2: 0 4 10 5 0  R3: 0 1 3 0  R4: 0 10 6 10 5 0  R5: 0 9 5 0  R6: 0 2 6 8 9 0  R7: 0 3 10 3 5 9 1 3 10 9 5 7 5 9 10 4 2 3 0  R8: 0 6 9 7 5 11 6 0  R9: 0 3 9 11 7 3 11 1 8 6 10 2 3 6 8 1 11 5 3 10 6 1 4 6 7 5 0  R10: 0 2 5 2 9 0  R11: 0 7 3 0  R12: 0 2 5 0  R13: 0 8 2 11 3 0  R14: 0 2 5 2 9 8 9 6 0  R15: 0 8 9 2 8 1 10 3 10 4 3 11 9 6 3 8 10 6 1 5 11 9 7 0  R16: 0 1 5 1 4 11 7 2 3 2 5 2 5 4 1 0  R17: 0 1 3 0  R18: 0 8 11 3 9 10 2 1 0  R19: 0 7 1 7 2 4 7 5 2 1 10 11 8 7 4 9 1 10 8 7 1 8 4 2 0  R20: 0 1 5 1 5 9 0  R21: 0 2 8 0  R22: 0 11 5 8 5 2 9 6 5 3 9 1 11 9 8 10 1 5 6 10 4 8 1 11 2 0  R23: 0 10 5 9 2 9 10 7 2 3 10 8 2 5 1 2 3 2 11 9 6 0  R24: 0 1 5 0  R25: 0 7 2 0  R26: 0 4 1 8 1 3 6 11 6 9 11 10 3 10 6 1 6 5 4 2 9 7 1 6 2 0  R27: 0 5 7 5 9 4 3 10 5 4 6 8 7 3 1 5 7 10 3 1 5 2 11 8 4 0  R28: 0 2 9 2 10 2 5 6 9 2 1 8 1 6 2 5 1 9 3 10 5 9 8 3 4 7 0  
[1616224.25, 11304.0]	566238,1243,170,24,5837,942,6693,0.23958333333333337	 250 R1: 0 8 3 0  R2: 0 2 9 0  R3: 0 1 5 10 6 3 9 7 6 11 8 1 2 10 9 8 1 7 4 6 4 5 11 3 9 11 8 7 0  R4: 0 9 2 5 1 7 11 2 3 9 2 1 11 8 2 9 7 4 8 10 6 0  R5: 0 8 4 0  R6: 0 9 8 4 11 0  R7: 0 1 3 7 3 5 7 8 2 5 2 4 11 3 1 7 11 10 4 5 9 6 0  R8: 0 7 1 7 5 2 0  R9: 0 3 5 2 8 6 2 3 2 5 10 11 6 11 8 5 7 10 3 6 10 3 5 6 1 8 3 10 0  R10: 0 10 9 10 4 5 7 3 6 9 2 10 8 10 1 5 11 9 4 0  R11: 0 1 5 8 2 5 3 9 10 3 2 9 6 3 8 2 4 3 0  R12: 0 1 5 1 8 4 3 0  R13: 0 2 9 0  R14: 0 6 5 6 1 9 0  R15: 0 3 9 7 9 11 10 11 5 6 1 6 7 5 9 8 6 11 3 7 10 1 2 9 8 4 1 0  R16: 0 1 5 1 4 1 8 1 10 9 5 10 9 11 8 7 2 3 5 9 2 5 11 7 4 0  R17: 0 2 5 9 1 2 9 3 6 7 10 5 11 7 10 4 3 0  R18: 0 11 9 0  R19: 0 2 5 9 8 1 4 10 6 10 0  R20: 0 1 11 5 2 8 9 0  R21: 0 4 1 0  R22: 0 4 3 0  R23: 0 4 10 5 6 3 9 2 8 1 5 6 3 5 1 7 3 5 10 2 4 6 5 9 1 11 8 0  R24: 0 2 3 2 5 9 2 9 4 8 3 10 1 11 4 9 5 1 3 10 7 2 6 0  
[1597588.75, 10560.0]	577842,1152,182,24,5768,880,6788,0.17708333333333337	 250 R1: 0 4 11 10 6 0  R2: 0 9 11 10 5 7 4 9 10 8 2 9 3 6 0  R3: 0 7 2 0  R4: 0 8 3 2 9 11 5 8 6 1 2 8 10 3 7 6 4 9 1 7 6 5 9 1 11 3 2 0  R5: 0 10 9 4 8 10 7 1 11 8 1 9 11 8 5 7 6 2 3 8 1 11 9 3 10 6 0  R6: 0 1 3 2 5 2 9 0  R7: 0 3 11 3 6 2 5 8 9 6 5 10 6 11 3 1 10 7 11 9 7 1 2 4 0  R8: 0 5 9 1 2 9 8 4 5 10 6 4 1 10 7 2 10 1 11 3 8 6 0  R9: 0 1 3 0  R10: 0 6 10 6 5 4 9 0  R11: 0 3 5 2 5 9 5 6 10 3 10 4 10 1 3 1 4 10 9 7 2 11 4 0  R12: 0 5 9 2 9 0  R13: 0 1 5 1 5 4 3 0  R14: 0 7 1 7 4 11 2 5 0  R15: 0 7 5 2 5 2 7 10 2 11 10 7 11 8 9 1 10 3 5 11 4 3 10 8 9 0  R16: 0 5 2 8 2 3 5 2 3 8 6 5 6 1 10 9 5 3 8 10 4 0  R17: 0 4 7 0  R18: 0 1 5 8 5 3 0  R19: 0 9 1 5 1 3 1 7 11 9 5 3 7 9 2 6 1 8 7 1 8 10 4 3 6 0  R20: 0 4 5 10 8 0  R21: 0 1 5 0  R22: 0 2 7 5 8 1 4 6 8 4 3 6 11 9 11 5 7 2 6 4 6 10 9 1 0  R23: 0 11 4 2 9 3 7 3 0  R24: 0 2 7 9 8 3 7 2 5 7 5 9 1 4 2 3 5 4 8 9 11 4 1 8 3 6 0  
[1639342.125, 10608.0]	585010,1364,161,23,5941,884,6780,0.14130434782608692	 250 R1: 0 1 3 1 5 8 9 11 9 11 8 0  R2: 0 10 6 3 2 5 10 5 1 10 6 9 3 5 1 11 4 9 4 2 7 4 8 6 0  R3: 0 9 5 0  R4: 0 1 3 5 9 1 3 0  R5: 0 3 5 1 8 5 4 10 2 7 3 6 4 3 11 10 0  R6: 0 1 3 7 2 5 1 4 9 0  R7: 0 6 5 9 7 6 0  R8: 0 8 1 8 4 2 4 0  R9: 0 3 5 7 10 2 5 2 9 8 2 3 10 3 7 5 2 1 5 7 11 3 10 6 10 0  R10: 0 11 6 0  R11: 0 1 5 7 5 6 4 3 2 9 11 0  R12: 0 7 8 9 7 8 1 6 3 9 8 1 10 6 3 7 3 5 9 11 1 9 3 4 0  R13: 0 2 5 2 1 9 4 10 4 5 10 5 7 9 5 1 7 8 1 2 11 9 10 4 0  R14: 0 11 2 5 8 6 2 9 6 10 1 11 7 10 3 5 2 6 8 3 5 9 4 0  R15: 0 10 2 5 7 10 5 4 8 9 4 1 5 7 1 11 4 2 9 11 9 6 0  R16: 0 9 2 9 8 10 2 3 7 9 1 8 5 1 11 2 6 9 10 4 8 3 10 6 1 11 5 2 0  R17: 0 1 3 5 4 0  R18: 0 9 10 7 2 11 1 9 1 5 1 10 4 6 9 7 11 8 0  R19: 0 1 3 5 2 9 0  R20: 0 11 2 11 5 7 2 1 6 1 10 3 9 4 8 6 5 8 3 0  R21: 0 4 11 6 9 5 7 10 8 2 11 3 4 6 8 10 3 10 6 1 7 2 9 11 5 4 0  R22: 0 2 9 0  R23: 0 9 1 0  
[1629650.0, 11424.0]	586530,1273,171,24,5885,952,6715,0.20833333333333337	 250 R1: 0 1 3 1 5 8 10 8 6 3 1 2 9 5 6 11 9 1 4 2 9 11 9 11 8 6 0  R2: 0 5 4 5 2 4 3 5 8 10 4 9 6 4 3 1 10 1 6 4 5 9 2 4 8 3 11 0  R3: 0 10 5 10 3 5 7 9 2 3 10 7 5 1 3 4 1 8 3 6 4 11 9 1 5 7 1 9 8 6 11 0  R4: 0 1 3 7 5 2 3 7 10 5 1 2 3 7 2 9 7 10 1 7 11 5 3 10 6 8 10 4 0  R5: 0 6 7 1 3 11 2 9 5 6 9 1 6 8 7 3 10 2 9 11 4 1 0  R6: 0 6 5 8 4 2 3 0  R7: 0 11 10 3 6 0  R8: 0 3 8 5 9 2 4 5 9 6 10 5 8 10 1 7 2 9 3 4 5 7 6 0  R9: 0 8 3 0  R10: 0 5 4 9 10 1 9 1 7 8 0  R11: 0 7 5 7 9 8 2 9 3 6 0  R12: 0 11 2 5 9 2 9 4 7 11 8 11 10 1 4 5 7 10 4 2 8 11 6 0  R13: 0 1 3 2 5 7 2 9 11 9 10 3 8 6 0  R14: 0 9 1 5 2 5 10 2 9 8 9 2 3 10 6 10 11 4 5 6 3 9 2 5 4 8 6 0  R15: 0 8 5 0  R16: 0 1 3 4 11 7 5 7 1 8 2 11 5 8 0  R17: 0 4 5 8 4 1 0  R18: 0 1 3 2 4 5 0  R19: 0 2 5 8 1 0  R20: 0 1 9 10 4 5 0  R21: 0 8 10 1 0  R22: 0 6 1 9 0  R23: 0 4 3 0  R24: 0 2 5 9 5 2 8 5 9 6 8 1 3 5 1 7 3 11 7 2 6 5 10 0  
[1595157.375, 10956.0]	561959,1131,181,24,5766,913,6667,0.17708333333333337	 250 R1: 0 2 5 9 7 2 9 4 7 10 8 6 1 7 2 1 6 4 9 7 9 1 6 5 8 2 0  R2: 0 1 3 1 5 8 10 8 6 3 1 2 9 5 6 11 9 1 4 2 9 11 9 11 8 6 0  R3: 0 10 7 1 3 4 3 9 7 1 10 7 3 5 1 3 2 3 7 5 1 3 10 6 10 8 3 11 0  R4: 0 10 4 2 9 0  R5: 0 1 3 5 2 9 0  R6: 0 1 4 0  R7: 0 5 10 5 2 5 7 9 10 4 6 5 1 9 1 7 9 7 1 7 2 8 1 8 3 10 0  R8: 0 1 5 3 0  R9: 0 9 2 5 9 10 5 6 9 10 5 11 8 1 10 0  R10: 0 1 5 3 0  R11: 0 6 5 0  R12: 0 8 3 2 1 0  R13: 0 3 8 10 6 4 11 9 11 2 3 10 9 8 6 4 6 3 5 7 3 10 9 11 0  R14: 0 7 5 7 1 11 9 2 3 2 5 10 3 2 8 7 4 10 1 2 6 11 4 0  R15: 0 1 5 1 4 3 5 0  R16: 0 6 10 11 6 3 9 0  R17: 0 9 11 2 5 9 2 9 8 6 11 5 10 8 1 4 6 2 3 11 9 8 6 0  R18: 0 8 5 2 9 0  R19: 0 7 2 4 7 1 9 6 11 6 0  R20: 0 11 4 0  R21: 0 3 4 5 8 3 4 0  R22: 0 2 8 6 5 1 11 9 0  R23: 0 4 3 5 6 2 11 5 9 8 4 10 3 1 5 3 10 4 6 1 11 5 1 2 11 0  R24: 0 5 2 5 8 3 10 4 6 8 1 7 4 3 4 5 1 10 6 9 5 9 2 4 11 5 9 7 8 0  
[1619285.5, 11940.0]	586369,1119,184,27,5802,995,6584,0.3055555555555556	 250 R1: 0 4 10 0  R2: 0 9 2 11 0  R3: 0 2 9 4 11 2 6 11 5 4 3 8 0  R4: 0 1 4 0  R5: 0 2 10 6 8 0  R6: 0 3 2 10 1 7 2 9 3 7 9 10 3 6 8 1 7 5 1 9 5 3 10 6 8 3 4 11 0  R7: 0 6 4 5 9 6 11 7 0  R8: 0 3 1 3 10 4 9 10 5 8 10 4 3 1 7 10 3 5 2 6 5 9 1 4 5 9 8 11 0  R9: 0 8 4 0  R10: 0 2 5 9 2 3 10 3 4 6 9 5 7 10 1 9 2 11 10 8 3 4 10 6 0  R11: 0 10 6 0  R12: 0 1 3 2 5 9 5 1 9 10 8 10 5 1 6 10 9 5 3 1 8 6 7 11 0  R13: 0 2 9 11 3 9 0  R14: 0 1 5 1 4 6 11 3 2 7 11 9 6 11 8 10 0  R15: 0 10 4 8 2 0  R16: 0 6 9 8 6 7 6 1 9 10 3 2 5 1 6 7 3 8 7 2 5 11 0  R17: 0 1 3 5 4 3 0  R18: 0 1 3 5 0  R19: 0 7 5 3 2 11 5 2 3 4 5 7 2 9 3 8 1 10 4 6 10 8 7 0  R20: 0 7 9 7 10 8 3 9 2 5 1 8 1 11 6 7 1 3 10 1 2 9 11 9 4 5 11 0  R21: 0 1 5 2 5 9 8 1 2 6 11 5 4 1 3 8 9 6 9 1 10 7 0  R22: 0 11 8 5 4 0  R23: 0 7 1 7 6 7 10 0  R24: 0 4 5 2 9 0  R25: 0 5 8 4 1 11 4 2 0  R26: 0 7 2 0  R27: 0 2 5 2 10 9 8 6 1 7 2 9 1 5 4 7 4 9 8 1 2 3 6 5 1 11 4 0  
[1631172.125, 10788.0]	613914,926,175,32,5792,899,6452,0.265625	 250 R1: 0 3 1 5 11 8 9 2 3 5 4 9 3 4 6 9 2 7 10 1 5 8 3 4 6 0  R2: 0 1 3 2 10 4 7 10 3 2 5 1 3 6 7 10 8 9 5 7 1 4 6 9 1 11 10 2 0  R3: 0 4 7 3 10 6 5 0  R4: 0 1 4 0  R5: 0 9 11 1 5 10 1 8 3 10 1 8 2 7 0  R6: 0 5 2 9 0  R7: 0 10 3 0  R8: 0 3 5 9 7 9 10 11 3 5 4 6 1 4 8 3 1 4 7 10 3 10 5 6 5 9 4 8 0  R9: 0 2 8 6 2 9 5 0  R10: 0 7 2 9 0  R11: 0 8 10 0  R12: 0 9 1 6 0  R13: 0 6 10 9 5 8 1 6 3 5 6 3 1 9 5 1 0  R14: 0 2 5 2 8 2 9 8 7 2 5 1 0  R15: 0 10 2 11 6 2 5 8 10 9 10 3 10 5 1 10 1 6 11 9 7 2 11 4 0  R16: 0 6 7 11 4 5 7 5 7 4 5 9 2 11 1 10 0  R17: 0 1 3 5 9 2 9 5 1 6 11 9 4 8 0  R18: 0 2 5 2 3 9 0  R19: 0 1 3 7 5 9 2 9 3 0  R20: 0 10 4 8 4 1 0  R21: 0 1 5 3 0  R22: 0 11 3 0  R23: 0 8 3 0  R24: 0 1 5 1 3 7 5 7 1 2 0  R25: 0 7 8 7 11 8 1 11 4 2 5 10 11 2 8 7 0  R26: 0 9 5 1 3 5 9 6 8 10 11 2 7 8 3 10 4 11 9 6 2 7 0  R27: 0 8 3 5 2 3 0  R28: 0 7 2 1 5 0  R29: 0 1 8 0  R30: 0 6 9 1 0  R31: 0 4 10 6 9 2 5 8 11 4 3 10 6 2 9 11 2 8 2 4 3 11 9 6 8 0  R32: 0 3 10 0  
[1636951.375, 11988.0]	591974,1512,176,24,5904,999,6897,0.1875	 250 R1: 0 3 2 5 8 1 11 0  R2: 0 4 5 3 9 11 5 8 1 5 9 6 4 2 8 3 2 4 0  R3: 0 8 5 8 2 9 8 2 6 1 8 1 5 1 3 5 7 2 9 2 1 11 4 0  R4: 0 7 11 5 10 0  R5: 0 7 5 9 7 2 9 4 9 6 5 1 2 8 1 4 9 5 2 3 9 7 10 11 0  R6: 0 1 3 2 5 9 2 3 10 8 4 3 10 1 7 10 3 6 3 10 4 9 1 2 8 6 7 3 0  R7: 0 1 5 1 5 7 1 7 3 6 4 0  R8: 0 3 7 10 8 5 1 7 1 2 3 10 3 6 1 9 1 10 7 4 7 3 10 1 5 9 6 11 0  R9: 0 1 3 5 0  R10: 0 5 9 1 3 6 9 5 8 3 4 1 3 10 3 5 1 2 8 0  R11: 0 1 4 3 5 0  R12: 0 3 1 5 9 8 3 2 5 7 3 11 10 1 5 8 4 9 4 6 10 4 7 9 11 8 0  R13: 0 8 3 11 3 0  R14: 0 1 3 5 0  R15: 0 2 5 2 9 1 0  R16: 0 11 8 11 7 2 9 0  R17: 0 6 9 7 0  R18: 0 9 11 2 5 0  R19: 0 7 11 2 8 10 1 8 1 7 2 4 0  R20: 0 6 11 1 9 0  R21: 0 6 8 0  R22: 0 4 5 8 9 5 1 4 5 6 9 10 2 9 6 1 2 6 5 10 6 3 11 9 0  R23: 0 5 10 9 2 5 10 2 6 10 9 7 5 2 10 6 11 10 1 7 4 8 5 2 1 10 3 11 0  R24: 0 2 3 6 1 2 10 2 5 4 10 7 9 5 3 4 9 11 6 4 5 9 11 6 1 5 8 11 0  
[1525572.375, 13404.0]	564095,1150,164,23,5491,1117,6771,0.23913043478260865	 250 R1: 0 3 7 1 5 3 7 10 7 3 6 1 6 8 1 10 1 2 9 6 10 11 9 0  R2: 0 8 6 0  R3: 0 1 3 7 10 4 3 2 5 1 6 8 1 7 4 1 10 7 5 1 2 6 9 7 1 4 8 2 0  R4: 0 5 11 2 5 11 7 6 8 4 5 9 1 9 7 2 6 3 8 4 11 9 10 0  R5: 0 9 7 0  R6: 0 8 6 2 7 6 2 4 0  R7: 0 10 6 1 3 5 2 9 4 10 11 6 4 0  R8: 0 7 3 11 0  R9: 0 11 3 0  R10: 0 3 2 5 8 3 11 5 9 6 1 8 1 2 4 5 9 11 8 6 1 5 8 3 9 7 10 0  R11: 0 1 5 1 3 4 2 1 9 5 11 9 10 3 6 9 11 0  R12: 0 8 3 2 0  R13: 0 7 1 3 5 9 1 3 10 3 5 1 4 3 4 1 8 1 7 10 4 7 1 8 3 11 2 0  R14: 0 7 1 3 5 9 0  R15: 0 2 5 9 2 9 2 7 2 5 1 3 4 3 10 8 9 5 2 3 10 9 6 5 11 0  R16: 0 8 4 0  R17: 0 1 3 5 2 9 0  R18: 0 2 8 5 2 7 2 1 7 5 2 8 5 1 4 3 5 9 10 4 8 11 0  R19: 0 11 4 0  R20: 0 2 5 2 4 9 11 8 2 5 10 6 5 0  R21: 0 6 5 10 6 2 4 0  R22: 0 4 2 5 8 1 4 9 6 5 11 8 1 11 3 7 9 4 3 10 9 1 11 6 0  R23: 0 5 9 10 5 9 8 1 4 9 5 9 11 8 7 1 10 5 2 1 8 9 7 0  
[1652606.375, 10692.0]	567843,1568,189,26,5944,891,6951,0.23076923076923073	 250 R1: 0 5 8 4 2 5 3 11 9 10 5 11 4 6 10 0  R2: 0 3 8 4 2 5 2 4 8 9 10 3 1 11 9 5 2 10 1 9 6 0  R3: 0 5 9 7 2 0  R4: 0 3 7 1 5 3 7 6 10 3 7 9 1 8 6 1 10 6 11 8 10 6 1 3 9 4 5 11 0  R5: 0 5 9 0  R6: 0 11 6 0  R7: 0 8 2 0  R8: 0 2 5 2 9 11 1 6 2 1 4 3 9 7 2 3 1 9 5 11 9 3 7 0  R9: 0 10 4 0  R10: 0 6 9 7 2 6 0  R11: 0 8 1 0  R12: 0 2 9 0  R13: 0 10 4 1 0  R14: 0 10 1 6 5 2 5 1 7 1 11 8 4 7 2 8 7 1 6 5 7 9 4 6 11 9 10 3 0  R15: 0 1 3 7 5 11 2 0  R16: 0 1 3 8 6 0  R17: 0 9 2 5 9 2 9 2 9 5 2 1 7 10 5 1 4 8 3 2 9 7 6 0  R18: 0 1 3 0  R19: 0 1 5 1 4 5 0  R20: 0 11 3 1 10 8 1 4 5 1 3 10 11 8 1 11 3 5 3 10 6 0  R21: 0 1 5 0  R22: 0 9 5 7 10 9 11 7 10 5 8 6 9 4 3 4 11 7 4 9 1 8 4 6 5 6 1 11 5 9 10 0  R23: 0 2 8 3 5 6 1 2 3 11 8 3 7 3 2 6 5 9 1 3 10 8 0  R24: 0 4 1 3 2 5 9 2 5 1 3 1 7 8 4 7 3 5 10 11 6 0  R25: 0 2 11 0  R26: 0 2 1 7 3 2 1 10 7 4 5 1 2 9 6 8 1 8 2 4 8 3 0  
[1627438.375, 10656.0]	595529,1060,179,29,5812,888,6603,0.2844827586206896	 250 R1: 0 1 5 8 3 4 7 6 4 6 9 10 9 11 5 7 1 7 3 1 2 11 8 5 4 0  R2: 0 5 9 5 2 9 7 1 2 6 5 11 8 1 0  R3: 0 5 4 10 11 5 3 2 1 10 5 9 7 2 3 1 5 10 1 9 11 9 1 4 6 1 5 11 0  R4: 0 5 9 0  R5: 0 9 7 6 1 2 5 7 2 1 6 9 8 7 2 3 0  R6: 0 3 7 3 9 7 8 5 6 11 8 2 10 6 1 10 6 3 4 7 3 10 5 9 8 3 0  R7: 0 10 5 0  R8: 0 8 4 0  R9: 0 8 3 0  R10: 0 2 5 0  R11: 0 2 9 0  R12: 0 2 6 1 8 0  R13: 0 2 9 0  R14: 0 8 3 0  R15: 0 2 5 9 2 9 5 2 1 3 4 1 3 8 5 10 1 10 6 7 8 4 0  R16: 0 10 3 8 10 6 0  R17: 0 1 5 1 3 1 2 9 10 7 6 3 9 1 7 5 1 6 8 1 11 2 4 10 8 0  R18: 0 2 4 6 11 7 9 0  R19: 0 1 5 1 4 1 8 10 8 9 3 11 10 4 3 4 9 0  R20: 0 6 2 5 8 1 4 10 11 6 10 3 6 9 0  R21: 0 8 3 2 0  R22: 0 1 5 1 3 5 11 9 11 5 10 9 3 11 7 6 3 4 7 10 9 11 4 6 0  R23: 0 7 3 5 11 0  R24: 0 11 8 0  R25: 0 9 2 9 2 11 2 9 2 5 7 2 1 10 6 1 4 9 11 3 6 4 10 5 11 9 0  R26: 0 7 1 7 2 0  R27: 0 1 2 5 2 1 4 0  R28: 0 4 5 0  R29: 0 5 8 4 10 6 2 9 8 5 2 3 1 2 9 8 11 6 5 4 3 10 4 9 11 7 6 8 0  
[1678913.25, 10752.0]	603673,1294,201,25,6047,896,6544,0.32999999999999996	 250 R1: 0 4 11 7 3 10 5 4 7 4 1 2 3 5 7 11 9 6 3 0  R2: 0 1 5 3 8 6 7 10 11 1 6 3 1 2 9 8 4 11 9 1 5 9 6 11 8 10 0  R3: 0 1 4 0  R4: 0 3 10 0  R5: 0 3 10 8 5 9 1 3 10 8 10 7 5 10 6 10 5 4 6 3 8 1 3 2 4 11 0  R6: 0 2 5 9 8 2 9 2 3 5 3 9 1 4 9 2 8 2 7 6 4 11 0  R7: 0 7 6 0  R8: 0 1 10 6 8 0  R9: 0 2 9 0  R10: 0 1 5 1 3 2 1 9 4 8 10 3 7 10 4 6 5 9 8 4 2 9 3 5 0  R11: 0 2 9 0  R12: 0 1 3 2 5 9 2 3 9 2 11 1 10 5 8 0  R13: 0 6 8 3 11 2 11 6 9 11 10 7 8 3 10 1 2 5 8 0  R14: 0 9 11 2 10 2 9 5 8 0  R15: 0 1 3 0  R16: 0 1 5 1 3 2 9 5 1 8 10 8 1 11 9 7 1 10 4 6 9 7 5 0  R17: 0 7 3 7 5 9 3 8 6 2 3 9 10 3 5 1 6 2 7 2 6 4 8 11 0  R18: 0 7 9 0  R19: 0 9 5 2 5 9 2 9 2 8 1 7 2 10 6 5 1 7 8 10 4 3 10 6 10 8 3 1 11 0  R20: 0 1 5 0  R21: 0 7 2 3 5 0  R22: 0 3 5 0  R23: 0 4 7 5 9 2 1 7 3 5 9 4 1 10 3 7 6 4 1 7 2 11 9 6 8 3 0  R24: 0 5 2 5 10 7 2 9 5 4 6 5 1 8 1 5 1 11 7 5 1 5 9 11 6 5 1 11 4 0  R25: 0 5 3 0  
[1680807.625, 10440.0]	623006,1383,188,29,6013,870,6740,0.18103448275862066	 250 R1: 0 4 8 10 1 9 3 10 8 10 5 6 10 3 10 4 8 3 4 9 1 11 8 7 6 0  R2: 0 2 4 8 4 2 7 0  R3: 0 3 2 8 6 2 5 9 8 10 11 1 5 6 8 1 2 7 3 10 6 4 0  R4: 0 5 10 0  R5: 0 3 7 11 8 3 9 2 3 6 11 8 1 6 4 1 10 1 5 3 10 9 11 7 6 2 0  R6: 0 5 9 0  R7: 0 11 6 0  R8: 0 1 3 5 2 8 6 9 5 7 5 8 11 4 3 0  R9: 0 1 4 0  R10: 0 2 1 3 7 1 5 8 4 3 1 0  R11: 0 6 5 7 10 7 2 6 4 0  R12: 0 2 9 5 1 0  R13: 0 3 2 8 2 9 5 8 9 5 11 9 10 1 9 8 1 7 2 8 6 11 0  R14: 0 8 4 9 2 9 2 3 9 5 8 1 2 9 1 10 7 3 5 9 11 10 4 0  R15: 0 10 6 5 2 5 9 0  R16: 0 1 3 2 5 9 2 9 4 10 8 1 5 4 0  R17: 0 3 7 2 10 5 1 9 2 9 1 5 7 4 0  R18: 0 10 4 8 11 1 3 0  R19: 0 9 2 10 8 7 10 5 11 9 10 3 6 5 8 0  R20: 0 7 3 2 9 5 11 0  R21: 0 1 3 5 0  R22: 0 9 2 1 6 2 1 2 4 10 7 3 6 9 1 5 1 11 9 8 5 2 4 10 6 11 9 7 0  R23: 0 7 1 7 2 11 5 0  R24: 0 1 3 5 0  R25: 0 1 3 5 0  R26: 0 1 5 0  R27: 0 6 9 1 0  R28: 0 4 11 7 5 1 10 3 4 6 5 1 7 2 8 4 3 7 11 9 3 5 6 10 1 9 5 0  R29: 0 5 1 3 2 5 2 9 2 5 2 11 8 3 7 1 9 4 10 4 6 5 10 8 3 11 0  
[1560816.0, 12864.0]	592681,1177,180,27,5574,1072,6729,0.2129629629629629	 250 R1: 0 8 6 11 7 1 6 2 3 9 11 5 6 8 1 2 6 5 9 7 8 11 4 2 6 9 0  R2: 0 8 1 5 8 2 3 9 7 2 4 9 10 8 10 5 2 1 4 6 0  R3: 0 10 6 11 10 0  R4: 0 10 9 10 5 1 11 6 4 0  R5: 0 6 4 6 5 11 7 9 0  R6: 0 3 5 9 5 2 9 2 3 1 10 11 9 4 1 6 0  R7: 0 5 8 2 9 7 10 0  R8: 0 2 5 9 2 9 4 10 5 2 1 11 7 4 6 8 3 2 9 1 0  R9: 0 8 9 1 8 7 11 4 0  R10: 0 2 5 11 7 0  R11: 0 2 5 9 2 9 2 5 9 5 8 1 7 2 11 5 1 9 4 9 1 10 6 0  R12: 0 10 2 8 7 2 6 11 8 4 3 5 4 2 9 8 10 1 6 1 5 2 3 4 9 0  R13: 0 1 3 7 3 11 0  R14: 0 11 3 0  R15: 0 8 3 2 0  R16: 0 1 5 1 5 3 4 0  R17: 0 7 1 3 7 5 4 3 9 7 3 6 10 0  R18: 0 7 9 0  R19: 0 11 8 7 5 2 1 10 3 6 4 10 11 8 3 1 7 3 10 5 3 10 6 9 11 5 4 0  R20: 0 1 5 1 3 4 0  R21: 0 9 11 3 2 5 9 5 1 9 10 4 7 2 3 4 5 1 7 1 9 5 11 9 7 6 10 0  R22: 0 1 5 3 0  R23: 0 4 5 0  R24: 0 3 2 5 9 11 0  R25: 0 1 5 6 2 0  R26: 0 4 8 1 10 3 9 8 5 6 10 9 1 10 7 4 8 3 10 4 8 3 6 2 0  R27: 0 5 3 7 5 10 1 3 8 4 7 5 1 2 6 1 8 3 7 1 3 4 8 1 11 10 6 0  
[1543869.625, 11472.0]	572990,1193,157,23,5564,956,6887,0.19565217391304346	 250 R1: 0 8 6 11 7 6 2 3 7 4 3 1 2 8 9 8 10 11 1 5 6 5 9 11 4 3 0  R2: 0 1 3 2 5 10 2 9 0  R3: 0 10 4 8 3 4 0  R4: 0 6 5 9 6 0  R5: 0 3 9 8 5 8 1 0  R6: 0 10 5 0  R7: 0 6 2 6 8 1 9 5 7 2 8 1 2 8 11 9 3 0  R8: 0 1 5 1 3 5 4 0  R9: 0 11 6 11 4 3 11 4 8 10 0  R10: 0 7 1 3 10 7 2 11 9 10 4 7 3 10 5 4 6 4 9 5 3 10 4 0  R11: 0 7 1 5 9 4 0  R12: 0 11 5 8 9 11 8 2 5 7 2 4 6 1 9 7 4 2 8 2 3 11 6 0  R13: 0 10 5 8 9 4 11 1 9 3 8 3 5 3 5 3 10 6 0  R14: 0 1 3 7 5 11 2 9 0  R15: 0 2 5 1 3 5 1 4 7 8 1 11 5 3 7 4 7 10 6 0  R16: 0 6 9 0  R17: 0 9 10 5 6 2 10 4 5 1 10 11 8 6 10 6 9 4 11 6 10 4 7 9 11 6 10 1 11 8 3 0  R18: 0 1 5 7 3 5 8 1 9 10 9 3 11 0  R19: 0 2 5 7 9 2 9 7 9 5 2 1 2 9 5 1 6 5 2 4 9 6 1 3 0  R20: 0 6 1 0  R21: 0 4 5 8 6 0  R22: 0 5 9 5 2 7 2 9 5 10 9 2 8 4 1 10 6 3 5 9 7 2 4 8 10 3 0  R23: 0 2 5 9 2 9 2 1 5 4 9 1 6 7 11 1 4 11 2 9 8 1 10 0  
[1525103.5, 10308.0]	552682,879,175,26,5476,859,6753,0.17307692307692313	 250 R1: 0 4 2 9 3 10 5 1 5 3 4 2 9 6 3 9 5 4 2 9 7 0  R2: 0 8 6 0  R3: 0 1 3 2 5 10 2 9 10 4 8 3 6 4 2 9 5 1 6 7 3 4 6 2 10 8 3 4 0  R4: 0 9 7 9 6 11 0  R5: 0 7 5 2 3 5 11 0  R6: 0 5 9 2 9 0  R7: 0 1 4 7 2 0  R8: 0 2 1 8 0  R9: 0 5 9 1 5 1 8 2 5 3 0  R10: 0 3 1 9 5 8 3 2 11 10 4 10 5 10 6 10 6 4 5 11 6 10 4 6 5 10 6 9 0  R11: 0 11 10 11 3 7 6 7 1 7 3 4 8 3 10 2 0  R12: 0 5 2 9 0  R13: 0 2 5 0  R14: 0 6 1 5 0  R15: 0 8 6 11 7 6 2 3 7 4 3 1 2 8 9 8 10 11 1 5 6 5 9 11 4 3 0  R16: 0 2 9 0  R17: 0 9 4 9 5 9 7 10 11 8 7 11 5 9 1 11 8 4 2 6 5 3 7 11 0  R18: 0 1 3 0  R19: 0 6 9 5 1 8 1 2 1 5 8 1 6 9 1 11 9 10 2 0  R20: 0 1 5 1 3 8 1 5 8 9 11 4 11 4 10 0  R21: 0 5 3 2 11 5 7 1 0  R22: 0 7 2 5 2 5 7 0  R23: 0 1 5 7 9 7 2 9 1 3 2 6 10 3 11 0  R24: 0 9 10 5 10 6 4 11 5 8 2 3 4 5 7 9 6 3 10 5 4 1 8 3 6 0  R25: 0 1 5 2 8 5 0  R26: 0 5 11 3 8 11 5 3 8 4 7 1 11 5 3 10 7 8 4 7 8 1 11 2 0  
[1553883.5, 11964.0]	586802,1048,191,27,5550,997,6709,0.2407407407407407	 250 R1: 0 6 11 0  R2: 0 2 8 4 3 2 0  R3: 0 5 2 5 9 2 9 3 0  R4: 0 3 10 6 3 11 1 3 11 9 7 3 4 10 5 9 6 8 6 5 2 9 7 3 0  R5: 0 2 5 9 2 8 9 2 5 3 6 1 8 3 10 4 11 9 1 5 6 5 11 7 8 9 0  R6: 0 1 5 4 0  R7: 0 2 5 9 3 2 10 1 10 11 7 2 8 5 10 4 10 1 2 8 9 0  R8: 0 7 3 0  R9: 0 3 10 0  R10: 0 2 9 0  R11: 0 8 4 8 7 1 6 0  R12: 0 10 6 10 4 6 9 0  R13: 0 1 3 1 5 9 8 1 10 7 5 10 9 1 7 6 7 1 10 8 11 3 0  R14: 0 4 11 5 11 9 11 8 6 7 4 1 2 11 8 0  R15: 0 1 5 11 2 1 11 5 3 4 8 11 10 0  R16: 0 6 10 7 2 4 1 6 5 8 10 3 10 6 5 7 2 11 6 5 3 7 4 1 2 9 0  R17: 0 7 5 11 0  R18: 0 7 5 1 5 8 5 3 0  R19: 0 7 1 3 7 10 4 2 9 6 10 0  R20: 0 1 5 1 5 2 9 3 0  R21: 0 9 11 0  R22: 0 2 7 3 4 5 7 3 10 4 5 2 1 6 8 9 5 9 7 9 11 5 9 4 6 0  R23: 0 3 5 0  R24: 0 6 1 0  R25: 0 4 2 5 9 1 10 2 5 6 8 3 4 3 5 1 9 4 7 3 6 10 9 1 11 0  R26: 0 5 1 5 3 5 9 10 7 6 2 1 5 11 2 3 4 10 8 1 9 2 4 7 6 10 0  R27: 0 2 9 3 2 5 9 10 3 2 6 4 5 4 9 8 2 6 7 4 6 8 3 11 1 0  
[1554592.375, 11856.0]	554581,1208,172,23,5617,988,6849,0.1630434782608695	 250 R1: 0 5 2 5 9 11 7 10 8 4 3 1 2 9 10 6 2 8 2 4 8 6 5 0  R2: 0 10 9 7 4 0  R3: 0 1 3 5 10 7 2 9 0  R4: 0 4 8 0  R5: 0 6 2 8 5 6 1 11 9 11 7 10 6 4 9 8 3 10 2 5 11 9 4 1 0  R6: 0 5 3 5 2 9 4 9 2 5 9 6 11 0  R7: 0 3 5 9 7 9 8 6 2 3 2 5 1 8 10 3 6 5 4 5 3 1 2 10 8 1 11 3 0  R8: 0 1 5 7 3 4 3 5 0  R9: 0 7 10 7 6 10 8 1 10 3 9 10 5 4 1 11 1 6 3 9 4 11 6 5 0  R10: 0 4 11 7 0  R11: 0 1 5 8 5 7 3 2 4 5 6 1 4 1 10 2 7 9 5 8 6 3 4 10 0  R12: 0 9 1 11 8 4 5 9 7 10 7 3 10 9 1 11 4 7 2 8 6 1 5 3 0  R13: 0 7 1 0  R14: 0 11 10 9 7 1 7 11 5 2 10 9 6 11 0  R15: 0 4 1 8 5 1 11 10 2 7 10 5 4 7 5 7 1 8 6 2 3 4 9 6 0  R16: 0 1 5 3 4 7 6 2 9 6 5 0  R17: 0 9 5 0  R18: 0 1 3 5 2 1 9 4 5 0  R19: 0 11 1 2 10 8 7 6 11 8 1 10 11 5 6 11 7 2 3 9 0  R20: 0 1 5 2 5 2 9 4 0  R21: 0 2 5 2 9 0  R22: 0 10 1 11 3 4 0  R23: 0 2 3 2 5 9 3 5 2 3 6 7 2 8 3 9 7 3 5 9 10 9 4 11 1 0  
[1629843.0, 12072.0]	583867,1262,185,26,5865,1006,6597,0.1923076923076923	 250 R1: 0 5 3 5 10 11 7 10 2 10 4 10 1 5 1 6 4 3 7 3 5 3 4 9 8 0  R2: 0 9 11 8 10 0  R3: 0 5 1 4 5 7 4 6 9 1 7 11 5 10 2 8 10 4 10 6 5 3 4 10 9 0  R4: 0 10 11 6 3 0  R5: 0 3 1 5 3 5 9 6 7 5 1 10 5 4 1 3 6 11 4 7 2 8 9 3 0  R6: 0 1 5 4 3 0  R7: 0 2 5 2 9 0  R8: 0 3 9 7 3 10 11 0  R9: 0 2 8 5 0  R10: 0 2 9 0  R11: 0 9 6 0  R12: 0 1 3 7 5 11 9 5 1 11 6 11 5 6 7 10 1 4 9 10 1 2 4 6 11 3 0  R13: 0 2 1 2 9 0  R14: 0 6 4 5 2 4 8 10 6 1 8 9 3 5 4 11 6 4 11 9 1 7 2 6 5 0  R15: 0 9 10 0  R16: 0 1 5 3 0  R17: 0 1 5 0  R18: 0 8 1 8 4 3 0  R19: 0 5 1 5 6 1 9 0  R20: 0 7 10 8 3 2 9 5 2 10 4 6 2 3 5 7 8 9 5 2 11 6 1 9 10 4 11 7 0  R21: 0 7 1 5 3 2 9 11 8 5 7 4 1 10 6 1 2 8 6 2 4 3 0  R22: 0 11 2 5 1 2 9 2 5 2 5 3 8 0  R23: 0 1 5 3 8 1 6 0  R24: 0 9 3 2 5 9 8 1 9 2 3 10 6 3 6 8 1 7 4 8 1 9 5 11 1 9 11 8 0  R25: 0 7 5 9 7 1 2 3 7 9 5 10 8 1 11 4 0  R26: 0 5 2 5 9 7 10 11 8 2 3 4 6 10 5 1 9 2 4 9 8 10 7 2 1 8 3 9 11 0  
[1604257.75, 10392.0]	595469,1162,170,27,5748,866,6662,0.2129629629629629	 250 R1: 0 11 9 0  R2: 0 9 11 7 0  R3: 0 10 6 0  R4: 0 5 9 5 9 2 3 1 5 11 2 6 8 7 5 1 5 7 11 1 3 6 0  R5: 0 6 5 6 9 0  R6: 0 3 5 3 10 4 3 8 1 5 1 8 9 11 4 5 7 4 1 7 5 3 10 4 9 11 2 8 0  R7: 0 4 11 1 11 5 4 10 9 8 1 3 5 1 4 6 5 10 6 1 3 7 11 0  R8: 0 2 5 2 4 2 1 9 8 4 6 11 8 7 2 10 0  R9: 0 8 3 4 0  R10: 0 1 5 3 4 0  R11: 0 2 5 0  R12: 0 10 4 1 8 0  R13: 0 10 6 5 4 6 5 9 10 2 10 5 7 5 4 3 4 1 6 4 3 7 10 1 2 9 1 6 5 11 9 8 0  R14: 0 3 5 7 10 3 10 6 1 2 9 11 3 6 10 4 3 6 10 8 3 0  R15: 0 8 1 4 2 9 7 1 0  R16: 0 1 3 1 8 6 1 9 6 10 2 11 5 3 1 9 8 2 9 6 10 7 0  R17: 0 2 3 0  R18: 0 9 1 5 2 5 2 9 8 6 1 9 10 5 9 11 7 3 2 5 6 9 8 0  R19: 0 1 5 2 5 7 6 2 10 9 5 6 10 3 0  R20: 0 7 1 7 9 7 11 5 0  R21: 0 1 3 5 7 1 0  R22: 0 9 11 2 5 9 2 9 4 6 7 2 3 1 5 1 10 6 3 4 8 1 2 4 8 3 7 0  R23: 0 8 5 2 9 0  R24: 0 4 5 2 7 4 1 5 2 9 11 5 7 2 3 0  R25: 0 1 3 5 0  R26: 0 7 3 5 0  R27: 0 5 3 10 5 7 2 9 11 10 7 3 6 10 8 4 10 9 4 11 6 1 5 10 1 9 11 2 0  
[1469761.0, 11724.0]	554755,1224,174,22,5285,977,7253,0.18181818181818177	 250 R1: 0 5 9 1 11 5 6 8 5 2 1 7 10 1 3 8 5 10 4 6 10 6 5 9 0  R2: 0 4 3 8 1 6 10 4 11 10 6 9 7 2 5 9 2 5 3 8 11 0  R3: 0 1 5 4 5 3 2 9 10 2 7 5 10 3 4 1 6 11 3 10 4 1 2 8 9 7 0  R4: 0 10 1 5 7 6 7 3 5 9 10 6 8 1 11 0  R5: 0 8 4 0  R6: 0 1 5 1 3 2 1 9 11 2 6 10 5 8 11 4 0  R7: 0 3 10 3 10 0  R8: 0 1 5 1 6 2 5 3 9 6 9 5 4 11 0  R9: 0 9 10 0  R10: 0 5 7 9 7 0  R11: 0 6 5 0  R12: 0 8 9 2 11 1 3 0  R13: 0 3 5 7 5 4 10 9 5 1 4 8 4 3 6 11 4 10 3 5 1 11 6 7 2 4 9 8 3 0  R14: 0 4 5 8 6 2 10 6 1 10 9 1 6 2 9 8 3 10 3 10 5 0  R15: 0 1 5 1 5 9 7 2 9 7 1 9 2 6 3 4 11 10 8 0  R16: 0 2 5 9 2 9 0  R17: 0 8 4 3 0  R18: 0 9 11 9 11 9 7 10 2 5 1 8 9 6 5 7 1 11 6 9 7 3 10 5 9 11 4 8 0  R19: 0 2 5 8 1 0  R20: 0 2 8 3 2 5 4 11 5 7 2 3 4 3 6 4 7 4 11 9 1 6 8 3 0  R21: 0 7 1 7 2 9 3 5 11 6 0  R22: 0 2 5 8 5 9 3 7 3 1 10 6 3 5 1 6 4 2 6 1 5 11 9 1 11 8 0  
[1573763.875, 9816.0]	583536,873,178,28,5628,818,6580,0.2321428571428571	 250 R1: 0 4 11 0  R2: 0 1 5 3 2 5 1 4 9 2 3 10 6 10 5 7 2 1 3 10 4 6 1 5 8 11 0  R3: 0 11 8 4 3 0  R4: 0 9 7 9 3 5 10 9 3 6 8 1 2 11 10 7 0  R5: 0 5 9 8 6 1 0  R6: 0 5 4 6 10 5 9 2 10 5 1 4 3 6 8 9 11 4 7 3 10 5 9 6 11 8 0  R7: 0 3 7 10 2 9 8 7 1 5 11 6 7 10 11 2 4 7 1 10 8 9 3 2 4 1 0  R8: 0 5 9 2 9 0  R9: 0 5 4 5 2 9 3 11 8 4 1 6 4 5 1 9 3 4 5 3 2 4 7 0  R10: 0 6 5 8 3 0  R11: 0 3 2 3 10 2 9 11 5 0  R12: 0 11 3 9 0  R13: 0 2 5 1 3 8 0  R14: 0 10 9 10 9 1 4 11 1 6 9 2 5 9 4 0  R15: 0 11 4 3 7 0  R16: 0 10 11 0  R17: 0 7 10 0  R18: 0 8 1 2 5 9 8 6 1 10 5 1 9 6 4 6 3 2 9 7 10 6 11 8 0  R19: 0 1 5 1 3 2 9 6 5 4 5 7 5 6 11 8 3 7 10 5 10 1 4 3 10 6 11 9 5 8 0  R20: 0 1 3 5 0  R21: 0 1 3 5 0  R22: 0 1 5 1 4 5 7 3 10 0  R23: 0 7 10 7 9 8 5 1 4 2 3 1 2 6 1 11 9 10 5 8 4 1 11 9 0  R24: 0 2 5 7 2 9 8 1 0  R25: 0 7 3 5 0  R26: 0 4 1 0  R27: 0 6 1 7 2 9 0  R28: 0 5 9 11 8 7 6 5 10 3 1 5 8 2 1 10 6 5 1 9 6 10 4 8 3 11 7 2 0  
[1585892.625, 11304.0]	578183,1129,166,27,5685,942,6709,0.19444444444444442	 250 R1: 0 1 5 8 3 4 2 9 2 10 7 5 0  R2: 0 10 6 3 4 0  R3: 0 1 7 9 8 1 5 4 0  R4: 0 3 11 3 2 5 9 2 3 11 9 4 3 1 11 1 11 10 9 5 4 3 8 6 0  R5: 0 1 6 9 1 8 2 0  R6: 0 10 1 8 6 0  R7: 0 10 5 2 7 4 2 0  R8: 0 3 5 9 3 7 10 5 11 6 2 1 9 11 8 7 4 10 7 3 10 4 8 3 0  R9: 0 5 8 5 9 3 2 11 6 10 9 5 11 0  R10: 0 8 4 0  R11: 0 2 5 9 1 7 10 8 4 1 11 10 5 6 1 4 3 2 9 11 6 7 8 3 0  R12: 0 2 5 2 9 0  R13: 0 8 10 0  R14: 0 9 11 1 6 5 1 6 5 4 2 9 7 11 3 0  R15: 0 2 5 2 4 11 5 4 6 9 10 3 5 1 8 3 10 4 2 9 6 10 7 0  R16: 0 9 2 1 5 9 2 5 1 5 4 6 4 9 3 5 9 7 9 1 8 0  R17: 0 2 9 0  R18: 0 10 2 10 6 5 9 8 1 10 3 4 5 2 4 7 10 3 5 3 10 8 3 6 1 5 2 0  R19: 0 1 5 1 3 5 9 4 0  R20: 0 8 2 3 0  R21: 0 1 5 1 3 7 5 2 0  R22: 0 5 6 5 1 0  R23: 0 7 1 5 8 7 3 6 2 8 1 4 0  R24: 0 9 5 10 9 4 10 5 6 9 3 6 11 8 1 6 7 10 6 4 8 7 2 4 11 9 8 1 0  R25: 0 7 1 0  R26: 0 1 5 7 11 5 3 0  R27: 0 4 11 5 1 3 6 7 2 3 5 1 9 2 8 4 11 8 1 5 9 1 7 11 0  
[1622201.375, 12012.0]	593094,1101,172,30,5777,1001,6568,0.30000000000000004	 250 R1: 0 1 5 3 8 10 2 10 6 3 4 5 7 2 1 8 9 4 11 9 11 7 2 1 11 10 8 0  R2: 0 11 9 0  R3: 0 11 8 0  R4: 0 5 9 5 9 8 9 2 5 10 9 2 3 4 1 9 10 4 10 2 4 10 7 6 9 0  R5: 0 9 11 0  R6: 0 5 2 5 7 10 8 6 2 5 8 1 7 2 8 10 3 9 10 0  R7: 0 3 1 3 4 1 8 2 3 2 4 5 9 7 10 3 5 6 1 11 2 8 7 9 4 3 2 1 0  R8: 0 11 6 0  R9: 0 2 5 0  R10: 0 8 4 0  R11: 0 11 4 0  R12: 0 7 1 7 4 0  R13: 0 2 5 0  R14: 0 7 9 5 3 0  R15: 0 4 9 3 1 5 4 5 7 4 3 6 0  R16: 0 6 5 4 6 9 0  R17: 0 7 10 0  R18: 0 10 7 8 4 3 5 9 10 8 6 10 11 8 5 4 9 3 5 9 7 2 4 8 1 3 0  R19: 0 8 1 3 8 0  R20: 0 1 5 1 3 2 4 9 0  R21: 0 11 5 2 5 11 9 10 7 8 10 1 3 6 5 9 4 11 9 6 5 9 7 3 0  R22: 0 1 5 3 6 7 6 2 0  R23: 0 7 1 2 9 0  R24: 0 9 11 9 10 0  R25: 0 1 5 1 3 4 2 9 0  R26: 0 2 5 9 2 9 7 1 2 5 3 4 2 4 1 6 10 3 10 1 2 8 6 11 9 0  R27: 0 1 5 7 5 11 7 3 0  R28: 0 5 3 10 4 5 9 2 9 4 6 1 5 9 1 8 3 11 6 3 2 6 1 10 9 5 7 11 0  R29: 0 2 8 2 1 5 11 6 10 4 6 11 10 6 1 11 3 5 1 2 9 8 6 7 0  R30: 0 3 6 10 0  
[1490034.25, 11256.0]	556484,995,177,22,5380,938,6880,0.1477272727272727	 250 R1: 0 4 7 3 8 9 6 2 9 7 2 4 9 5 1 8 1 9 1 10 11 9 0  R2: 0 1 5 3 8 10 2 10 6 3 4 5 7 2 1 8 9 4 11 9 11 7 2 1 11 10 8 0  R3: 0 8 4 5 9 1 3 8 11 9 10 6 11 4 1 7 1 4 6 10 4 6 9 1 8 0  R4: 0 10 1 4 6 0  R5: 0 1 3 2 5 2 9 4 0  R6: 0 1 3 5 7 1 2 9 0  R7: 0 6 5 2 9 0  R8: 0 11 3 0  R9: 0 3 9 5 2 5 2 9 11 10 8 6 11 0  R10: 0 10 11 5 8 0  R11: 0 4 2 5 7 6 5 9 4 5 10 3 4 8 3 7 3 5 3 10 2 1 0  R12: 0 1 5 1 3 4 11 5 0  R13: 0 7 5 7 9 6 2 9 11 0  R14: 0 2 5 2 1 7 9 10 2 4 8 5 3 7 5 8 1 2 10 6 10 8 11 0  R15: 0 11 9 11 8 5 1 9 2 3 5 9 7 10 6 8 9 5 9 4 7 9 11 8 6 1 0  R16: 0 1 5 7 3 5 0  R17: 0 2 8 5 2 3 4 7 2 3 10 9 2 1 9 7 1 11 10 4 11 7 9 6 5 0  R18: 0 8 3 0  R19: 0 7 8 4 3 0  R20: 0 4 3 4 5 7 11 5 8 3 2 4 6 7 0  R21: 0 5 3 7 5 9 2 9 10 6 5 1 7 5 1 5 2 8 2 10 2 9 6 8 0  R22: 0 2 10 4 5 9 10 2 5 8 4 3 1 6 10 7 3 10 4 9 1 5 9 8 3 11 6 0  
[1638534.625, 11040.0]	574927,1416,181,22,5950,920,6778,0.1477272727272727	 250 R1: 0 7 2 9 0  R2: 0 5 9 11 8 5 1 5 2 11 10 8 3 5 7 9 8 6 7 3 0  R3: 0 6 11 0  R4: 0 10 1 5 2 6 2 9 2 5 4 3 1 3 5 1 11 10 9 5 9 6 11 9 4 0  R5: 0 10 8 2 4 0  R6: 0 7 2 5 7 9 6 0  R7: 0 9 5 9 4 3 5 10 1 5 1 11 2 4 1 8 3 5 3 7 3 10 6 5 0  R8: 0 1 5 3 0  R9: 0 10 4 7 0  R10: 0 3 9 8 2 9 4 5 1 6 5 10 9 3 1 6 3 8 4 6 9 3 1 11 0  R11: 0 1 5 10 2 8 2 11 7 2 5 4 3 6 8 10 5 2 1 6 7 2 8 0  R12: 0 7 1 3 1 8 11 6 4 6 8 1 5 9 4 7 1 4 10 4 9 11 4 6 10 1 3 7 11 8 0  R13: 0 7 9 2 5 9 7 2 11 9 5 7 4 3 1 10 8 2 10 11 2 9 7 6 4 0  R14: 0 11 1 5 9 5 1 10 8 3 4 10 5 7 2 1 10 3 6 1 5 8 0  R15: 0 9 1 3 10 6 5 2 8 9 11 5 9 1 2 9 8 10 4 11 3 10 4 8 3 6 0  R16: 0 1 4 7 1 3 5 0  R17: 0 1 3 5 0  R18: 0 2 5 2 9 0  R19: 0 8 3 0  R20: 0 6 4 0  R21: 0 4 7 8 6 9 2 3 9 7 2 5 1 8 4 10 1 11 9 1 5 9 8 2 7 11 0  R22: 0 2 7 11 2 4 3 7 4 7 5 8 11 4 1 7 4 11 5 2 9 3 0  
[1538503.375, 12408.0]	579544,891,179,24,5544,1034,6491,0.16666666666666663	 250 R1: 0 6 11 0  R2: 0 8 1 2 4 8 1 5 6 1 10 5 6 0  R3: 0 1 3 1 4 10 7 10 11 8 4 1 4 3 4 7 2 11 6 5 9 7 9 1 4 3 0  R4: 0 7 5 0  R5: 0 3 10 2 5 6 7 2 9 7 1 8 11 8 1 6 1 8 3 5 4 7 11 9 2 0  R6: 0 5 7 9 8 2 10 2 1 10 6 7 5 10 3 9 1 8 4 10 6 3 0  R7: 0 10 9 5 9 6 11 4 1 0  R8: 0 1 8 11 2 3 0  R9: 0 6 2 5 7 6 0  R10: 0 9 1 3 10 2 9 4 5 0  R11: 0 1 3 7 2 9 0  R12: 0 3 1 5 4 3 5 9 5 1 4 10 4 1 5 3 5 6 3 2 8 2 6 4 9 0  R13: 0 1 5 1 5 9 1 4 2 3 9 10 6 11 10 11 4 3 5 0  R14: 0 11 2 11 9 0  R15: 0 7 2 9 5 9 11 8 5 1 2 11 8 5 7 6 10 1 3 10 5 9 8 3 4 11 0  R16: 0 7 5 2 9 2 5 1 6 2 5 10 8 1 2 9 7 3 5 7 3 6 4 10 11 9 1 11 8 0  R17: 0 5 3 5 9 3 10 7 5 11 9 2 8 1 10 6 3 10 4 6 1 5 11 7 0  R18: 0 4 8 2 9 4 11 7 0  R19: 0 11 7 11 5 2 8 10 9 5 9 3 7 0  R20: 0 1 3 8 6 5 0  R21: 0 9 5 2 5 10 11 2 9 4 6 9 7 3 6 9 1 6 4 9 4 8 1 3 2 6 5 8 0  R22: 0 8 3 2 9 5 4 2 7 5 7 2 0  R23: 0 1 5 0  R24: 0 6 1 9 0  
[1567411.625, 11364.0]	562666,1351,168,24,5639,947,6994,0.22916666666666663	 250 R1: 0 7 2 9 0  R2: 0 3 11 2 9 0  R3: 0 1 3 10 7 3 4 5 1 10 3 4 10 4 7 2 9 7 5 7 4 2 6 8 1 7 3 5 4 2 0  R4: 0 5 9 5 2 4 5 1 2 5 9 6 2 4 3 1 10 6 3 5 3 10 11 8 3 7 0  R5: 0 8 5 9 5 9 10 8 2 3 11 4 5 7 10 8 10 6 4 2 9 5 0  R6: 0 7 10 0  R7: 0 1 5 10 1 6 2 1 2 3 6 5 1 9 4 1 10 5 1 4 2 11 9 3 6 7 8 0  R8: 0 4 6 0  R9: 0 6 8 2 5 6 11 8 1 4 3 6 4 8 1 10 1 2 11 5 6 5 1 11 9 0  R10: 0 1 3 1 3 5 0  R11: 0 8 3 1 0  R12: 0 3 9 4 7 8 5 1 9 6 7 8 5 10 1 0  R13: 0 10 5 0  R14: 0 2 5 7 9 2 9 1 0  R15: 0 1 5 1 5 9 2 9 2 4 6 11 9 5 9 1 2 1 11 3 4 9 5 10 7 6 10 0  R16: 0 9 7 1 11 8 1 8 1 7 5 8 6 1 11 10 6 9 3 7 9 8 2 4 9 3 11 8 0  R17: 0 2 5 7 6 0  R18: 0 1 3 4 5 0  R19: 0 2 5 8 2 9 7 2 3 10 11 9 11 4 1 7 1 5 3 5 3 10 6 1 0  R20: 0 1 8 0  R21: 0 2 5 0  R22: 0 11 5 9 5 11 2 1 5 3 5 8 10 4 9 1 7 6 0  R23: 0 6 9 1 8 0  R24: 0 2 7 5 9 11 2 3 7 10 3 10 3 1 6 4 10 6 10 4 7 5 9 8 11 9 0  
[1571373.0, 11424.0]	576410,1402,187,25,5628,952,7068,0.28	 250 R1: 0 6 5 2 9 1 6 0  R2: 0 1 5 8 4 3 5 1 9 2 5 3 7 10 1 2 8 1 4 7 9 2 11 0  R3: 0 11 4 9 5 11 8 0  R4: 0 9 7 11 0  R5: 0 8 1 0  R6: 0 2 3 5 8 10 0  R7: 0 10 1 0  R8: 0 5 2 5 9 2 5 8 6 1 3 1 6 4 6 11 6 5 4 3 2 4 11 9 6 10 0  R9: 0 3 9 10 0  R10: 0 2 5 2 9 4 9 11 10 5 6 11 9 0  R11: 0 2 9 0  R12: 0 10 11 9 4 3 0  R13: 0 1 3 1 8 1 5 9 8 4 1 2 9 6 3 7 9 4 2 11 6 5 10 3 0  R14: 0 7 5 7 2 0  R15: 0 1 5 1 8 5 9 7 3 8 1 8 1 9 1 5 10 4 0  R16: 0 6 7 2 1 11 5 6 7 6 5 3 11 10 4 0  R17: 0 1 5 1 5 9 1 4 11 5 9 5 9 11 10 3 7 4 9 5 1 2 8 9 0  R18: 0 7 2 9 7 2 9 5 1 11 2 3 10 3 6 3 5 1 4 8 10 3 10 9 2 1 6 11 0  R19: 0 7 1 3 2 5 11 9 10 6 11 8 4 0  R20: 0 11 8 0  R21: 0 9 5 10 2 5 9 2 9 10 4 10 3 10 6 10 6 2 9 1 10 8 3 6 11 4 8 10 7 0  R22: 0 1 5 10 8 11 7 0  R23: 0 6 1 9 0  R24: 0 4 7 5 9 7 1 4 6 7 3 4 7 2 3 4 3 4 9 8 5 2 1 5 7 8 3 9 6 0  R25: 0 5 10 2 5 8 3 7 2 5 1 4 8 5 7 1 6 10 4 5 3 11 1 11 7 0  
[1628323.375, 11064.0]	565116,1285,166,21,5932,922,6684,0.1428571428571429	 250 R1: 0 8 11 7 6 2 10 0  R2: 0 2 9 0  R3: 0 1 5 10 6 8 3 4 11 5 6 7 5 6 11 3 1 11 1 4 1 8 4 7 2 10 0  R4: 0 7 2 5 9 7 6 11 0  R5: 0 1 5 7 5 3 5 1 4 9 11 6 10 9 5 7 1 2 9 5 3 4 9 1 10 6 7 0  R6: 0 2 6 2 8 9 0  R7: 0 1 3 8 1 3 7 5 0  R8: 0 6 5 2 9 5 1 6 8 1 4 3 1 2 5 1 8 10 4 11 5 9 11 6 0  R9: 0 9 2 1 5 2 9 3 11 9 11 10 6 4 11 3 8 3 2 4 6 7 0  R10: 0 1 3 7 1 2 9 5 3 0  R11: 0 3 7 2 9 1 5 9 7 8 2 1 11 8 3 5 7 4 8 10 1 11 9 5 6 0  R12: 0 1 5 1 2 5 8 1 2 10 5 10 3 4 7 10 6 10 6 5 2 1 9 6 4 7 3 0  R13: 0 2 5 9 2 9 5 9 2 10 9 1 6 5 4 9 3 10 4 9 11 7 8 0  R14: 0 11 8 10 2 8 5 4 10 11 5 0  R15: 0 9 3 2 5 9 2 9 10 5 1 5 7 2 8 1 7 3 5 11 3 10 9 0  R16: 0 7 2 0  R17: 0 2 5 2 9 10 8 2 5 1 3 4 3 1 2 6 4 11 9 6 10 6 5 1 11 7 0  R18: 0 7 3 0  R19: 0 1 4 5 0  R20: 0 4 3 5 9 10 11 6 3 9 11 1 8 9 10 4 1 2 11 4 8 3 6 7 0  R21: 0 5 6 1 5 3 0  
[1575460.875, 10680.0]	577706,1207,180,23,5691,890,6819,0.1630434782608695	 250 R1: 0 2 9 7 10 0  R2: 0 5 2 5 9 5 8 2 3 9 11 6 1 11 7 3 1 2 4 5 8 11 6 0  R3: 0 1 3 2 5 9 3 7 2 3 1 9 1 2 9 8 7 3 1 5 8 10 0  R4: 0 8 11 7 2 9 2 10 1 6 8 3 4 5 7 3 1 10 6 1 5 11 6 5 4 7 9 0  R5: 0 2 4 3 9 0  R6: 0 7 4 5 9 5 1 11 8 10 4 1 6 1 7 9 2 5 3 10 9 11 8 0  R7: 0 1 5 2 5 3 2 9 10 6 10 4 6 7 5 10 6 4 9 3 2 1 9 1 7 2 11 8 0  R8: 0 1 3 8 6 5 0  R9: 0 6 1 11 8 2 7 5 1 11 3 4 6 3 5 1 4 8 10 2 9 5 6 9 1 3 0  R10: 0 5 2 5 9 10 4 9 2 5 10 9 11 4 8 10 4 7 9 7 11 6 0  R11: 0 1 3 0  R12: 0 3 10 9 3 2 10 1 4 9 5 10 6 11 7 10 6 3 5 7 11 3 9 0  R13: 0 11 4 6 5 0  R14: 0 1 5 1 4 5 3 0  R15: 0 7 5 7 10 5 9 11 7 11 5 1 4 7 2 1 10 6 9 8 2 3 4 6 9 8 3 10 11 0  R16: 0 8 5 3 0  R17: 0 9 1 11 9 7 2 9 8 5 9 7 5 10 0  R18: 0 7 6 0  R19: 0 5 2 10 3 5 7 2 5 9 1 5 9 11 6 0  R20: 0 2 5 8 1 0  R21: 0 1 5 0  R22: 0 6 5 6 4 9 0  R23: 0 2 1 7 5 9 5 1 6 8 1 5 4 2 9 6 11 6 2 3 10 9 6 4 1 11 7 0  
[1510658.75, 12096.0]	567416,1130,157,23,5427,1008,6831,0.2717391304347826	 250 R1: 0 1 8 4 2 0  R2: 0 1 3 10 9 1 5 3 2 5 2 3 10 5 9 7 2 4 9 6 4 1 11 9 8 0  R3: 0 8 1 7 4 2 3 7 4 5 1 9 11 8 9 5 1 9 4 6 7 2 5 11 9 8 0  R4: 0 10 6 1 3 7 6 10 2 8 1 11 8 5 7 1 11 6 2 6 5 3 4 6 8 10 0  R5: 0 9 11 0  R6: 0 6 10 11 0  R7: 0 1 3 5 9 2 9 5 1 4 6 1 3 10 4 1 8 2 5 9 7 9 6 1 8 0  R8: 0 2 9 2 9 0  R9: 0 5 9 2 9 0  R10: 0 3 1 5 3 9 2 3 0  R11: 0 1 5 7 4 5 6 9 8 7 3 10 11 4 11 1 9 4 10 1 11 3 4 0  R12: 0 7 5 1 5 2 5 8 1 6 5 7 5 7 2 3 0  R13: 0 2 5 2 1 3 9 2 3 10 3 7 10 6 1 8 3 5 2 6 5 1 11 4 10 0  R14: 0 9 11 6 7 11 2 9 10 11 10 4 1 6 4 3 7 2 7 3 9 6 8 0  R15: 0 2 5 7 2 9 6 11 9 5 8 1 3 7 1 5 1 2 11 7 8 3 6 4 0  R16: 0 8 3 0  R17: 0 1 5 8 5 6 0  R18: 0 6 9 1 0  R19: 0 3 8 10 3 0  R20: 0 8 1 0  R21: 0 2 5 0  R22: 0 5 10 5 2 10 11 7 11 10 3 4 5 4 3 2 9 3 7 9 10 4 6 5 8 0  R23: 0 2 9 7 10 5 9 2 8 3 5 9 6 1 11 7 4 8 3 1 5 9 11 10 0  
[1624084.25, 11136.0]	564853,1129,182,24,5875,928,6500,0.22916666666666663	 250 R1: 0 6 5 10 6 2 4 9 0  R2: 0 2 5 9 2 9 2 9 5 2 3 1 10 6 5 7 4 2 8 4 3 2 8 0  R3: 0 1 3 8 10 4 2 5 3 1 9 2 8 1 10 6 5 7 3 1 5 9 11 10 0  R4: 0 9 6 0  R5: 0 10 6 1 3 1 8 1 9 6 10 3 9 7 4 9 3 8 3 10 11 0  R6: 0 8 1 5 9 2 9 8 10 7 8 1 6 4 0  R7: 0 2 4 2 9 0  R8: 0 10 1 9 7 0  R9: 0 10 4 0  R10: 0 6 2 5 9 0  R11: 0 11 3 0  R12: 0 3 7 1 3 2 5 3 6 7 2 3 10 6 1 6 7 2 10 4 7 1 5 2 4 9 8 0  R13: 0 1 5 7 5 10 9 7 2 6 10 11 9 5 9 2 8 11 6 3 1 2 5 11 9 8 0  R14: 0 11 8 6 1 0  R15: 0 11 5 8 7 5 11 5 2 6 5 1 11 8 6 3 4 9 4 11 9 6 2 5 7 0  R16: 0 9 1 11 5 3 11 7 1 4 9 6 10 9 1 5 1 3 5 9 5 9 11 0  R17: 0 1 3 5 2 9 0  R18: 0 10 3 2 5 0  R19: 0 1 5 0  R20: 0 7 1 2 3 1 5 11 7 8 5 4 3 9 0  R21: 0 2 5 0  R22: 0 4 11 1 5 1 4 6 2 5 3 9 10 4 0  R23: 0 4 8 5 6 9 4 5 1 7 9 3 1 7 2 8 4 6 10 1 8 3 0  R24: 0 2 9 2 7 2 9 5 4 8 4 3 6 8 1 4 1 2 6 9 1 7 11 9 1 11 10 2 0  
[1602760.25, 11784.0]	581293,1061,184,27,5747,982,6563,0.25	 250 R1: 0 1 3 9 10 8 1 9 2 3 8 9 1 6 7 8 9 4 1 5 11 5 9 8 0  R2: 0 6 11 1 11 5 7 2 1 6 9 5 10 6 7 8 0  R3: 0 7 2 11 7 5 10 0  R4: 0 3 11 9 3 10 0  R5: 0 9 5 8 4 3 0  R6: 0 10 6 5 9 1 2 5 4 9 8 7 2 9 6 10 0  R7: 0 3 7 3 9 2 4 2 3 7 9 5 2 10 6 1 7 1 11 10 6 3 5 2 7 11 9 4 0  R8: 0 2 5 7 1 2 6 0  R9: 0 6 9 0  R10: 0 1 5 4 3 2 9 0  R11: 0 2 5 0  R12: 0 7 10 0  R13: 0 10 2 10 4 7 2 9 10 3 2 7 2 3 4 1 6 7 10 4 7 9 5 9 1 5 6 5 11 8 0  R14: 0 10 4 0  R15: 0 6 5 2 9 10 6 2 5 1 8 4 9 3 9 5 7 2 6 3 10 9 8 1 3 11 0  R16: 0 9 10 0  R17: 0 8 3 1 2 0  R18: 0 1 5 2 5 9 2 9 2 7 8 10 0  R19: 0 11 8 1 8 5 1 11 8 3 11 4 11 5 1 8 2 6 5 9 4 8 0  R20: 0 1 3 5 9 2 9 7 1 8 6 11 6 0  R21: 0 9 1 11 5 9 5 9 3 11 9 7 5 10 9 11 0  R22: 0 1 3 5 2 1 9 0  R23: 0 7 3 0  R24: 0 1 5 4 2 5 11 5 0  R25: 0 4 8 3 5 6 4 6 1 10 3 8 10 6 3 10 1 7 9 4 8 5 6 0  R26: 0 2 5 2 10 2 5 1 4 9 10 6 2 8 3 5 1 2 7 2 1 9 11 0  R27: 0 5 3 4 6 0  
[1629519.875, 11112.0]	572912,1342,183,23,5899,926,6667,0.2065217391304348	 250 R1: 0 8 6 0  R2: 0 1 3 9 10 8 1 9 2 3 8 9 1 6 7 8 9 4 1 5 11 5 9 11 2 0  R3: 0 9 3 10 7 0  R4: 0 8 6 1 8 1 11 5 2 5 3 6 7 10 9 8 6 5 7 10 4 6 11 9 10 1 8 0  R5: 0 10 6 1 5 4 3 0  R6: 0 7 10 7 5 2 9 2 10 4 5 6 1 6 10 5 1 7 5 1 2 8 1 5 11 0  R7: 0 1 5 3 11 7 6 7 11 9 1 10 5 4 3 0  R8: 0 1 5 3 0  R9: 0 9 5 2 5 4 8 3 6 1 5 11 4 8 10 0  R10: 0 1 3 5 0  R11: 0 3 9 0  R12: 0 8 2 3 0  R13: 0 1 5 1 5 2 3 1 4 7 0  R14: 0 7 11 7 3 9 5 2 5 7 5 2 3 4 6 10 6 4 9 10 1 9 11 3 1 11 8 0  R15: 0 2 5 9 2 9 10 4 10 7 4 6 2 9 1 10 6 3 2 6 5 2 4 9 8 0  R16: 0 8 4 3 0  R17: 0 9 2 7 9 2 5 4 3 7 3 9 1 2 11 10 7 6 10 4 3 7 2 9 6 5 10 8 0  R18: 0 8 5 2 9 11 8 11 8 6 3 0  R19: 0 2 5 9 2 8 9 10 3 11 9 3 5 1 6 11 1 9 7 2 1 10 0  R20: 0 2 5 7 2 9 6 1 9 5 10 9 1 5 7 2 3 7 3 5 3 8 3 11 0  R21: 0 5 9 0  R22: 0 8 10 1 0  R23: 0 4 3 5 9 2 3 8 1 8 7 2 1 11 4 9 10 5 9 6 4 0  
[1627227.375, 11352.0]	561062,1351,173,21,5922,946,6678,0.1785714285714286	 250 R1: 0 4 2 9 2 11 8 3 7 2 1 6 3 8 10 3 1 4 6 0  R2: 0 2 5 7 2 9 8 9 5 2 5 11 8 1 4 0  R3: 0 8 6 1 3 10 8 9 2 3 6 1 4 9 8 9 5 9 11 5 1 9 11 10 4 0  R4: 0 10 5 10 7 6 5 9 3 7 3 6 10 11 2 5 7 1 11 6 9 5 4 8 3 0  R5: 0 10 6 0  R6: 0 1 3 5 10 8 1 5 1 6 1 9 7 5 11 10 8 1 2 5 7 3 1 5 9 6 10 0  R7: 0 5 9 5 1 5 9 4 6 5 2 3 4 1 5 1 7 3 10 1 4 7 2 8 0  R8: 0 1 3 4 0  R9: 0 6 5 6 1 9 0  R10: 0 3 1 5 2 3 2 5 2 10 4 9 3 9 1 5 3 8 7 2 9 1 11 10 6 0  R11: 0 11 6 0  R12: 0 7 1 3 11 7 2 9 7 1 8 5 1 2 8 6 7 10 1 4 3 6 10 8 3 2 0  R13: 0 1 3 5 8 3 5 0  R14: 0 11 5 9 7 2 9 4 10 11 6 11 4 3 7 3 5 1 10 4 9 6 8 6 5 7 0  R15: 0 2 5 2 9 8 1 2 3 10 5 0  R16: 0 1 5 1 2 4 5 0  R17: 0 3 5 11 9 3 0  R18: 0 1 3 5 0  R19: 0 11 5 0  R20: 0 5 9 7 11 8 6 5 6 9 10 8 1 6 7 2 5 10 4 1 8 2 11 9 3 4 0  R21: 0 2 7 5 4 6 2 9 2 8 5 10 3 4 3 9 10 11 6 2 8 6 1 0  
[1546836.25, 11496.0]	579757,1097,162,24,5565,958,6759,0.19791666666666663	 250 R1: 0 8 2 3 9 0  R2: 0 1 5 3 0  R3: 0 8 1 2 9 7 6 4 11 9 10 6 5 4 3 0  R4: 0 1 3 2 5 9 2 3 9 10 3 5 10 6 7 10 9 8 6 5 11 3 9 10 0  R5: 0 2 10 6 8 0  R6: 0 10 1 0  R7: 0 5 1 3 2 9 7 10 8 7 3 1 5 1 11 6 2 6 7 1 8 4 0  R8: 0 3 1 3 1 5 3 9 2 5 4 3 1 6 3 9 11 2 9 7 4 0  R9: 0 1 5 2 5 2 9 0  R10: 0 8 1 8 2 3 4 0  R11: 0 11 6 11 8 0  R12: 0 7 5 3 0  R13: 0 7 11 10 8 5 1 7 3 1 5 9 6 2 9 5 1 4 7 10 4 6 7 2 8 11 0  R14: 0 7 9 7 1 11 0  R15: 0 1 5 3 2 9 0  R16: 0 9 10 9 3 6 10 11 5 6 9 1 10 4 3 6 3 8 10 5 1 5 6 1 9 1 5 2 4 0  R17: 0 1 5 3 7 2 9 0  R18: 0 2 5 9 1 8 11 1 4 5 7 6 11 5 7 2 9 4 7 3 10 5 9 1 11 8 0  R19: 0 11 4 3 7 11 4 5 8 4 11 10 4 0  R20: 0 3 10 0  R21: 0 4 2 8 1 2 6 1 8 5 9 3 7 4 8 5 3 10 11 9 11 1 0  R22: 0 5 3 5 10 5 9 3 9 6 10 8 1 2 1 7 1 5 1 2 10 4 11 6 5 7 8 0  R23: 0 10 4 9 8 5 4 7 11 0  R24: 0 2 3 6 2 5 9 2 8 6 1 7 2 8 4 10 1 3 9 6 8 3 5 10 0  
[1588653.75, 11304.0]	582719,1236,158,22,5756,942,6694,0.1477272727272727	 250 R1: 0 9 2 5 4 3 5 1 7 10 4 1 11 3 7 8 0  R2: 0 2 9 2 9 0  R3: 0 1 3 7 3 2 5 1 6 9 5 1 9 1 5 3 8 3 11 9 6 11 5 10 9 0  R4: 0 9 1 5 9 4 5 3 10 8 1 9 1 7 1 6 5 11 2 7 2 4 8 6 0  R5: 0 8 2 5 9 8 1 2 3 1 3 7 6 4 9 10 1 2 11 6 10 9 8 11 0  R6: 0 10 6 2 5 8 1 6 9 11 6 11 0  R7: 0 2 9 0  R8: 0 1 3 2 5 9 7 1 2 8 1 4 3 2 1 5 8 6 5 3 10 4 8 9 0  R9: 0 5 4 10 4 2 9 2 5 11 3 4 5 10 9 3 8 6 8 10 4 2 9 0  R10: 0 9 11 10 11 4 8 6 8 1 3 1 5 8 0  R11: 0 3 9 10 3 2 9 10 3 10 7 5 2 8 10 6 4 1 6 5 9 11 8 3 4 0  R12: 0 7 1 3 11 5 3 9 6 10 4 11 8 1 2 5 1 9 7 10 6 4 6 11 0  R13: 0 1 5 11 3 7 2 9 4 11 9 10 5 8 0  R14: 0 8 4 3 0  R15: 0 8 5 0  R16: 0 1 5 3 7 4 2 0  R17: 0 1 5 3 5 9 0  R18: 0 2 5 0  R19: 0 1 5 4 2 9 0  R20: 0 6 2 1 9 0  R21: 0 5 3 10 4 6 2 7 10 8 5 6 1 3 5 2 3 7 9 3 5 9 6 5 9 1 11 4 0  R22: 0 2 7 1 8 5 11 1 7 3 7 2 7 6 2 11 9 7 3 7 2 10 6 5 0  
[1451753.625, 11520.0]	584755,1006,172,26,5159,960,7058,0.21153846153846156	 250 R1: 0 3 5 9 2 11 10 9 5 3 8 4 10 9 5 2 6 9 1 5 7 0  R2: 0 8 6 7 1 10 11 2 3 5 9 0  R3: 0 1 3 7 10 1 9 2 3 4 6 9 8 1 2 9 5 6 1 7 10 1 2 11 6 4 11 9 3 10 0  R4: 0 6 11 7 2 0  R5: 0 3 5 9 7 3 5 1 5 2 3 5 2 9 1 2 9 8 5 1 9 6 1 10 8 3 5 0  R6: 0 2 5 9 2 9 8 10 3 10 9 10 4 1 10 3 6 8 2 10 4 7 0  R7: 0 11 10 0  R8: 0 7 1 7 4 8 11 3 0  R9: 0 10 11 10 6 0  R10: 0 8 6 11 2 9 2 4 8 5 9 8 1 6 1 4 8 10 4 6 7 2 6 5 0  R11: 0 10 1 4 6 0  R12: 0 1 5 3 2 5 0  R13: 0 3 4 11 4 3 11 10 1 8 5 4 1 6 0  R14: 0 1 3 5 7 6 2 1 0  R15: 0 8 1 3 8 0  R16: 0 1 5 2 5 2 1 9 4 6 10 3 5 1 0  R17: 0 7 5 7 9 11 5 0  R18: 0 11 8 4 3 2 9 4 7 5 4 3 10 5 0  R19: 0 9 2 5 10 11 4 8 1 5 7 3 1 2 6 8 3 7 4 9 3 7 9 11 10 0  R20: 0 8 3 11 5 11 8 11 8 1 6 1 11 9 3 2 3 5 9 10 4 0  R21: 0 4 5 9 8 0  R22: 0 1 3 5 4 0  R23: 0 2 5 9 1 8 3 2 5 1 9 11 7 1 10 6 4 1 6 11 9 2 4 5 9 1 8 6 11 0  R24: 0 1 5 3 0  R25: 0 5 2 9 7 8 0  R26: 0 5 3 0  
[1654056.625, 10380.0]	578535,1252,180,26,5962,865,6677,0.21153846153846156	 250 R1: 0 5 9 2 9 10 9 8 10 6 3 2 10 6 3 10 9 11 7 4 8 5 2 0  R2: 0 4 3 7 1 5 6 11 5 2 11 9 3 5 10 4 11 5 3 8 1 0  R3: 0 5 7 3 9 5 2 10 3 1 6 7 8 1 10 9 11 3 9 1 5 6 4 10 5 0  R4: 0 1 3 5 2 9 5 0  R5: 0 9 7 9 6 0  R6: 0 5 9 7 2 6 11 8 5 7 9 11 4 2 11 6 8 1 3 2 0  R7: 0 3 5 9 10 2 9 8 4 2 5 6 10 3 1 11 9 7 8 6 1 10 5 9 11 2 4 0  R8: 0 10 11 8 5 0  R9: 0 2 5 7 2 0  R10: 0 8 3 4 0  R11: 0 10 4 0  R12: 0 2 5 0  R13: 0 10 6 8 0  R14: 0 10 3 10 8 6 11 8 6 1 10 5 9 1 7 4 5 1 6 3 5 4 6 11 9 0  R15: 0 8 4 1 3 2 3 10 8 10 5 4 1 10 1 6 4 7 1 3 8 10 0  R16: 0 10 4 0  R17: 0 1 3 5 6 2 9 0  R18: 0 7 11 5 7 0  R19: 0 1 5 1 3 4 5 0  R20: 0 7 5 2 5 2 9 3 1 2 3 9 8 7 5 2 6 4 9 5 7 10 2 6 10 1 4 11 0  R21: 0 11 5 8 1 5 1 4 9 2 3 1 2 5 7 1 2 6 5 8 9 10 0  R22: 0 9 1 3 11 5 0  R23: 0 4 7 4 5 2 4 3 8 3 2 6 9 11 10 0  R24: 0 1 3 5 0  R25: 0 1 5 0  R26: 0 2 1 9 7 1 5 1 6 8 11 6 11 1 2 9 3 7 3 2 9 1 8 1 8 3 4 11 0  
[1622063.25, 10980.0]	586298,1324,184,24,5853,915,6798,0.19791666666666663	 250 R1: 0 2 9 0  R2: 0 1 3 10 4 6 2 5 2 10 11 9 5 7 2 8 7 1 4 5 3 9 10 0  R3: 0 8 2 5 4 5 1 10 3 8 9 1 5 4 6 1 10 6 3 5 4 7 2 0  R4: 0 10 6 8 3 5 8 10 6 10 4 3 11 8 1 10 8 10 1 8 9 7 5 0  R5: 0 1 5 1 3 1 3 0  R6: 0 2 9 0  R7: 0 3 4 0  R8: 0 5 3 5 10 5 1 6 2 5 1 9 3 6 7 10 3 7 4 7 10 6 11 6 5 8 3 10 0  R9: 0 10 7 4 2 11 3 0  R10: 0 1 5 1 4 8 1 3 11 6 0  R11: 0 3 9 0  R12: 0 1 5 1 4 2 5 9 3 8 7 1 5 11 4 3 0  R13: 0 8 2 3 4 0  R14: 0 7 5 1 5 1 7 2 3 8 0  R15: 0 7 9 7 8 11 6 1 5 0  R16: 0 5 2 5 9 7 2 6 9 3 5 9 8 5 1 4 9 4 11 3 6 7 0  R17: 0 11 2 5 9 2 9 5 2 3 10 8 1 11 9 6 10 1 5 2 9 8 3 0  R18: 0 6 9 0  R19: 0 11 4 2 7 4 6 3 10 11 10 5 4 1 11 6 5 9 5 2 7 4 0  R20: 0 2 5 7 2 9 4 5 6 2 10 6 7 11 2 8 1 9 11 3 6 0  R21: 0 4 1 3 5 0  R22: 0 2 6 5 1 8 0  R23: 0 5 9 10 2 8 11 7 9 2 3 9 5 10 6 8 10 6 3 10 4 1 4 5 9 6 11 8 0  R24: 0 2 3 7 5 9 2 3 10 7 3 11 9 1 2 8 5 4 11 1 9 11 1 11 9 8 0  
[1595680.375, 11136.0]	585884,1229,186,30,5674,928,6820,0.2416666666666667	 250 R1: 0 4 3 5 1 0  R2: 0 6 10 9 6 11 5 4 1 2 4 7 9 0  R3: 0 9 6 5 0  R4: 0 9 5 0  R5: 0 5 9 5 1 11 5 4 2 9 5 9 2 1 11 9 6 5 2 9 4 10 0  R6: 0 5 1 3 1 3 2 5 7 5 7 4 3 9 10 3 8 1 10 4 2 11 9 8 0  R7: 0 3 1 3 4 7 5 2 9 8 7 3 5 2 6 1 9 1 7 8 5 4 9 6 7 10 0  R8: 0 3 1 3 1 8 6 7 1 4 5 11 9 11 8 3 7 1 6 4 2 5 7 2 11 10 0  R9: 0 5 7 5 11 7 10 5 6 9 2 3 1 5 3 6 4 5 3 5 6 1 9 1 8 5 0  R10: 0 2 5 2 4 1 9 0  R11: 0 8 10 4 0  R12: 0 6 11 3 9 0  R13: 0 11 9 7 10 0  R14: 0 2 5 2 9 0  R15: 0 10 6 0  R16: 0 10 1 2 4 8 0  R17: 0 8 10 6 4 8 1 10 8 10 3 10 5 7 1 2 8 4 10 6 10 1 11 0  R18: 0 10 6 11 8 0  R19: 0 4 8 9 7 11 0  R20: 0 1 3 5 0  R21: 0 1 3 5 0  R22: 0 8 3 2 0  R23: 0 1 3 5 0  R24: 0 8 3 2 9 5 11 6 11 8 1 10 6 3 7 3 2 4 11 9 0  R25: 0 9 11 1 3 5 0  R26: 0 2 5 7 8 1 9 0  R27: 0 7 3 5 0  R28: 0 1 5 0  R29: 0 5 7 2 5 9 7 2 9 4 10 6 5 1 4 1 7 2 5 1 5 3 10 5 6 8 3 5 9 0  R30: 0 2 9 1 3 10 4 2 5 10 11 8 1 4 3 6 7 10 8 2 4 8 3 10 9 6 11 0  
[1570428.75, 11520.0]	585208,1247,175,25,5634,960,6938,0.22999999999999998	 250 R1: 0 4 9 0  R2: 0 4 7 2 9 5 6 3 5 7 2 10 8 9 5 1 5 9 11 5 9 1 7 11 6 8 0  R3: 0 1 5 2 7 5 3 7 6 5 7 1 5 3 1 9 1 4 3 6 10 6 1 5 4 11 0  R4: 0 3 10 3 10 0  R5: 0 6 5 8 4 0  R6: 0 3 7 5 7 5 7 2 1 9 8 6 10 4 3 0  R7: 0 2 5 9 2 9 8 6 10 2 10 6 4 1 10 6 3 8 10 4 9 5 6 0  R8: 0 2 5 2 9 0  R9: 0 8 3 11 5 0  R10: 0 1 8 2 3 0  R11: 0 2 5 2 9 5 6 2 5 8 10 11 1 3 5 6 4 2 9 7 6 9 8 0  R12: 0 8 10 7 1 8 1 4 11 3 11 8 7 10 1 11 10 9 8 3 6 4 0  R13: 0 10 1 3 5 9 8 1 2 3 9 11 10 8 7 1 3 5 11 9 4 6 0  R14: 0 4 9 5 2 1 2 9 3 7 4 7 3 6 4 10 8 3 11 0  R15: 0 10 1 11 3 2 8 4 0  R16: 0 6 2 0  R17: 0 1 5 3 0  R18: 0 8 1 0  R19: 0 1 5 7 11 2 7 9 4 5 6 11 0  R20: 0 1 5 1 3 2 3 0  R21: 0 1 5 3 8 4 6 0  R22: 0 7 2 0  R23: 0 4 3 5 1 6 10 11 3 9 10 3 6 8 5 4 1 2 9 6 1 9 11 10 8 0  R24: 0 5 9 7 5 11 8 5 1 4 10 5 2 9 1 4 5 3 9 4 5 7 2 3 6 5 4 0  R25: 0 2 1 9 1 5 9 4 7 3 1 2 1 11 1 7 4 9 5 3 10 11 9 8 0  
[1530242.5, 12552.0]	551257,999,165,22,5543,1046,6624,0.15909090909090906	 250 R1: 0 1 3 11 2 8 1 5 11 8 4 1 9 0  R2: 0 2 9 0  R3: 0 10 4 0  R4: 0 9 5 9 6 7 0  R5: 0 1 3 5 1 3 2 3 9 6 5 10 11 10 8 0  R6: 0 1 4 2 5 2 9 0  R7: 0 3 10 8 7 1 4 5 9 2 3 11 6 9 1 7 10 3 9 4 7 2 8 11 9 0  R8: 0 1 3 5 11 8 1 9 7 0  R9: 0 5 8 3 5 1 8 9 10 6 10 11 5 1 4 8 1 8 3 6 0  R10: 0 3 9 5 2 5 9 11 5 10 7 3 9 1 6 7 2 5 7 3 1 5 9 1 10 8 11 0  R11: 0 6 2 5 2 5 8 3 9 8 2 6 5 1 3 8 7 0  R12: 0 1 5 1 4 3 7 6 7 1 0  R13: 0 7 5 3 7 5 9 3 7 6 1 10 9 4 3 5 1 7 4 8 3 2 6 5 10 11 0  R14: 0 7 9 7 8 7 5 6 11 2 0  R15: 0 5 6 5 2 9 2 1 4 6 8 9 3 4 5 10 6 3 10 4 9 1 6 10 8 3 7 11 0  R16: 0 7 2 0  R17: 0 1 5 10 2 5 9 8 0  R18: 0 2 7 3 2 5 8 7 11 5 7 2 8 10 4 2 11 3 9 0  R19: 0 3 6 4 10 6 5 9 0  R20: 0 4 9 5 6 7 10 8 4 5 1 2 5 7 1 11 8 6 1 2 4 9 11 10 8 0  R21: 0 9 1 0  R22: 0 2 5 9 2 4 9 2 10 6 10 4 3 2 1 11 1 6 5 8 10 7 9 11 4 9 2 0  
